id,name,address,city,state,zip,county,trauma_designation,trauma_level,hospital_type,beds,helipad,x,y,source_date
0000799508,Alaska Native Medical Center,4315 Diplomacy Drive,Anchorage,AK,99508,Anchorage,LEVEL II,Level II,Critical Access,173,N,-149.800293,61.18295,2024-04-22
0001799801,Bartlett Regional Hospital,3260 Hospital Dr,Juneau,AK,99801,Juneau,LEVEL IV,Level IV,General Acute Care,73,Y,-134.465153,58.32908,2024-03-15
0000699669,Central Peninsula General Hospital,250 Hospital Place,Soldotna,AK,99669,Kenai Peninsula,LEVEL II,Level II,General Acute Care,49,Y,-151.077827,60.493169,2024-03-15
0001299701,Fairbanks Memorial Hospital,1650 Cowles St,Fairbanks,AK,99701,Fairbanks North Star,LEVEL IV,Level IV,General Acute Care,152,Y,-147.739393,64.831745,2024-03-15
0001199576,Kanakanak Hospital,6000 Kanakanak Road,Dillingham,AK,99576,Dillingham,LEVEL IV,Level IV,Critical Access,14,N,-158.536312,59.000475,2024-04-22
0000499901,Ketchikan Medical Center,3100 Tongass Ave,Ketchikan,AK,99901,Ketchikan Gateway,LEVEL IV,Level IV,Critical Access,25,N,-131.685788,55.353719,2024-03-15
0002299752,Maniilaq Health Center - Hospital,436 5th Avenue,Kotzebue,AK,99752,Northwest Arctic,LEVEL IV,Level IV,Critical Access,17,N,-162.586826,66.896002,2024-04-22
0002499645,Mat - Su Regional Medical Center,2500 South Woodworth Loop,Palmer,AK,99645,Matanuska-Susitna,LEVEL IV,Level IV,General Acute Care,125,Y,-149.258311,61.562894,2024-03-15
0002399762,Norton Sound Regional Hospital,1000 Greg Kruschek Ave,Nome,AK,99762,Nome,LEVEL IV,Level IV,Critical Access,18,N,-165.378408,64.499503,2024-03-15
0002599833,Petersburg Medical Center,103 Fram St,Petersburg,AK,99833,Petersburg,LEVEL IV,Level IV,Critical Access,12,N,-132.955205,56.812884,2024-03-15
0001099508,Providence Alaska Medical Center,3200 Providence Dr,Anchorage,AK,99508,Anchorage,LEVEL III,Level III,General Acute Care,401,Y,-149.819959,61.188763,2024-03-15
0001699615,Providence Kodiak Island Medical Center,1915 E Rezanof Dr,Kodiak,AK,99615,Kodiak Island,LEVEL IV,Level IV,Critical Access,25,N,-152.375608,57.8009,2024-03-15
0000599664,Providence Seward Medical And Care Center,417 First Ave,Seward,AK,99664,Kenai Peninsula,LEVEL IV,Level IV,Critical Access,6,Y,-149.446425,60.10502,2024-03-15
0002699686,Providence Valdez Medical Center,911 Meals Ave,Valdez,AK,99686,Chugach,LEVEL IV,Level IV,Critical Access,11,Y,-146.346552,61.136534,2024-03-15
0060599723,Samuel Simmonds Memorial Hospital,7000 Uula St,Utqiagvik,AK,99723,North Slope,LEVEL IV,Level IV,Critical Access,10,N,-156.729037,71.297725,2024-03-15
0001799835,Sitka - Searhc Mt. Edgecumbe Hospital,222 Tongass Drive,Sitka,AK,99835,Sitka,LEVEL IV,Level IV,Critical Access,25,N,-135.354877,57.051566,2024-04-22
0001899835,Sitka Community Hospital,209 Moller Avenue,Sitka,AK,99835,Sitka,LEVEL IV,Level IV,General Acute Care,27,N,-135.346935,57.059761,2024-03-15
0000399603,South Peninsula Hospital,4300 Bartlett St,Homer,AK,99603,Kenai Peninsula,LEVEL IV,Level IV,Critical Access,22,Y,-151.55013,59.65247,2024-03-15
0001999929,Wrangell Medical Center - Searhc,310 Bennett St,Wrangell,AK,99929,Wrangell,LEVEL IV,Level IV,Critical Access,8,N,-132.375804,56.471782,2024-03-15
0002099559,Yukon - Kuskokwim - Delta Regional Hospital,700 Eddie Hoffman Highway,Bethel,AK,99559,Bethel,LEVEL IV,Level IV,Critical Access,37,N,-161.784613,60.788342,2024-04-22
0001336420,Andalusia Health,"849 South Three Notch Street, Po Box 760",Andalusia,AL,36420,Covington,LEVEL III,Level III,General Acute Care,88,Y,-86.494549,31.295795,2024-04-11
0001535611,Athens Limestone Hospital,700 West Market Street,Athens,AL,35611,Limestone,LEVEL III,Level III,General Acute Care,71,N,-86.978407,34.804164,2024-04-11
0000136502,Atmore Community Hospital,401 Medical Park Dr,Atmore,AL,36502,Escambia,LEVEL III,Level III,General Acute Care,51,Y,-87.478799,31.017024,2024-04-11
0001736111,Baptist Medical Center South,"2105 East South Boulevard, Po Box 11010",Montgomery,AL,36111,Montgomery,LEVEL II,Level II,General Acute Care,432,Y,-86.277549,32.328154,2024-04-11
0196784204,Brookwood Baptist Medical Center,2010 Brookwood Medical Center Drive,Homewood,AL,35209,Jefferson,LEVEL III,Level III,General Acute Care,595,Y,-86.776665,33.46426,2024-04-11
0000735233,Children'S Hospital Of Alabama,1600 Seventh Avenue South,Birmingham,AL,35233,Jefferson,LEVEL I,Level I,Children,332,Y,-86.805159,33.504048,2024-04-11
0003035161,Citizens Baptist Medical Center,"604 Stone Avenue, Po Box 978",Talladega,AL,35161,Talladega,LEVEL III,Level III,General Acute Care,122,Y,-86.090783,33.440277,2024-04-11
0003336078,"Community Hospital, Inc",805 Friendship Road,Tallassee,AL,36078,Elmore,LEVEL III,Level III,General Acute Care,69,Y,-85.912247,32.53391,2024-04-11
0003435150,Coosa Valley Medical Center,315 West Hickory Street,Sylacauga,AL,35150,Talladega,LEVEL III,Level III,General Acute Care,168,N,-86.255488,33.16456,2024-04-11
0008435801,Crestwood Medical Center,1 Hospital Drive,Huntsville,AL,35801,Madison,LEVEL III,Level III,General Acute Care,180,N,-86.572172,34.693611,2024-04-11
0003735055,Cullman Regional Medical Center,1912 Alabama Highway 157,Cullman,AL,35058,Cullman,LEVEL III,Level III,General Acute Care,150,Y,-86.80573,34.201327,2024-04-11
0003836427,D. W. Mcmillan Memorial Hospital,"1301 Belleville Avenue, Po Drawer 908",Brewton,AL,36427,Escambia,LEVEL III,Level III,General Acute Care,91,Y,-87.073499,31.127034,2024-04-11
0000836360,Dale Medical Center,126 Hospital Avenue,Ozark,AL,36360,Dale,LEVEL III,Level III,General Acute Care,89,Y,-85.632088,31.451577,2024-04-11
0000935401,Dch Regional Medical Center,809 University Boulevard East,Tuscaloosa,AL,35401,Tuscaloosa,LEVEL III,Level III,General Acute Care,583,Y,-87.527419,33.204821,2024-04-11
0003935601,Decatur Morgan Hospital - Decatur Campus,1201 Seventh Street Southeast,Decatur,AL,35601,Morgan,LEVEL III,Level III,General Acute Care,273,Y,-86.971482,34.590344,2024-04-11
0004135968,Dekalb Regional Medical Center,"200 Medical Center Drive, Po Box 680778",Fort Payne,AL,35968,Dekalb,LEVEL III,Level III,General Acute Care,134,Y,-85.756218,34.44128,2024-04-11
0001236801,East Alabama Medical Center,2000 Pepperell Parkway,Opelika,AL,36801,Lee,LEVEL III,Level III,General Acute Care,314,Y,-85.404475,32.638525,2024-04-11
0001636302,Flowers Hospital,"4370 West Main Street, Po Box 6907",Dothan,AL,36305,Houston,LEVEL III,Level III,General Acute Care,235,Y,-85.457042,31.23743,2024-04-11
0004935903,Gadsden Regional Medical Center,1007 Goodyear Avenue,Gadsden,AL,35903,Etowah,LEVEL III,Level III,General Acute Care,346,Y,-85.965982,34.007736,2024-04-11
0013535243,Grandview Medical Center,3690 Grandview Parkway,Birmingham,AL,35243,Jefferson,LEVEL III,Level III,General Acute Care,434,Y,-86.717441,33.432934,2024-04-11
0005536451,Grove Hill Memorial Hospital,"295 Jackson Highway S, Po Box 935",Grove Hill,AL,36451,Clarke,LEVEL III,Level III,General Acute Care,50,Y,-87.776025,31.694302,2024-04-11
0006035660,Helen Keller Memorial Hospital,"1300 Smontgomery Avenue, Po Box 610",Sheffield,AL,35660,Colbert,LEVEL III,Level III,General Acute Care,185,Y,-87.700261,34.74595,2024-04-11
0006135768,Highlands Medical Center,"380 Woods Cove Road, Po Box 1050",Scottsboro,AL,35768,Jackson,LEVEL III,Level III,General Acute Care,170,Y,-86.047491,34.662038,2024-04-11
0006636106,"Jackson Hospital And Clinic, Inc",1725 Pine Street,Montgomery,AL,36106,Montgomery,LEVEL III,Level III,General Acute Care,344,Y,-86.285386,32.366953,2024-04-11
0006736545,Jackson Medical Center,"220 Hospital Drive, Po Box 428",Jackson,AL,36545,Clarke,LEVEL III,Level III,General Acute Care,35,Y,-87.895135,31.531068,2024-04-11
0007335976,Marshall Medical Centers North Campus,8000 Alabama Highway 69,Guntersville,AL,35976,Marshall,LEVEL III,Level III,General Acute Care,90,Y,-86.421352,34.364913,2024-04-11
0009135957,Marshall Medical Centers South Campus,"2505 Us Highway 431 South, Po Drawer 758",Boaz,AL,35957,Marshall,LEVEL III,Level III,General Acute Care,150,Y,-86.160628,34.221466,2024-04-11
0005136027,Medical Center Barbour,820 West Washington Street,Eufaula,AL,36027,Barbour,LEVEL III,Level III,General Acute Care,74,Y,-85.156405,31.888645,2024-04-11
0005336330,Medical Center Enterprise,400 North Edwards Street,Enterprise,AL,36330,Coffee,LEVEL III,Level III,General Acute Care,131,N,-85.85537,31.318772,2024-04-11
0005435021,"Medical West Hospital Authority, An Affiliate Of Uab Health System",995 Ninth Avenue Southwest,Bessemer,AL,35022,Jefferson,LEVEL III,Level III,General Acute Care,310,Y,-86.990748,33.371848,2024-04-11
0005636467,Mizell Memorial Hospital,"702 Main Street, Po Box 1010",Opp,AL,36467,Covington,LEVEL III,Level III,General Acute Care,99,N,-86.254527,31.291958,2024-04-11
0013636652,Mobile Infirmary Medical Center,"5 Mobile Infirmary Circle, Po Box 2144",Mobile,AL,36607,Mobile,LEVEL III,Level III,General Acute Care,681,Y,-88.079776,30.695725,2024-04-11
0007836461,Monroe County Hospital,"2016 South Alabama Avenue, Po Box 886",Monroeville,AL,36460,Monroe,LEVEL III,Level III,General Acute Care,94,Y,-87.320767,31.497817,2024-04-11
0008136202,"Noland Hospital Anniston Ii, Llc","400 East 10th Street, 4th Floor, Po Box 1578",Anniston,AL,36202,Calhoun,LEVEL III,Level III,Long Term Care,38,Y,-85.82324,33.655655,2024-04-11
0091436106,"Noland Hospital Montgomery Ii, Llc","1725 Pine Street, 5th Floor, North Wing, Po Box 11649",Montgomery,AL,36106,Montgomery,LEVEL III,Level III,Long Term Care,65,Y,-86.28579,32.366969,2024-04-11
0196784188,North Alabama Medical Center,1701 Veterans Drive,Florence,AL,35630,Lauderdale,LEVEL III,Level III,General Acute Care,263,Y,-87.650827,34.805098,2024-04-11
0009436507,North Baldwin Infirmary,"1815 Hand Avenue, Po Box 1409",Bay Minette,AL,36507,Baldwin,LEVEL III,Level III,General Acute Care,78,Y,-87.785022,30.903934,2024-04-11
0091636202,Northeast Alabama Regional Medical Center,"400 East 10th Street, Po Box 2208",Anniston,AL,36202,Calhoun,LEVEL III,Level III,General Acute Care,338,Y,-85.823242,33.655575,2024-04-11
0010035594,Northwest Medical Center,1530 U S Hwy 43,Winfield,AL,35594,Marion,LEVEL III,Level III,General Acute Care,49,Y,-87.824525,33.930538,2024-04-11
0000335211,Princeton Baptist Medical Center,701 Princeton Avenue Sw,Birmingham,AL,35211,Jefferson,LEVEL III,Level III,General Acute Care,505,Y,-86.847188,33.498007,2024-04-11
0010136685,Providence Hospital,"6801 Airport Boulevard, Po Box 850429",Mobile,AL,36685,Mobile,LEVEL III,Level III,General Acute Care,349,Y,-88.199079,30.679328,2024-04-11
0004036037,Regional Medical Center Of Central Alabama,29 Lv Stabler Drive,Greenville,AL,36037,Butler,LEVEL III,Level III,General Acute Care,72,Y,-86.646364,31.829034,2024-04-11
0010335999,Riverview Regional Medical Center,600 South Third Street,Gadsden,AL,35901,Etowah,LEVEL III,Level III,General Acute Care,281,Y,-86.003427,34.004326,2024-04-11
0010435010,Russell Medical Center,"3316 Highway 280, Po Box 939",Alexander City,AL,35010,Tallapoosa,LEVEL III,Level III,General Acute Care,81,Y,-85.969566,32.930213,2024-04-11
0010535653,Russellville Hospital,"15155 Highway 43, Po Box 1089",Russellville,AL,35653,Franklin,LEVEL III,Level III,General Acute Care,100,Y,-87.718386,34.510818,2024-04-11
0000535259,Select Specialty Hospital - Birmingham,"2010 Brookwood Medical Center Drive, 3rd Floor",Birmingham,AL,35209,Jefferson,LEVEL III,Level III,Long Term Care,38,Y,-86.776253,33.463731,2024-04-11
0010735007,Shelby Baptist Medical Center,1000 First Street North,Alabaster,AL,35007,Shelby,LEVEL III,Level III,General Acute Care,252,Y,-86.813043,33.252365,2024-04-11
0008636535,South Baldwin Regional Medical Center,1613 North Mckenzie Street,Foley,AL,36535,Baldwin,LEVEL III,Level III,General Acute Care,112,Y,-87.684686,30.425836,2024-04-11
0011036301,Southeast Health Medical Center,"1108 Ross Clark Circle, Po Box 6987",Dothan,AL,36301,Houston,LEVEL II,Level II,General Acute Care,420,Y,-85.363631,31.216304,2024-04-11
0011136608,Springhill Memorial Hospital,3719 Dauphin Street,Mobile,AL,36608,Mobile,LEVEL III,Level III,General Acute Care,263,Y,-88.131336,30.684517,2024-04-11
0008935205,St. Vincent'S Birmingham,810 St Vincent'S Drive,Birmingham,AL,35205,Jefferson,LEVEL III,Level III,General Acute Care,409,N,-86.789122,33.507477,2024-04-11
0009035235,St. Vincent'S East,50 Medical Park East Drive,Birmingham,AL,35235,Jefferson,LEVEL III,Level III,General Acute Care,362,Y,-86.667611,33.596155,2024-04-11
0011336201,Stringfellow Memorial Hospital,"301 East 18th Street, Po Box 38",Anniston,AL,36207,Calhoun,LEVEL III,Level III,General Acute Care,125,N,-85.823713,33.668236,2024-04-11
0006335801,The Huntsville Hospital,101 Sivley Road,Huntsville,AL,35801,Madison,LEVEL I,Level I,General Acute Care,881,Y,-86.580806,34.721433,2024-04-11
0011536532,Thomas Hospital,"750 Morphy Avenue, Po Drawer 929",Fairhope,AL,36532,Baldwin,LEVEL III,Level III,General Acute Care,176,N,-87.889447,30.518879,2024-04-11
0011736081,Troy Regional Medical Center,1330 Highway 231 South,Troy,AL,36081,Pike,LEVEL III,Level III,General Acute Care,97,Y,-85.945566,31.781516,2024-04-11
0011935233,University Of Alabama Hospital,619 South Nineteenth Street,Birmingham,AL,35233,Jefferson,LEVEL I,Level I,General Acute Care,1157,Y,-86.802035,33.505603,2024-04-11
0090736604,Usa Health Children'S And Women'S Hospital,1700 Center Street,Mobile,AL,36604,Mobile,LEVEL III,Level III,Children,152,Y,-88.077808,30.697684,2024-04-11
0009836617,Usa Health University Hospital,2451 Fillingim Street,Mobile,AL,36617,Mobile,LEVEL I,Level I,General Acute Care,406,Y,-88.098335,30.707062,2024-04-11
0012035502,Walker Baptist Medical Center,"3400 Highway 78, East, Po Box 3547",Jasper,AL,35502,Walker,LEVEL III,Level III,General Acute Care,267,Y,-87.236,33.842729,2024-04-11
0091836732,Whitfield Regional Hospital,105 Us Highway 80 East,Demopolis,AL,36732,Marengo,LEVEL III,Level III,General Acute Care,99,Y,-87.836399,32.504789,2024-04-11
0063872202,Arkansas Children'S Hospital,"1 Children'S Way, Slot 301",Little Rock,AR,72202,Pulaski,LEVEL I,Level I,Children,336,Y,-92.293177,34.743236,2024-03-21
0190372762,"Arkansas Children'S Northwest, Inc",2601 Gene George Boulevard,Springdale,AR,72762,Washington,LEVEL IV,Level IV,Children,24,Y,-94.190464,36.16241,2024-03-21
0187672401,Arkansas Continued Care Hospital Of Jonesboro,"3024 Red Wolf Boulevard, Suite 1",Jonesboro,AR,72401,Craighead,LEVEL IV,Level IV,General Acute Care,99,Y,-90.666568,35.808393,2024-03-21
0006272450,Arkansas Methodist Medical Center,900 West Kingshighway,Paragould,AR,72450,Greene,LEVEL IV,Level IV,General Acute Care,129,Y,-90.498457,36.051944,2024-03-21
0000971635,Ashley County Medical Center,1015 Unity Road,Crossett,AR,71635,Ashley,LEVEL IV,Level IV,Critical Access,33,Y,-91.938799,33.138454,2024-03-21
0009172901,Baptist Health - Fort Smith,1001 Towson Avenue,Fort Smith,AR,72901,Sebastian,LEVEL III,Level III,General Acute Care,492,Y,-94.419457,35.374948,2024-03-21
0003772956,Baptist Health - Van Buren,211 Crawford Memorial Drive,Van Buren,AR,72956,Crawford,LEVEL IV,Level IV,General Acute Care,103,Y,-94.338798,35.435401,2024-03-21
0002271923,Baptist Health Medical Center - Arkadelphia,3050 Twin Rivers Drive,Arkadelphia,AR,71923,Clark,LEVEL IV,Level IV,Critical Access,25,Y,-93.088824,34.122914,2024-03-21
0169772032,Baptist Health Medical Center - Conway,1555 Exchange Avenue,Conway,AR,72032,Faulkner,LEVEL III,Level III,General Acute Care,111,Y,-92.419571,35.056717,2024-03-21
0001372543,Baptist Health Medical Center - Heber Springs,1800 Bypass Road,Heber Springs,AR,72543,Cleburne,LEVEL IV,Level IV,Critical Access,25,Y,-91.997998,35.504501,2024-03-21
0006600000,Baptist Health Medical Center - Hot Spring County,1001 Schneider Drive,Malvern,AR,72104,Hot Spring,LEVEL IV,Level IV,General Acute Care,72,Y,-92.785888,34.358774,2024-03-21
0007372205,Baptist Health Medical Center - Little Rock,9601 Baptist Health Drive,Little Rock,AR,72205,Pulaski,LEVEL II,Level II,General Acute Care,827,Y,-92.380651,34.743893,2024-03-21
0005000000,Baptist Health Medical Center - North Little Rock,3333 Springhill Drive,North Little Rock,AR,72117,Pulaski,LEVEL III,Level III,General Acute Care,225,Y,-92.223409,34.783655,2024-03-21
0062472160,Baptist Health Medical Center-Stuttgart,1703 North Buerkle Road,Stuttgart,AR,72160,Arkansas,LEVEL IV,Level IV,General Acute Care,49,Y,-91.5583,34.517511,2024-03-21
0000272653,Baxter Regional Medical Center,624 Hospital Drive,Mountain Home,AR,72653,Baxter,LEVEL III,Level III,General Acute Care,268,Y,-92.396544,36.342103,2024-03-21
0007672833,Chambers Memorial Hospital,719 Detroit Street,Danville,AR,72833,Yell,LEVEL IV,Level IV,General Acute Care,42,Y,-93.388059,35.05443,2024-03-21
0005971913,Chi St. Vincent Hospital Hot Springs,300 Werner Street,Hot Springs,AR,71913,Garland,LEVEL II,Level II,General Acute Care,282,Y,-93.06627,34.468026,2024-03-21
0008672205,Chi St. Vincent Infirmary,2 St Vincent Circle,Little Rock,AR,72205,Pulaski,LEVEL II,Level II,General Acute Care,615,Y,-92.339394,34.75002,2024-03-21
0002472110,Chi St. Vincent Morrilton,4 Hospital Drive,Morrilton,AR,72110,Conway,LEVEL IV,Level IV,Critical Access,25,Y,-92.721351,35.168015,2024-03-21
0002171653,Chicot Memorial Medical Center,2729 South Highway 65 And Highway 82,Lake Village,AR,71653,Chicot,LEVEL IV,Level IV,Critical Access,25,Y,-91.290389,33.306599,2024-03-21
0004472034,Conway Regional Medical Center,2302 College Avenue,Conway,AR,72034,Faulkner,LEVEL III,Level III,General Acute Care,150,Y,-92.457884,35.085668,2024-03-21
0002571742,Dallas County Medical Center,201 Clifton Street,Fordyce,AR,71742,Dallas,LEVEL IV,Level IV,Critical Access,25,Y,-92.425588,33.810855,2024-03-21
0196784201,Dardanelle Hospital,200 North Third Street,Dardanelle,AR,72834,Yell,LEVEL IV,Level IV,Critical Access,35,N,-93.157265,35.220487,2024-03-21
0001072632,Eureka Springs Hospital Commission,24 Norris Street,Eureka Springs,AR,72632,Carroll,LEVEL IV,Level IV,Critical Access,15,Y,-93.744236,36.400164,2024-03-21
0001200000,Forrest City Medical Center,1601 Newcastle Road,Forrest City,AR,72335,St. Francis,LEVEL IV,Level IV,General Acute Care,118,Y,-90.775884,35.040019,2024-03-21
0001172576,Fulton County Hospital,679 North Main Street,Salem,AR,72576,Fulton,LEVEL IV,Level IV,Critical Access,25,Y,-91.810308,36.382901,2024-03-21
0005272315,Great River Medical Center,1520 North Division Street,Blytheville,AR,72315,Mississippi,LEVEL IV,Level IV,General Acute Care,99,Y,-89.917311,35.94302,2024-03-21
0064371852,Howard Memorial Hospital,130 Medical Circle,Nashville,AR,71852,Howard,LEVEL IV,Level IV,General Acute Care,20,Y,-93.880549,33.949723,2024-03-21
0006871603,Jefferson Regional Medical Center,1600 West 40th Avenue,Pine Bluff,AR,71603,Jefferson,LEVEL III,Level III,General Acute Care,300,Y,-92.01768,34.187735,2024-03-21
0001472830,Johnson Regional Medical Center,1100 East Poplar Street,Clarksville,AR,72830,Johnson,LEVEL IV,Level IV,General Acute Care,90,Y,-93.444081,35.461576,2024-03-21
0001871753,Magnolia Regional Medical Center,101 Hospital Drive,Magnolia,AR,71753,Columbia,LEVEL IV,Level IV,General Acute Care,49,Y,-93.239133,33.274198,2024-03-21
0001771730,Medical Center Of South Arkansas,700 West Grove Street,El Dorado,AR,71730,Union,LEVEL III,Level III,General Acute Care,166,Y,-92.671094,33.220727,2024-03-21
0003271953,Mena Regional Health System,311 North Morrow Street,Mena,AR,71953,Polk,LEVEL IV,Level IV,General Acute Care,65,Y,-94.221631,34.589054,2024-03-21
0004972927,Mercy Hospital Booneville,880 West Main Street,Booneville,AR,72927,Logan,LEVEL IV,Level IV,Critical Access,25,Y,-93.935171,35.140322,2024-03-21
0000372903,Mercy Hospital Fort Smith,7301 Rogers Avenue,Fort Smith,AR,72903,Sebastian,LEVEL III,Level III,General Acute Care,336,Y,-94.352055,35.355866,2024-03-21
0063072758,Mercy Hospital Northwest Arkansas,2710 South Rife Medical Lane,Rogers,AR,72758,Benton,LEVEL III,Level III,General Acute Care,275,Y,-94.182978,36.308993,2024-03-21
0062972949,Mercy Hospital Ozark,801 West River Street,Ozark,AR,72949,Franklin,LEVEL IV,Level IV,General Acute Care,25,Y,-93.833444,35.48582,2024-03-21
0005172855,Mercy Hospital Paris,500 East Academy,Paris,AR,72855,Logan,LEVEL IV,Level IV,Critical Access,16,Y,-93.724879,35.289293,2024-03-21
0062872958,Mercy Hospital Waldron,1341 West Sixth Street,Waldron,AR,72958,Scott,LEVEL IV,Level IV,General Acute Care,24,Y,-94.105868,34.894554,2024-03-21
0003300000,Nea Baptist Memorial Hospital,4800 East Johnson Avenue,Jonesboro,AR,72405,Craighead,LEVEL III,Level III,General Acute Care,228,Y,-90.636514,35.866829,2024-03-21
0000572601,North Arkansas Regional Medical Center,620 North Main Street,Harrison,AR,72601,Boone,LEVEL III,Level III,General Acute Care,174,Y,-93.109139,36.236531,2024-03-21
0002972764,Northwest Medical Center,609 West Maple Avenue,Springdale,AR,72764,Washington,LEVEL III,Level III,General Acute Care,222,Y,-94.136643,36.179877,2024-03-21
0000400000,Northwest Medical Center - Bentonville,3000 Medical Center Parkway,Bentonville,AR,72712,Benton,LEVEL III,Level III,General Acute Care,128,Y,-94.191357,36.339906,2024-03-21
0006171701,Ouachita County Medical Center,638 California Avenue,Camden,AR,71701,Ouachita,LEVEL IV,Level IV,General Acute Care,98,Y,-92.836739,33.575821,2024-03-21
0007572031,Ozark Health,2500 Highway 65 South,Clinton,AR,72031,Van Buren,LEVEL IV,Level IV,Critical Access,25,N,-92.452174,35.559501,2024-03-21
0002372454,Piggott Community Hospital,1206 Gordon Duckworth Drive,Piggott,AR,72454,Clay,LEVEL IV,Level IV,Critical Access,25,Y,-90.204838,36.390119,2024-03-21
0009072015,Saline Memorial Hospital,1 Medical Park Drive,Benton,AR,72015,Saline,LEVEL III,Level III,General Acute Care,177,Y,-92.58599,34.573353,2024-03-21
0000172761,Siloam Springs Regional Hospital,603 North Progress Avenue,Siloam Springs,AR,72761,Benton,LEVEL IV,Level IV,General Acute Care,73,Y,-94.507655,36.189784,2024-03-21
0005772370,South Mississippi County Regional Medical Center,611 West Lee Avenue,Osceola,AR,72370,Mississippi,LEVEL IV,Level IV,Critical Access,25,N,-89.97557,35.699705,2024-03-21
0008872455,St. Bernards Five Rivers Medical Center,2801 Medical Center Drive,Pocahontas,AR,72455,Randolph,LEVEL IV,Level IV,General Acute Care,50,Y,-90.997388,36.28976,2024-03-21
0003672401,St. Bernards Medical Center,225 East Washington Avenue,Jonesboro,AR,72401,Craighead,LEVEL III,Level III,General Acute Care,378,Y,-90.702619,35.836498,2024-03-21
0007272801,St. Mary'S Regional Medical Center,1808 West Main Street,Russellville,AR,72801,Pope,LEVEL III,Level III,General Acute Care,170,Y,-93.150078,35.283555,2024-03-21
0001672560,Stone County Medical Center,2106 East Main Street,Mountain View,AR,72560,Stone,LEVEL IV,Level IV,Critical Access,25,Y,-92.082865,35.856583,2024-03-21
0003072205,Uams Medical Center,4301 West Markham Street,Little Rock,AR,72205,Pulaski,LEVEL I,Level I,General Acute Care,450,Y,-92.320137,34.749025,2024-03-21
0061172112,Unity Health Harris Medical Center,1205 Mclain Street,Newport,AR,72112,Jackson,LEVEL IV,Level IV,General Acute Care,133,Y,-91.26506,35.608569,2024-03-21
0010172143,Unity Health White County Medical Center,3214 East Race Avenue,Searcy,AR,72143,White,LEVEL III,Level III,General Acute Care,245,Y,-91.697001,35.251886,2024-03-21
0009500000,Washington Regional Medical Center,3215 N North Hills Boulevard,Fayetteville,AR,72703,Washington,LEVEL II,Level II,General Acute Care,425,Y,-94.160052,36.109283,2024-03-21
0006772501,White River Medical Center,1710 Harrison Street,Batesville,AR,72501,Independence,LEVEL III,Level III,General Acute Care,224,Y,-91.634591,35.767869,2024-03-21
0006685032,Abrazo Scottsdale Campus,3929 East Bell Road,Phoenix,AZ,85032,Maricopa,LEVEL III,Level III,General Acute Care,120,Y,-111.99747,33.639758,2024-04-01
0009685338,Abrazo West Campus,13677 West Mcdowell Road,Goodyear,AZ,85395,Maricopa,LEVEL I,Level I,General Acute Care,200,Y,-112.3534,33.461588,2024-04-01
0001685006,Banner - University Medical Center Phoenix,1111 East Mcdowell Road,Phoenix,AZ,85006,Maricopa,LEVEL I,Level I,General Acute Care,766,Y,-112.057382,33.464421,2024-04-01
0067885713,Banner - University Medical Center South Campus,2800 East Ajo Way,Tucson,AZ,85713,Pima,LEVEL IV,Level IV,General Acute Care,245,Y,-110.930699,32.175855,2024-04-01
0067785724,Banner - University Medical Center Tucson Campus,1625 North Campbell Avenue,Tucson,AZ,85724,Pima,LEVEL I,Level I,Special,625,Y,-110.946307,32.241974,2024-04-01
0000985206,Banner Baywood Medical Center,6644 East Baywood Avenue,Mesa,AZ,85206,Maricopa,LEVEL III,Level III,General Acute Care,359,Y,-111.688,33.411005,2024-04-01
0001185351,Banner Boswell Medical Center,10401 West Thunderbird Boulevard,Sun City,AZ,85351,Maricopa,LEVEL IV,Level IV,General Acute Care,410,Y,-112.283667,33.604235,2024-04-01
0066885222,Banner Casa Grande Medical Center,1800 East Florence Boulevard,Casa Grande,AZ,85122,Pinal,LEVEL IV,Level IV,General Acute Care,141,Y,-111.710749,32.881155,2024-04-01
0001285375,Banner Del E. Webb Medical Center,14502 West Meeker Boulevard,Sun City West,AZ,85375,Maricopa,LEVEL III,Level III,General Acute Care,391,Y,-112.372506,33.659689,2024-04-01
0001385202,Banner Desert Medical Center,1400 South Dobson Road,Mesa,AZ,85202,Maricopa,LEVEL I,Level I,General Acute Care,605,Y,-111.877568,33.389477,2024-04-01
0001485037,Banner Estrella Medical Center,9201 West Thomas Road,Phoenix,AZ,85037,Maricopa,LEVEL IV,Level IV,General Acute Care,317,Y,-112.257791,33.478607,2024-04-01
0001585234,Banner Gateway Medical Center,1900 North Higley Road,Gilbert,AZ,85234,Maricopa,LEVEL IV,Level IV,General Acute Care,177,Y,-111.723,33.384754,2024-04-01
0001885140,Banner Ironwood Medical Center,37000 North Gantzel Road,Queen Creek,AZ,85140,Pinal,LEVEL IV,Level IV,General Acute Care,89,Y,-111.565591,33.214435,2024-04-01
0006785541,Banner Payson Medical Center,807 South Ponderosa Drive,Payson,AZ,85541,Gila,LEVEL IV,Level IV,Critical Access,25,Y,-111.320651,34.230077,2024-04-01
0001985306,Banner Thunderbird Medical Center,5555 West Thunderbird Road,Glendale,AZ,85306,Maricopa,LEVEL I,Level I,General Acute Care,595,Y,-112.179685,33.608354,2024-04-01
0002085602,Benson Hospital,450 South Ocotillo Avenue,Benson,AZ,85602,Cochise,LEVEL IV,Level IV,Critical Access,22,Y,-110.308119,31.965105,2024-04-01
0016085635,Canyon Vista Medical Center,5700 East Highway 90,Sierra Vista,AZ,85635,Cochise,LEVEL III,Level III,General Acute Care,100,Y,-110.22978,31.552418,2024-04-01
0196784265,Carondelet Marana Hospital,5620 Cortaro Farms Road,Tucson,AZ,85742,Pima,LEVEL I,Level I,General Acute Care,8,N,-111.085312,32.3609,2024-04-01
0002985501,Cobre Valley Regional Medical Center,5880 South Hospital Drive,Globe,AZ,85501,Gila,LEVEL IV,Level IV,Critical Access,25,Y,-110.826408,33.406044,2024-04-01
0003085603,Copper Queen Community Hospital,101 Cole Avenue,Bisbee,AZ,85603,Cochise,LEVEL IV,Level IV,Critical Access,14,Y,-109.883028,31.417811,2024-04-01
0192185607,Copper Queen Douglas Emergency Department,100 E. 5th Street,Douglas,AZ,85607,Cochise,LEVEL IV,Level IV,General Acute Care,,N,-109.560682,31.339594,2024-04-01
0067185224,Dignity Community Care,1955 West Frye Road,Chandler,AZ,85224,Maricopa,LEVEL I,Level I,General Acute Care,429,Y,-111.874612,33.297391,2024-04-01
0003286001,Flagstaff Medical Center,1200 North Beaver Street,Flagstaff,AZ,86001,Coconino,LEVEL I,Level I,General Acute Care,268,Y,-111.643948,35.209646,2024-04-01
0003786403,Havasu Regional Medical Center,101 Civic Center Lane,Lake Havasu City,AZ,86403,Mohave,LEVEL III,Level III,General Acute Care,152,Y,-114.33879,34.480454,2024-04-01
0004485027,Honorhealth Deer Valley Medical Center,19829 North 27th Avenue,Phoenix,AZ,85027,Maricopa,LEVEL I,Level I,General Acute Care,204,Y,-112.116067,33.666128,2024-04-01
0004585020,Honorhealth John C. Lincoln Medical Center,250 East Dunlap Avenue,Phoenix,AZ,85020,Maricopa,LEVEL I,Level I,General Acute Care,262,Y,-112.070771,33.569148,2024-04-01
0007285251,Honorhealth Scottsdale Osborn Medical Center,7400 East Osborn Road,Scottsdale,AZ,85251,Maricopa,LEVEL I,Level I,General Acute Care,325,Y,-111.922967,33.488394,2024-04-01
0005086409,Kingman Regional Medical Center,3269 Stockton Hill Road,Kingman,AZ,86409,Mohave,LEVEL IV,Level IV,General Acute Care,235,Y,-114.036977,35.220071,2024-04-01
0005185344,La Paz Regional Hospital,1200 West Mohave Road,Parker,AZ,85344,La Paz,LEVEL IV,Level IV,Critical Access,25,Y,-114.28522,34.136432,2024-04-01
0005286047,Little Colorado Medical Center,1501 North Williamson Avenue,Winslow,AZ,86047,Navajo,LEVEL IV,Level IV,Critical Access,25,Y,-110.692509,35.035808,2024-04-01
0005985209,"Mountain Vista Medical Center, Lp",1301 South Crismon Road,Mesa,AZ,85209,Maricopa,LEVEL III,Level III,General Acute Care,178,Y,-111.611163,33.391497,2024-04-01
0006085546,Mt. Graham Regional Medical Center,1600 South 20th Avenue,Safford,AZ,85546,Graham,LEVEL IV,Level IV,General Acute Care,25,Y,-109.735157,32.822755,2024-04-01
0006185643,"Northern Cochise Community Hospital, Inc",901 West Rex Allen Drive,Willcox,AZ,85643,Cochise,LEVEL IV,Level IV,Critical Access,24,Y,-109.838144,32.264967,2024-04-01
0006586040,Page Hospital,501 North Navajo Drive,Page,AZ,86040,Coconino,LEVEL IV,Level IV,Critical Access,25,Y,-111.463587,36.917648,2024-04-01
0196785392,Phoenix Children'S Hospital - Arrowhead Campus,19007 North 67th Avenue,Glendale,AZ,85308,Maricopa,LEVEL IV,Level IV,Children,,NOT AVAILABLE,-112.201582,33.655054,2025-02-01
0177585542,San Carlos Apache Healthcare Corp,103 Medicine Way Road,Peridot,AZ,85542,Graham,LEVEL IV,Level IV,General Acute Care,,Y,-110.417876,33.295758,2024-04-01
0066985711,St Joseph'S Hospital,350 North Wilmot Road,Tucson,AZ,85711,Pima,LEVEL III,Level III,General Acute Care,486,Y,-110.855122,32.226506,2024-04-01
0067685305,St Joseph'S Westgate Medical Center,7300 North 99th Avenue,Glendale,AZ,85307,Maricopa,LEVEL IV,Level IV,General Acute Care,23,Y,-112.275532,33.542427,2024-04-01
0008285013,St. Joseph'S Hospital And Medical Center,350 West Thomas Road,Phoenix,AZ,85013,Maricopa,LEVEL I,Level I,General Acute Care,586,Y,-112.079403,33.480971,2024-04-01
0008585901,Summit Healthcare Regional Medical Center,2200 East Show Low Lake Road,Show Low,AZ,85901,Navajo,LEVEL IV,Level IV,General Acute Care,101,Y,-110.017701,34.202494,2024-04-01
0003286045,Tuba City Regional Health Care,167 N Main Street And East Elm Ave,Tuba City,AZ,86045,Coconino,LEVEL III,Level III,Critical Access,,Y,-111.236792,36.135855,2024-04-22
0005485008,Valleywise Health Medical Center,2601 East Roosevelt Street,Phoenix,AZ,85008,Maricopa,LEVEL I,Level I,General Acute Care,758,Y,-112.026413,33.457847,2024-04-01
0009586326,Verde Valley Medical Center,269 South Candy Lane,Cottonwood,AZ,86326,Yavapai,LEVEL IV,Level IV,General Acute Care,98,Y,-112.029565,34.73536,2024-04-01
0009786442,Western Arizona Regional Medical Center,2735 Silver Creek Road,Bullhead City,AZ,86442,Mohave,LEVEL IV,Level IV,General Acute Care,139,Y,-114.555048,35.110847,2024-04-01
0009985938,White Mountain Regional Medical Center,118 South Mountain Avenue,Springerville,AZ,85938,Apache,LEVEL IV,Level IV,Critical Access,21,N,-109.285258,34.131735,2024-04-01
0010085390,Wickenburg Community Hospital,520 Rose Lane,Wickenburg,AZ,85390,Maricopa,LEVEL IV,Level IV,Critical Access,19,Y,-112.739932,33.978364,2024-04-01
0010286301,Yavapai Regional Medical Center,1003 Willow Creek Road,Prescott,AZ,86301,Yavapai,LEVEL IV,Level IV,General Acute Care,146,Y,-112.481271,34.56022,2024-04-01
0010386314,Yavapai Regional Medical Center - East Campus,7700 East Florentine Road,Prescott Valley,AZ,86314,Yavapai,LEVEL IV,Level IV,General Acute Care,72,Y,-112.33038,34.590539,2024-04-01
0010485364,Yuma Regional Medical Center,2400 South Avenue A,Yuma,AZ,85364,Yuma,LEVEL IV,Level IV,General Acute Care,405,Y,-114.635383,32.682747,2024-04-01
0037595901,Adventist Health And Rideout,726 4th St,Marysville,CA,95901,Yuba,LEVEL III,Level III,General Acute Care,221,Y,-121.593912,39.138005,2024-03-15
0013595490,Adventist Health Howard Memorial,1 Marcela Drive,Willits,CA,95490,Mendocino,LEVEL IV,Level IV,Critical Access,25,Y,-123.33873,39.389699,2024-03-15
0167795482,Adventist Health Ukiah Valley,275 Hospital Dr,Ukiah,CA,95482,Mendocino,LEVEL IV,Level IV,General Acute Care,68,Y,-123.202808,39.152906,2024-03-15
0001993534,Antelope Valley Hospital,1600 W Avenue J,Lancaster,CA,93534,Los Angeles,LEVEL II,Level II,General Acute Care,390,Y,-118.158826,34.688269,2024-03-15
0002092324,Arrowhead Regional Medical Center,400 N Pepper Ave,Colton,CA,92324,San Bernardino,LEVEL II,Level II,General Acute Care,366,Y,-117.351005,34.07399,2024-03-15
0003196130,Banner Lassen Medical Center,1800 Spring Ridge Dr,Susanville,CA,96130,Lassen,LEVEL IV,Level IV,Critical Access,25,Y,-120.627728,40.436883,2024-03-15
0003496150,Barton Memorial Hospital,2170 South Avenue,South Lake Tahoe,CA,96150,El Dorado,LEVEL III,Level III,General Acute Care,63,Y,-119.996547,38.911579,2024-03-15
0004690015,California Hospital Medical Center - Los Angeles,1401 S Grand Ave,Los Angeles,CA,90015,Los Angeles,LEVEL II,Level II,General Acute Care,318,N,-118.265976,34.037354,2024-03-15
0005590048,Cedar Sinai Medical Center,8700 Beverly Blvd,West Hollywood,CA,90048,Los Angeles,"LEVEL I, LEVEL II PEDIATRIC",Level I,General Acute Care,889,Y,-118.380712,34.076294,2024-03-15
0196785283,Cedars-Sinai Medical Center,8700 Beverly Boulevard,Los Angeles,CA,90048,Los Angeles,LEVEL I,Level I,General Acute Care,915,Y,-118.380161,34.075405,2024-03-15
0006092691,Children'S Hospital At Mission,27700 Medical Center Rd,Mission Viejo,CA,92691,Orange,LEVEL II PEDIATRIC,Pediatric Level II,Children,54,Y,-117.665823,33.560404,2024-03-15
0196784382,Children'S Hospital Los Angeles,4650 W Sunset Blvd,Los Angeles,CA,90027,Los Angeles,LEVEL I PEDIATRIC,Pediatric Level I,Children,495,Y,-118.290028,34.097473,2024-03-15
0070892868,Children'S Hospital Of Orange County,1201 W La Veta Ave,Orange,CA,92868,Orange,LEVEL II PEDIATRIC,Pediatric Level II,Children,334,Y,-117.865776,33.78081,2024-03-15
0008693721,Community Regional Medical Center,2823 Fresno St,Fresno,CA,93721,Fresno,LEVEL I,Level I,General Acute Care,685,Y,-119.78524,36.74389,2024-03-15
0010092262,Desert Regional Medical Center,1150 N Indian Canyon Dr,Palm Springs,CA,92262,Riverside,LEVEL II,Level II,General Acute Care,353,Y,-116.543454,33.838668,2024-03-15
0010495350,Doctors Medical Center,1441 Florida Ave,Modesto,CA,95350,Stanislaus,LEVEL II,Level II,General Acute Care,394,Y,-120.997021,37.665148,2024-03-15
0011594546,Eden Medical Center,20103 Lake Chabot Road,Castro Valley,CA,94546,Alameda,LEVEL II,Level II,General Acute Care,130,Y,-122.089861,37.698305,2024-03-15
0012092243,El Centro Regional Medical Center,1415 Ross Ave,El Centro,CA,92243,Imperial,LEVEL IV,Level IV,General Acute Care,161,Y,-115.568728,32.780435,2024-03-15
0012595926,Enloe Medical Center - Esplanade,1531 Esplanade,Chico,CA,95926,Butte,LEVEL II,Level II,General Acute Care,228,Y,-121.850394,39.741828,2024-03-15
0012796097,Fairchild Medical Center,444 Bruce St,Yreka,CA,96097,Siskiyou,LEVEL IV,Level IV,Critical Access,28,N,-122.645717,41.719373,2024-03-15
0014895988,Glenn Medical Center,1133 W Sycamore St,Willows,CA,95988,Glenn,LEVEL IV,Level IV,Critical Access,47,N,-122.208045,39.521279,2024-03-15
0016491355,Henry Mayo Newhall Hospital,23845 Mcbean Pkwy,Valencia,CA,91355,Los Angeles,LEVEL II,Level II,General Acute Care,334,Y,-118.553879,34.397727,2024-03-15
0196784398,Henry Mayo Newhall Memorial Hospital D/P Aph,25727 Mcbean Pkwy,Valencia,CA,91355,Los Angeles,LEVEL II,Level II,Psychiatric,23,Y,-118.552634,34.398859,2024-03-15
0000594602,Highland Hospital,1411 E 31st Street,Oakland,CA,94602,Alameda,LEVEL I,Level I,General Acute Care,169,N,-122.231196,37.798802,2024-03-15
0196784380,Huntington Hospital,100 W California Blvd,Pasadena,CA,91105,Los Angeles,LEVEL II,Level II,General Acute Care,578,Y,-118.152383,34.134454,2024-03-15
0017491105,Huntington Memorial Hospital D/P Aph,100 W California Blvd,Pasadena,CA,91105,Los Angeles,LEVEL II,Level II,Psychiatric,41,Y,-118.152984,34.134385,2024-03-15
0018194598,John Muir Medical Center - Walnut Creek Campus,1601 Ygnacio Valley Road,Walnut Creek,CA,94598,Contra Costa,LEVEL II,Level II,General Acute Care,554,Y,-122.041256,37.91291,2024-03-15
0020795823,Kaiser Foundation Hospital - South Sacramento,6600 Bruceville Road,Sacramento,CA,95823,Sacramento,LEVEL II,Level II,General Acute Care,241,Y,-121.422547,38.470638,2024-03-15
0021795688,Kaiser Foundation Hospital - Vacaville,1 Quality Dr,Vacaville,CA,95688,Solano,LEVEL II,Level II,General Acute Care,144,Y,-121.939105,38.388628,2024-03-15
0022193291,Kaweah Health Medical Center,400 W Mineral King Ave,Visalia,CA,93291,Tulare,LEVEL III,Level III,General Acute Care,480,Y,-119.295101,36.327843,2024-03-15
0022793306,Kern Medical Center,1700 Mount Vernon Ave,Bakersfield,CA,93306,Kern,LEVEL II,Level II,General Acute Care,197,Y,-118.969774,35.382499,2024-03-15
0024890502,Lac - Harbor Ucla Medical Center,1000 W Carson St,Torrance,CA,90502,Los Angeles,"LEVEL I ADULT, LEVEL II PEDIATRIC",Level I,General Acute Care,415,Y,-118.291714,33.830474,2024-03-15
0024790033,Lac Usc Medical Center,1200 N State St,Los Angeles,CA,90033,Los Angeles,"LEVEL I ADULT, LEVEL II PEDIATRIC",Level I,General Acute Care,600,Y,-118.208357,34.059562,2024-03-15
0025992354,Loma Linda University Medical Center,11234 Anderson St,Loma Linda,CA,92354,San Bernardino,"LEVEL I ADULT, LEVEL I PEDIATRIC",Level I,General Acute Care,320,Y,-117.264012,34.049667,2024-03-15
0196785267,Los Angeles General Medical Center,2051 Marengo St,Los Angeles,CA,90033,Los Angeles,LEVEL I,Level I,General Acute Care,600,Y,-118.208441,34.059659,2024-03-15
0026991360,Los Robles Hospital And Medical Center,215 W Janss Rd,Thousand Oaks,CA,91360,Ventura,LEVEL II,Level II,General Acute Care,325,Y,-118.882895,34.207971,2024-03-15
0027094304,Lucile Salter Packard Children'S Hospital Stanford,725 Welch Rd,Palo Alto,CA,94304,Santa Clara,"LEVEL I ADULT, LEVEL I PEDIATRIC",Level I,Children,456,Y,-122.17539,37.436005,2024-03-15
0027195521,Mad River Community Hospital,3800 Janes Rd,Arcata,CA,95521,Humboldt,LEVEL IV,Level IV,General Acute Care,78,Y,-124.091189,40.896057,2024-03-15
0027493454,Marian Regional Medical Center,1400 E Church St,Santa Maria,CA,93454,Santa Barbara,LEVEL III,Level III,General Acute Care,226,Y,-120.413131,34.9512,2024-03-15
0027694904,Marinhealth Medical Center,250 Bon Air Rd,Greenbrae,CA,94904,Marin,LEVEL III,Level III,General Acute Care,310,N,-122.535859,37.947253,2024-03-15
0027995667,Marshall Medical Center,1100 Marshall Way,Placerville,CA,95667,El Dorado,LEVEL III,Level III,General Acute Care,111,N,-120.791412,38.724948,2024-03-15
0028295355,Memorial Medical Center,1700 Coffee Rd,Modesto,CA,95355,Stanislaus,LEVEL II,Level II,General Acute Care,419,Y,-120.97416,37.668325,2024-03-15
0026390806,Memorialcare Long Beach Medical Center,2801 Atlantic Ave,Long Beach,CA,90806,Los Angeles,"LEVEL II ADULT, LEVEL II PEDIATRIC",Level II,General Acute Care,411,Y,-118.18693,33.808195,2024-03-15
0011090806,Memorialcare Miller Children'S And Women'S Hospital Long Beach,2801 Atlantic Ave,Long Beach,CA,90806,Los Angeles,"LEVEL II ADULT, LEVEL II PEDIATRIC",Level II,Children,357,Y,-118.185458,33.808175,2024-03-15
0029296067,Mercy Medical Center Mt. Shasta,914 Pine St,Mount Shasta,CA,96067,Siskiyou,LEVEL III,Level III,Critical Access,33,Y,-122.321126,41.318657,2024-03-15
0029196001,Mercy Medical Center Redding,2175 Rosaline Ave,Redding,CA,96001,Shasta,LEVEL II,Level II,General Acute Care,266,Y,-122.395411,40.571925,2024-03-15
0029395608,Mercy San Juan Medical Center,6501 Coyle Avenue,Carmichael,CA,95608,Sacramento,LEVEL II,Level II,General Acute Care,384,Y,-121.314108,38.669829,2024-03-15
0031393906,Natividad Medical Center,1441 Constitution Blvd,Salinas,CA,93906,Monterey,LEVEL II,Level II,General Acute Care,150,Y,-121.631709,36.69876,2024-03-15
0031694533,Northbay Medical Center,1200 B Gale Wilson Blvd,Fairfield,CA,94533,Solano,LEVEL III,Level III,General Acute Care,154,Y,-122.047548,38.261831,2024-03-15
0032191328,Northridge Hospital Medical Center,18300 Roscoe Blvd,Northridge,CA,91325,Los Angeles,"LEVEL II ADULT, LEVEL II PEDIATRIC",Level II,General Acute Care,354,Y,-118.533068,34.219825,2024-03-15
0052792705,Orange County Global Medical Center,1001 N Tustin Ave,Santa Ana,CA,92705,Orange,LEVEL II,Level II,General Acute Care,254,Y,-117.833423,33.754384,2024-03-15
0072292025,Palomar Medical Center,2185 Citracado Pkwy,Escondido,CA,92029,San Diego,LEVEL II,Level II,General Acute Care,286,Y,-117.121371,33.122217,2024-03-15
0034992227,Pioneers Memorial Healthcare District,207 W Legion Rd,Brawley,CA,92227,Imperial,LEVEL IV,Level IV,General Acute Care,107,Y,-115.553799,32.959093,2024-03-15
0035391767,Pomona Valley Hospital Medical Center,1798 N Garey Ave,Pomona,CA,91767,Los Angeles,LEVEL II,Level II,General Acute Care,412,Y,-117.750552,34.076849,2024-03-15
0039094110,Priscilla Chan And Mark Zuckerberg San Francisco General Hospital And Trauma Center,1001 Potrero Ave,San Francisco,CA,94110,San Francisco,LEVEL I,Level I,General Acute Care,284,N,-122.405762,37.756576,2024-03-15
0036691356,Providence Cedars - Sinai Tarzana Medical Center,18321 Clark St,Tarzana,CA,91356,Los Angeles,"LEVEL I ADULT, LEVEL II PEDIATRIC",Level I,General Acute Care,249,N,-118.531904,34.170393,2024-03-15
0035991345,Providence Holy Cross Medical Center,15031 Rinaldi St,Mission Hills,CA,91345,Los Angeles,LEVEL II,Level II,General Acute Care,329,Y,-118.459808,34.279547,2024-03-15
0030492691,Providence Mission Hospital,27700 Medical Center Rd,Mission Viejo,CA,92691,Orange,"LEVEL II ADULT, LEVEL II PEDIATRIC",Level II,General Acute Care,345,Y,-117.665394,33.561015,2024-03-15
0036794558,Providence Queen Of The Valley Medical Center,1000 Trancas St,Napa,CA,94558,Napa,LEVEL III,Level III,General Acute Care,200,Y,-122.297057,38.324503,2024-03-15
0040695405,Providence Santa Rosa Memorial Hospital,1165 Montgomery Dr,Santa Rosa,CA,95405,Sonoma,LEVEL II,Level II,General Acute Care,283,Y,-122.70174,38.443749,2024-03-15
0045795501,Providence St. Joseph Hospital,2700 Dolbeer St,Eureka,CA,95501,Humboldt,LEVEL III,Level III,General Acute Care,138,Y,-124.142237,40.784122,2024-03-15
0036992123,Rady Children'S Hospital - San Diego,3020 Childrens Way,San Diego,CA,92123,San Diego,LEVEL I PEDIATRIC,Pediatric Level I,Children,444,Y,-117.151301,32.797959,2024-03-15
0037295116,Regional Medical Center Of San Jose,225 N Jackson Ave,San Jose,CA,95116,Santa Clara,LEVEL II,Level II,General Acute Care,258,Y,-121.848924,37.362316,2024-03-15
0037693555,Ridgecrest Regional Hospital,1081 N China Lake Blvd,Ridgecrest,CA,93555,Kern,LEVEL IV,Level IV,Critical Access,72,Y,-117.671251,35.640672,2024-03-15
0037892501,Riverside Community Hospital,4445 Magnolia Ave,Riverside,CA,92501,Riverside,LEVEL I,Level I,General Acute Care,478,Y,-117.380989,33.976554,2024-03-15
0037992555,Riverside University Health System - Medical Center,26520 Cactus Ave,Moreno Valley,CA,92555,Riverside,"LEVEL II ADULT, LEVEL II PEDIATRIC",Level II,General Acute Care,362,Y,-117.19583,33.911911,2024-03-15
0038190095,Ronald Reagan Ucla Medical Center,757 Westwood Blvd,Los Angeles,CA,90095,Los Angeles,"LEVEL I ADULT, LEVEL I PEDIATRIC",Level I,General Acute Care,446,Y,-118.446625,34.066554,2024-03-15
0039595231,San Joaquin General Hospital,500 W Hospital Road,French Camp,CA,95231,San Joaquin,LEVEL II,Level II,General Acute Care,152,Y,-121.282677,37.886726,2024-03-15
0074193102,Santa Barbara Cottage Hospital,400 West Pueblo Street,Santa Barbara,CA,93105,Santa Barbara,"LEVEL I ADULT, LEVEL II PEDIATRIC",Level I,General Acute Care,461,Y,-119.723809,34.429467,2024-03-15
0040495128,Santa Clara Valley Medical Center,751 S Bascom Ave,San Jose,CA,95128,Santa Clara,"LEVEL I ADULT, LEVEL II PEDIATRIC",Level I,General Acute Care,681,Y,-121.932963,37.31289,2024-03-15
0041092024,Scripps Memorial Hospital - Encinitas,354 Santa Fe Dr,Encinitas,CA,92024,San Diego,LEVEL II,Level II,General Acute Care,187,Y,-117.284183,33.037345,2024-03-15
0041192037,Scripps Memorial Hospital - La Jolla,9888 Genesee Ave,La Jolla,CA,92037,San Diego,LEVEL II,Level II,General Acute Care,426,Y,-117.22546,32.885185,2024-03-15
0041292103,Scripps Mercy Hospital,4077 5th Ave,San Diego,CA,92103,San Diego,LEVEL I,Level I,General Acute Care,446,Y,-117.160054,32.751431,2024-03-15
0041696020,Seneca District Hospital,130 Brentwood Dr,Chester,CA,96020,Plumas,LEVEL IV,Level IV,Critical Access,10,N,-121.234768,40.305763,2024-03-15
0042492123,Sharp Memorial Hospital,7901 Frost St,San Diego,CA,92123,San Diego,LEVEL II,Level II,General Acute Care,656,Y,-117.154473,32.799284,2024-03-15
0044592595,Southwest Healthcare System,36485 Inland Valley Dr,Wildomar,CA,92595,Riverside,LEVEL II,Level II,General Acute Care,120,Y,-117.237601,33.591682,2024-03-15
0044896080,St. Elizabeth Community Hospital,2550 Sister Mary Columba Dr,Red Bluff,CA,96080,Tehama,LEVEL III,Level III,General Acute Care,76,Y,-122.219053,40.148495,2024-03-15
0044990262,St. Francis Medical Center,3630 E Imperial Hwy,Lynwood,CA,90262,Los Angeles,LEVEL II,Level II,General Acute Care,314,Y,-118.20328,33.929572,2024-03-15
0046390801,St. Mary Medical Center,1050 Linden Ave,Long Beach,CA,90813,Los Angeles,LEVEL II,Level II,General Acute Care,360,Y,-118.186115,33.780423,2024-03-15
0046894305,Stanford Health Care,300 Pasteur Dr,Stanford,CA,94305,Santa Clara,LEVEL I,Level I,General Acute Care,206,Y,-122.174883,37.434652,2024-03-15
0047595531,Sutter Coast Hospital,800 E Washington Blvd,Crescent City,CA,95531,Del Norte,LEVEL IV,Level IV,General Acute Care,49,N,-124.194123,41.773727,2024-03-15
0047995453,Sutter Lakeside Hospital,5176 Hill Rd E,Lakeport,CA,95453,Lake,LEVEL IV,Level IV,Critical Access,30,Y,-122.90669,39.104953,2024-03-15
0048495661,Sutter Roseville Medical Center,1 Medical Plaza Dr,Roseville,CA,95661,Placer,LEVEL II,Level II,General Acute Care,382,Y,-121.249309,38.76616,2024-03-15
0043493405,Tenet Health Central Coast Sierra Vista Regional Medical Center,1010 Murray Ave,San Luis Obispo,CA,93405,San Luis Obispo,LEVEL III,Level III,General Acute Care,162,Y,-120.666051,35.291797,2024-03-15
0051092103,Uc San Diego Health Hillcrest - Hillcrest Medical Center,200 W Arbor Dr,San Diego,CA,92103,San Diego,LEVEL I,Level I,General Acute Care,381,Y,-117.165731,32.75477,2024-03-15
0006494609,Ucsf Benioff Children'S Hospital Oakland,747 52nd Street,Oakland,CA,94609,Alameda,LEVEL I PEDIATRIC,Pediatric Level I,Children,215,Y,-122.267421,37.837037,2024-03-15
0051195817,University Of California Davis Medical Center,2315 Stockton Boulevard,Sacramento,CA,95817,Sacramento,"LEVEL I ADULT, LEVEL I PEDIATRIC",Level I,General Acute Care,646,Y,-121.455456,38.55493,2024-03-15
0051292668,University Of California Irvine Medical Center,101 The City Dr S,Orange,CA,92868,Orange,"LEVEL I ADULT, LEVEL II PEDIATRIC",Level I,General Acute Care,459,Y,-117.888663,33.788787,2024-03-15
0006193638,Valley Children'S Hospital,9300 Valley Childrens Place,Madera,CA,93636,Madera,LEVEL II PEDIATRIC,Pediatric Level II,Children,358,Y,-119.800242,36.884048,2024-03-15
0051793003,Ventura County Medical Center,300 Hillmont Ave,Ventura,CA,93003,Ventura,LEVEL II,Level II,General Acute Care,180,Y,-119.252134,34.27735,2024-03-15
0196785168,Advent Health Porter,2525 S Downing St,Denver,CO,80210,Denver,Level III,Level III,General Acute Care,368,Y,-104.975316,39.670242,2024-01-31
0008381050,Arkansas Valley Regional Medical Center,1100 Carson Ave,La Junta,CO,81050,Otero,LEVEL IV,Level IV,General Acute Care,25,Y,-103.549579,37.978067,2024-01-31
0008681611,Aspen Valley Hospital,401 Castle Creek Rd,Aspen,CO,81611,Pitkin,LEVEL III,Level III,General Acute Care,25,Y,-106.839539,39.190381,2024-01-31
0154280109,Castle Rock Adventist Hospital,2350 Meadows Blvd,Castle Rock,CO,80109,Douglas,LEVEL III,Level III,General Acute Care,90,Y,-104.884564,39.40512,2024-01-31
0153580112,Centennial Hospital A Campus Of Tmca,14200 E Arapahoe Rd,Centennial,CO,80112,Arapahoe,LEVEL IV,Level IV,General Acute Care,20,Y,-104.823785,39.594183,2024-01-31
0001780027,Centura Health - Avista Adventist Hospital,100 Health Park Dr,Louisville,CO,80027,Boulder,LEVEL III,Level III,General Acute Care,114,Y,-105.151782,39.951909,2024-01-31
0001080122,Centura Health - Littleton Adventist Hospital,7700 S Broadway,Littleton,CO,80122,Arapahoe,LEVEL II,Level II,General Acute Care,231,Y,-104.986074,39.576331,2024-01-31
0004380907,Centura Health - Penrose - St Franci,2222 North Nevada Ave,Colorado Springs,CO,80907,El Paso,LEVEL II,Level II,General Acute Care,300,Y,-104.822338,38.865206,2024-01-31
0005880228,Centura Health - St Anthony Hospital,11600 W 2nd Pl,Lakewood,CO,80228,Jefferson,LEVEL I,Level I,General Acute Care,237,Y,-105.12928,39.716209,2024-01-31
0004980923,Centura Health - St Francis Medical Center,6001 E Woodmen Rd,Colorado Springs,CO,80923,El Paso,LEVEL III,Level III,General Acute Care,222,Y,-104.717482,38.938639,2024-01-31
0008881004,Centura Health - St Mary Corwin Medical Center,1008 Minnequa Ave,Pueblo,CO,81004,Pueblo,LEVEL III,Level III,General Acute Care,408,Y,-104.622578,38.233803,2024-01-31
0005181212,Centura Health - St Thomas More Hospital,1338 Phay Ave,Canon City,CO,81212,Fremont,LEVEL IV,Level IV,General Acute Care,25,Y,-105.230947,38.455292,2024-01-31
0007881521,Colorado Canyons Hospital And Medical Cen,300 W Ottley Ave,Fruita,CO,81521,Mesa,LEVEL IV,Level IV,General Acute Care,25,N,-108.736665,39.163684,2024-01-31
0008180701,Colorado Plains Medical Center,1000 Lincoln St,Fort Morgan,CO,80701,Morgan,LEVEL III,Level III,General Acute Care,50,Y,-103.795479,40.260021,2024-01-31
0153881501,Community Hospital,2351 G Rd,Grand Junction,CO,81505,Mesa,LEVEL III,Level III,General Acute Care,60,N,-108.615186,39.104942,2024-01-31
0002581416,Delta County Memorial Hospital,1501 E 3rd St,Delta,CO,81416,Delta,LEVEL IV,Level IV,General Acute Care,49,Y,-108.047019,38.744965,2024-01-31
0002780204,Denver Health Medical Center,777 Bannock St,Denver,CO,80204,Denver,LEVEL I,Level I,General Acute Care,555,Y,-104.990975,39.728201,2024-01-31
0008280723,East Morgan County Hospital,2400 W Edison St,Brush,CO,80723,Morgan,LEVEL IV,Level IV,General Acute Care,25,Y,-103.649478,40.255896,2024-01-31
0007080517,Estes Park Medical Center,555 Prospect Ave,Estes Park,CO,80517,Larimer,LEVEL IV,Level IV,General Acute Care,23,Y,-105.515112,40.371523,2024-01-31
0002180303,Foothills Hospital,4747 Arapahoe Ave,Boulder,CO,80303,Boulder,LEVEL II,Level II,General Acute Care,167,Y,-105.236252,40.016298,2024-01-31
0001880026,Good Samaritan Medical Center,200 Exempla Cir,Lafayette,CO,80026,Boulder,LEVEL II,Level II,General Acute Care,234,Y,-105.086559,39.970535,2024-01-31
0005381650,Grand River Medical Center,501 Airport Rd,Rifle,CO,81650,Garfield,LEVEL IV,Level IV,General Acute Care,25,Y,-107.770179,39.521233,2024-01-31
0005681230,Gunnison Valley Hospital,711 N Taylor St,Gunnison,CO,81230,Gunnison,LEVEL IV,Level IV,General Acute Care,24,Y,-106.924746,38.551395,2024-01-31
0008480731,Haxtun Hospital District,235 W Fletcher St,Haxtun,CO,80731,Phillips,LEVEL IV,Level IV,General Acute Care,25,N,-102.631398,40.641793,2024-01-31
0002281201,Heart Of The Rockies Regional Medical Center,1000 Rush Dr,Salida,CO,81201,Chaffee,LEVEL IV,Level IV,General Acute Care,25,Y,-106.008847,38.543212,2024-01-31
0196785411,Intermountain Health Lutheran Hospital,12911 W 40th Ave,Wheat Ridge,CO,80401,Jefferson,LEVEL II,Level II,General Acute Care,226,NOT AVAILABLE,-105.145135,39.772001,2025-01-16
0002380810,Keefe Memorial Hospital,602 N 6th St W,Cheyenne Wells,CO,80810,Cheyenne,LEVEL IV,Level IV,General Acute Care,25,Y,-102.355011,38.825728,2024-01-31
0006380807,Kit Carson County Memorial Hospital,286 16th St,Burlington,CO,80807,Kit Carson,LEVEL IV,Level IV,General Acute Care,19,N,-102.270492,39.303196,2024-01-31
0007380821,Lincoln Health Hospital,111 6th St,Hugo,CO,80821,Lincoln,LEVEL IV,Level IV,General Acute Care,15,Y,-103.473737,39.138436,2024-01-31
0001980501,Longmont United Hospital,1950 Mountain View Ave,Longmont,CO,80501,Boulder,LEVEL III,Level III,General Acute Care,186,Y,-105.126654,40.182136,2024-01-31
0193880504,Longs Peak Hospital,1750 E Ken Pratt Blvd,Longmont,CO,80504,Boulder,LEVEL III,Level III,General Acute Care,57,Y,-105.05837,40.161851,2024-01-31
0006080033,Lutheran Medical Center,8300 W 38th Ave,Wheat Ridge,CO,80033,Jefferson,LEVEL II,Level II,General Acute Care,338,Y,-105.089921,39.768473,2024-01-31
0006780538,Mckee Medical Center,2000 Boise Ave,Loveland,CO,80538,Larimer,LEVEL III,Level III,General Acute Care,118,Y,-105.051478,40.412992,2024-01-31
0006880538,Medical Center Of The Rockies,2500 Rocky Mountain Ave,Loveland,CO,80538,Larimer,LEVEL II,Level II,General Acute Care,174,Y,-104.997375,40.415725,2024-01-31
0008580734,Melissa Memorial Hospital,1001 E Johnson St,Holyoke,CO,80734,Phillips,LEVEL IV,Level IV,General Acute Care,15,Y,-102.289903,40.579271,2024-01-31
0006581301,Mercy Regional Medical Center,1010 Three Springs Blvd,Durango,CO,81301,La Plata,LEVEL III,Level III,General Acute Care,82,Y,-107.826268,37.236028,2024-01-31
0005480459,Middle Park Medical Center,214 S 4th St,Kremmling,CO,80459,Grand,LEVEL IV,Level IV,General Acute Care,18,Y,-106.390414,40.056972,2024-01-31
0005580446,Middle Park Medical Center - Granby,1000 Granby Park Dr S,Granby,CO,80446,Grand,LEVEL IV,Level IV,General Acute Care,7,Y,-105.925792,40.075728,2024-01-31
0008081401,Montrose Memorial Hospital,800 S 3rd St,Montrose,CO,81401,Montrose,LEVEL III,Level III,General Acute Care,75,Y,-107.869021,38.48004,2024-01-31
0007281082,Mt San Rafael Hospital,410 Benedicta Ave,Trinidad,CO,81082,Las Animas,LEVEL IV,Level IV,General Acute Care,25,Y,-104.487612,37.173206,2024-01-31
0009980631,North Colorado Medical Center,1801 16th St,Greeley,CO,80631,Weld,LEVEL II,Level II,General Acute Care,378,Y,-104.708578,40.414568,2024-01-31
0000180229,North Suburban Medical Center,9191 Grant St,Thornton,CO,80229,Adams,LEVEL II,Level II,General Acute Care,157,Y,-104.985306,39.863386,2024-01-31
0001481147,Pagosa Springs Medical Center,95 S Pagosa Blvd,Pagosa Springs,CO,81147,Archuleta,LEVEL IV,Level IV,General Acute Care,11,Y,-107.078312,37.252148,2024-01-31
0003980138,Parker Adventist Hospital,9395 Crown Crest Blvd,Parker,CO,80138,Douglas,LEVEL II,Level II,General Acute Care,170,Y,-104.771024,39.548201,2024-01-31
0008981003,Parkview Medical Center Inc,400 W 16th St,Pueblo,CO,81003,Pueblo,LEVEL II,Level II,General Acute Care,350,Y,-104.612736,38.281637,2024-01-31
0186281641,Pioneers Medical Center,100 Pioneers Medical Center Dr,Meeker,CO,81641,Rio Blanco,LEVEL IV,Level IV,Critical Access,16,Y,-107.881263,40.046403,2024-01-31
0000280601,Platte Valley Medical Center,1600 Prairie Center Pkwy,Brighton,CO,80601,Adams,LEVEL III,Level III,General Acute Care,98,Y,-104.769197,39.964725,2024-01-31
0006980524,Poudre Valley Hospital,1024 S Lemay Ave,Fort Collins,CO,80524,Larimer,LEVEL III,Level III,General Acute Care,255,Y,-105.056918,40.571785,2024-01-31
0003080218,Presbyterian St Luke'S Medical Center,1719 E 19th Ave,Denver,CO,80218,Denver,LEVEL IV,Level IV,General Acute Care,680,Y,-104.966789,39.747221,2024-01-31
0196785412,Presbyterian St Luke'S Medical Center,1719 East 19th Avenue,Denver,CO,80218,Denver,LEVEL IV,Level IV,General Acute Care,,NOT AVAILABLE,-104.966612,39.74726,2025-01-16
0154881648,Rangely District Hospital,225 Eagle Crest Dr,Rangely,CO,81648,Rio Blanco,LEVEL IV,Level IV,General Acute Care,25,Y,-108.806861,40.078789,2024-01-31
0009481132,Rio Grande Hospital,310 County Road 14,Del Norte,CO,81132,Rio Grande,LEVEL IV,Level IV,General Acute Care,17,Y,-106.363927,37.674311,2024-01-31
0003180220,Rose Medical Center,4567 E 9th Ave,Denver,CO,80220,Denver,LEVEL IV,Level IV,General Acute Care,422,Y,-104.934509,39.731978,2024-01-31
0002880218,Saint Joseph Hospital,1375 E 19th Ave,Denver,CO,80218,Denver,LEVEL III,Level III,General Acute Care,400,Y,-104.969924,39.745878,2024-01-31
0000981101,San Luis Valley Health,106 Blanca Ave,Alamosa,CO,81101,Alamosa,LEVEL III,Level III,General Acute Care,49,Y,-105.882742,37.472182,2024-01-31
0002481140,San Luis Valley Health Conejos County Hospital,19021 Us Highway 285,La Jara,CO,81140,Conejos,LEVEL IV,Level IV,General Acute Care,17,Y,-105.965534,37.262794,2024-01-31
0009680737,Sedgwick County Memorial Hospital,900 Cedar St,Julesburg,CO,80737,Sedgwick,LEVEL IV,Level IV,General Acute Care,15,Y,-102.268324,40.993919,2024-01-31
0004080124,Sky Ridge Medical Center,10101 Ridgegate Pkwy,Lone Tree,CO,80124,Douglas,LEVEL II,Level II,General Acute Care,284,Y,-104.871182,39.52909,2024-01-31
0007981321,Southwest Memorial Hospital,1311 N Mildred Rd,Cortez,CO,81321,Montezuma,LEVEL IV,Level IV,Critical Access,25,Y,-108.574525,37.362202,2024-01-31
0005781089,Spanish Peaks Regional Health Center,23500 Us Hwy 160,Walsenburg,CO,81089,Huerfano,LEVEL IV,Level IV,Critical Access,20,Y,-104.831178,37.600517,2024-01-31
0012780023,St Anthony North Health Campus,14300 Orchard Pkwy,Westminster,CO,80023,Adams,LEVEL III,Level III,General Acute Care,121,Y,-104.991141,39.956596,2024-01-31
0009780443,St Anthony Summit Medical Center,340 Peak One Dr,Frisco,CO,80443,Summit,LEVEL III,Level III,General Acute Care,35,Y,-106.077954,39.569437,2024-01-31
0007681502,St Marys Medical Center,2635 N 7th St,Grand Junction,CO,81501,Mesa,LEVEL II,Level II,General Acute Care,346,Y,-108.563572,39.090507,2024-01-31
0007480751,Sterling Regional Med Center,615 Fairhurst St,Sterling,CO,80751,Logan,LEVEL III,Level III,General Acute Care,25,Y,-103.220759,40.612529,2024-01-31
0001280113,Swedish Medical Center,501 E Hampden Ave,Englewood,CO,80113,Arapahoe,LEVEL I,Level I,General Acute Care,408,Y,-104.98054,39.653857,2024-01-31
0001180012,The Medical Center Of Aurora,1501 S Potomac St,Aurora,CO,80012,Arapahoe,LEVEL II,Level II,General Acute Care,269,Y,-104.831921,39.690063,2024-01-31
0010581625,The Memorial Hospital,750 Hospital Loop,Craig,CO,81625,Moffat,LEVEL IV,Level IV,Critical Access,25,Y,-107.58012,40.518498,2024-01-31
0188180634,Uchealth Greeley Hospital,6767 W 29th St,Greeley,CO,80634,Weld,LEVEL III,Level III,General Acute Care,53,Y,-104.790537,40.390943,2024-01-31
0189080129,Uchealth Highlands Ranch Hospital,1500 Park Central Dr,Highlands Ranch,CO,80129,Douglas,LEVEL III,Level III,General Acute Care,93,Y,-105.005618,39.552496,2024-01-31
0009880863,Uchealth Pikes Peak Regional Hospital,16420 W Us Highway 24,Woodland Park,CO,80863,Teller,LEVEL IV,Level IV,General Acute Care,15,Y,-105.073712,38.974344,2024-01-31
0009580487,Uchealth Yampa Valley Medical Center,1024 Central Park Dr,Steamboat Springs,CO,80487,Routt,LEVEL III,Level III,General Acute Care,39,N,-106.814858,40.463206,2024-01-31
0155080909,University Colo Health Memorial Hospital Central,1400 E Boulder St,Colorado Springs,CO,80909,El Paso,LEVEL I,Level I,General Acute Care,583,Y,-104.799454,38.839467,2024-01-31
0005080920,University Colo Health Memorial Hospital North,4050 Briargate Pkwy,Colorado Springs,CO,80920,El Paso,LEVEL III,Level III,General Acute Care,130,Y,-104.754733,38.966846,2024-01-31
0155180045,University Of Colorado Hospital Anschutz Inpatient,12605 East 16th Avenue,Aurora,CO,80045,Adams,LEVEL I,Level I,Special,678,Y,-104.841122,39.742305,2024-01-31
0196784415,University Of Colorado Hospital Authority,12605 E 16th Ave,Aurora,CO,80045,Adams,LEVEL I,Level I,General Acute Care,698,Y,-104.842029,39.742629,2024-01-31
0004281657,Vail Health Hospital,181 W Meadow Dr,Vail,CO,81657,Eagle,LEVEL III,Level III,General Acute Care,56,Y,-106.381985,39.64337,2024-01-31
0005281601,Valley View Hospital Association,1906 Blake Ave,Glenwood Springs,CO,81601,Garfield,LEVEL III,Level III,General Acute Care,78,Y,-107.322105,39.532321,2024-01-31
0010180758,Wray Community District Hospital,1017 W 7th St,Wray,CO,80758,Yuma,LEVEL IV,Level IV,Critical Access,16,Y,-102.234997,40.076203,2024-01-31
0010280759,Yuma District Hospital,1000 W 8th Ave,Yuma,CO,80759,Yuma,LEVEL IV,Level IV,General Acute Care,12,Y,-102.736711,40.12026,2024-01-31
0000906610,Bridgeport Hospital,267 Grant St,Bridgeport,CT,06610,Greater Bridgeport,LEVEL III,Level III,General Acute Care,501,Y,-73.166595,41.189377,2024-04-12
0003306106,Connecticut Children'S Medical Center,282 Washington St,Hartford,CT,06106,Capitol,LEVEL I PEDIATRIC,Pediatric Level I,Children,185,Y,-72.6818,41.753668,2024-04-12
0196784913,Hartford Hospital,80 Seymour St,Hartford,CT,06106,Capitol,LEVEL I,Level I,General Acute Care,867,N,-72.680325,41.753747,2024-04-12
0002106102,Hartford Hospital,80 Seymour Street,Hartford,CT,06102,Capitol,LEVEL I,Level I,General Acute Care,867,Y,-72.679178,41.754125,2024-04-12
0002706856,Norwalk Hospital,24 Stevens Street,Norwalk,CT,06856,Western Connecticut,LEVEL III,Level III,General Acute Care,366,Y,-73.421946,41.11153,2024-04-12
0000206105,Saint Francis Hospital And Medical Center,114 Woodland Street And 500 Blue Hills Avenue,Hartford,CT,06105,Capitol,LEVEL I,Level I,General Acute Care,617,Y,-72.69868,41.773814,2024-04-12
0001306706,"Saint Mary'S Hospital, Inc",56 Franklin St,Waterbury,CT,06706,Naugatuck Valley,LEVEL III,Level III,General Acute Care,347,Y,-73.03671,41.553206,2024-04-12
0002306606,St. Vincent'S Medical Center,2800 Main St,Bridgeport,CT,06606,Greater Bridgeport,LEVEL III,Level III,General Acute Care,473,Y,-73.201702,41.201045,2024-04-12
0002606810,The Danbury Hospital,24 Hospital Ave,Danbury,CT,06810,Western Connecticut,LEVEL III,Level III,General Acute Care,456,Y,-73.446195,41.405051,2024-04-12
0000606904,The Stamford Hospital,"1 Hospital Plaza, Po Box 9317",Stamford,CT,06904,Western Connecticut,LEVEL III,Level III,General Acute Care,305,Y,-73.553125,41.055017,2024-04-12
0000506721,The Waterbury Hospital,64 Robbins St,Waterbury,CT,06708,Naugatuck Valley,LEVEL III,Level III,General Acute Care,357,Y,-73.058705,41.559759,2024-04-12
0002006360,The William W. Backus Hospital,326 Washington St,Norwich,CT,06360,Southeastern Connecticut,LEVEL III,Level III,General Acute Care,213,Y,-72.089319,41.542774,2024-04-12
0001906504,"Yale New Haven Hospital, Inc",20 York St,New Haven,CT,06510,South Central Connecticut,LEVEL I,Level I,General Acute Care,1541,Y,-72.935414,41.304691,2024-04-12
0000920010,Children'S National Medical Center,111 Michigan Ave Nw,Washington,DC,20010,District Of Columbia,LEVEL I,Level I,Children,323,Y,-77.014394,38.927266,2024-01-09
0001220037,George Washington University Hospital,900 23rd St Nw,Washington,DC,20037,District Of Columbia,LEVEL I,Level I,General Acute Care,395,N,-77.050637,38.901319,2024-01-09
0000720001,Howard University Hospital,2041 Georgia Ave Nw,Washington,DC,20060,District Of Columbia,LEVEL I,Level I,General Acute Care,482,N,-77.020094,38.917548,2024-01-09
0000620010,Medstar Washington Hospital Center,110 Irving St Nw,Washington,DC,20010,District Of Columbia,LEVEL I,Level I,General Acute Care,912,Y,-77.015648,38.929652,2024-01-09
0000219901,Bayhealth Hospital Kent Campus,640 South State St,Dover,DE,19901,Kent,LEVEL III,Level III,General Acute Care,266,Y,-75.523696,39.150791,2024-04-01
0189219963,Bayhealth Hospital Sussex Campus,100 Wellness Way,Milford,DE,19963,Sussex,LEVEL III,Level III,General Acute Care,152,N,-75.391695,38.8869,2024-04-01
0000919958,Beebe Medical Center,424 Savannah Rd,Lewes,DE,19958,Sussex,LEVEL III,Level III,General Acute Care,210,Y,-75.143268,38.77176,2024-04-01
0000719713,Christiana Care Health Services - Christiana Hospital,"4755 Ogletown-Stanton Rd, Po Box 6001",Newark,DE,19718,New Castle,LEVEL I,Level I,General Acute Care,906,Y,-75.669121,39.687486,2024-04-01
0000519801,Christiana Care Health Services - Wilmington Hospital,"501 West 14th St, Po Box 1668",Wilmington,DE,19899,New Castle,LEVEL III,Level III,General Acute Care,321,Y,-75.549662,39.751464,2024-04-01
0000619803,Nemours Children'S Hospital Delaware,1600 Rockland Rd,Wilmington,DE,19803,New Castle,LEVEL I PEDIATRIC,Pediatric Level I,Children,260,Y,-75.555321,39.779381,2024-04-01
0000819805,St Francis Healthcare,701 N Clayton St,Wilmington,DE,19805,New Castle,LEVEL III,Level III,General Acute Care,395,N,-75.566874,39.749869,2024-04-01
0002632401,Ascension Sacred Heart Bay,615 N Bonita Ave,Panama City,FL,32401,Bay,LEVEL II,Level II,General Acute Care,323,Y,-85.648655,30.159724,2024-04-12
0184632504,Ascension Sacred Heart Pensacola,5151 N North Ninth Avenue,Pensacola,FL,32504,Escambia,LEVEL II / PEDIATRIC,Level II,General Acute Care,547,Y,-87.211843,30.475707,2024-04-12
0000933180,Aventura Hospital And Medical Center,20900 Biscayne Blvd,Aventura,FL,33180,Miami-Dade,LEVEL II,Level II,General Acute Care,467,Y,-80.145396,25.970203,2024-04-12
0001132501,Baptist Hospital,1000 W Moreno St,Pensacola,FL,32501,Escambia,LEVEL II,Level II,General Acute Care,492,Y,-87.230421,30.429418,2024-04-12
0003133701,Bayfront Health St Petersburg,701 6th St S,Saint Petersburg,FL,33701,Pinellas,LEVEL II,Level II,General Acute Care,480,Y,-82.642082,27.763421,2024-04-12
0003434209,Blake Medical Center,2020 59th St W,Bradenton,FL,34209,Manatee,LEVEL II,Level II,General Acute Care,383,Y,-82.623742,27.482201,2024-04-12
0004633316,Broward Health Medical Center,1600 S Andrews Ave,Fort Lauderdale,FL,33316,Broward,LEVEL I,Level I,General Acute Care,723,Y,-80.14089,26.102635,2024-04-12
0004833064,Broward Health North,201 E Sample Rd,Pompano Beach,FL,33064,Broward,LEVEL II,Level II,General Acute Care,409,Y,-80.120964,26.277004,2024-04-12
0006232771,Central Florida Regional Hospital,1401 W Seminole Blvd,Sanford,FL,32771,Seminole,LEVEL II,Level II,General Acute Care,221,Y,-81.283632,28.814536,2024-04-12
0007233484,Delray Medical Center,5352 Linton Blvd,Delray Beach,FL,33484,Palm Beach,LEVEL I,Level I,General Acute Care,536,Y,-80.127788,26.437193,2024-04-12
0013932547,Fort Walton Beach Medical Center,1000 Mar-Walt Dr,Fort Walton Beach,FL,32547,Okaloosa,LEVEL II,Level II,General Acute Care,237,Y,-86.63321,30.454439,2024-04-12
0015132114,Halifax Health Medical Center,303 N Clyde Morris Blvd,Daytona Beach,FL,32114,Volusia,LEVEL II,Level II,General Acute Care,563,Y,-81.054828,29.202385,2024-04-12
0017432901,Holmes Regional Medical Center,1350 S Hickory St,Melbourne,FL,32901,Brevard,LEVEL II,Level II,General Acute Care,550,Y,-80.614438,28.087198,2024-04-12
0018433136,Jackson Memorial Hospital,1611 Nw 12th Ave,Miami,FL,33136,Miami-Dade,LEVEL I,Level I,General Acute Care,1547,Y,-80.213488,25.792347,2024-04-12
0018733157,Jackson South Medical Center,9333 Sw 152nd St,Miami,FL,33157,Miami-Dade,LEVEL II,Level II,General Acute Care,262,Y,-80.344697,25.629745,2024-04-12
0000233701,Johns Hopkins All Children'S Hospital,501 Sixth Ave S,Saint Petersburg,FL,33701,Pinellas,PEDIATRIC,Pediatric,Children,259,Y,-82.640754,27.764638,2024-04-12
0019633175,Kendall Regional Medical Center,11750 Bird Rd,Miami,FL,33175,Miami-Dade,LEVEL I,Level I,General Acute Care,447,Y,-80.386067,25.73097,2024-04-12
0021433805,Lakeland Regional Medical Center,1324 Lakeland Hills Blvd,Lakeland,FL,33805,Polk,LEVEL II,Level II,General Acute Care,864,Y,-81.954076,28.060382,2024-04-12
0022134950,Lawnwood Regional Medical Center And Heart Institute,1700 S 23rd St,Fort Pierce,FL,34950,St. Lucie,LEVEL II,Level II,General Acute Care,398,Y,-80.345718,27.43197,2024-04-12
0022233901,Lee Memorial Hospital,2776 Cleveland Ave,Fort Myers,FL,33901,Lee,LEVEL II,Level II,General Acute Care,414,Y,-81.874024,26.628392,2024-04-12
0025032216,Memorial Hospital Jacksonville,3625 University Blvd S,Jacksonville,FL,32216,Duval,LEVEL II,Level II,General Acute Care,454,Y,-81.601508,30.288062,2024-04-12
0025933021,Memorial Regional Hospital,3501 Johnson St,Hollywood,FL,33021,Broward,LEVEL I,Level I,General Acute Care,797,Y,-80.180022,26.018942,2024-04-12
0026633155,Nicklaus Children'S Hospital,3100 Sw 62nd Ave,Miami,FL,33155,Miami-Dade,PEDIATRIC,Pediatric,Children,309,Y,-80.294297,25.741456,2024-04-12
0029034474,Ocala Regional Medical Center,1431 Sw 1st Ave,Ocala,FL,34474,Marion,LEVEL II,Level II,General Acute Care,288,Y,-82.136792,29.175396,2024-04-12
0029232073,Orange Park Medical Center,2001 Kingsley Ave,Orange Park,FL,32073,Clay,LEVEL II,Level II,General Acute Care,365,Y,-81.73759,30.16584,2024-04-12
0029332806,Orlando Health Orlando Regional Medical Center,52 W Underwood St,Orlando,FL,32806,Orange,LEVEL I,Level I,General Acute Care,898,Y,-81.377204,28.525723,2024-04-12
0029834741,Osceola Regional Medical Center,700 W Oak St,Kissimmee,FL,34741,Osceola,LEVEL II,Level II,General Acute Care,404,Y,-81.40919,28.29968,2024-04-12
0032734667,Regional Medical Center Bayonet Point,14000 Fivay Rd,Hudson,FL,34667,Pasco,LEVEL II,Level II,General Acute Care,290,Y,-82.688256,28.36196,2024-04-12
0033734239,Sarasota Memorial Hospital,1700 S Tamiami Trl,Sarasota,FL,34239,Sarasota,LEVEL II,Level II,General Acute Care,895,Y,-82.531082,27.317851,2024-04-12
0038533607,St Josephs Hospital,3001 W Martin Luther King Jr Blvd,Tampa,FL,33607,Hillsborough,LEVEL II / PEDIATRIC,Level II,General Acute Care,897,Y,-82.491851,27.98214,2024-04-12
0039133407,St Mary'S Medical Center,901 45th St,West Palm Beach,FL,33407,Palm Beach,LEVEL I,Level I,General Acute Care,460,Y,-80.062462,26.755871,2024-04-12
0039632308,Tallahassee Memorial Hospital,1300 Miccosukee Rd,Tallahassee,FL,32308,Leon,LEVEL II,Level II,General Acute Care,772,Y,-84.261407,30.456881,2024-04-12
0039833606,Tampa General Hospital,1 Tampa General Cir,Tampa,FL,33606,Hillsborough,LEVEL I,Level I,General Acute Care,1041,Y,-82.459155,27.937963,2024-04-12
0035332209,Uf Health Jacksonville,655 W 8th St,Jacksonville,FL,32209,Duval,LEVEL I,Level I,General Acute Care,603,Y,-81.664275,30.348505,2024-04-12
0035032610,Uf Health Shands Hospital,1600 Sw Archer Rd,Gainesville,FL,32610,Alachua,LEVEL I,Level I,General Acute Care,1014,Y,-82.342865,29.63999,2024-04-12
0081832207,Wolfson Children'S Hospital,800 Prudential Dr,Jacksonville,FL,32207,Duval,PEDIATRIC,Pediatric,Children,202,Y,-81.663317,30.315392,2024-04-12
0003531513,Appling Hospital,163 E Tollison Street,Baxley,GA,31513,Appling,LEVEL IV,Level IV,General Acute Care,49,Y,-82.348849,31.769311,2024-04-12
0019131210,Atrium Health Navicent Rehabilitation Hospital,3351 Northside Drive,Macon,GA,31210,Bibb,LEVEL I,Level I,Rehabilitation,58,N,-83.68047,32.893272,2024-04-12
0087031201,Atrium Health Navicent The Medical Center,777 Hemlock Street,Macon,GA,31201,Bibb,LEVEL I,Level I,General Acute Care,637,Y,-83.635505,32.833254,2024-04-12
0087230912,Au Medical Center,1120 15th Street,Augusta,GA,30912,Richmond,LEVEL I,Level I,General Acute Care,632,Y,-81.989706,33.470876,2024-04-12
0008530322,Children'S Healthcare Of Atlanta At Egleston,1405 Clifton Road Ne,Atlanta,GA,30322,Dekalb,LEVEL I PEDIATRIC,Pediatric Level I,Children,330,Y,-84.31965,33.793571,2024-04-12
0082830342,Children'S Healthcare Of Atlanta At Scottish Rite,1001 Johnson Ferry Road,Atlanta,GA,30342,Fulton,LEVEL II PEDIATRIC,Pediatric Level II,Children,319,Y,-84.353952,33.906082,2024-04-12
0085431015,Crisp Regional Hospital,902 7th Street North,Cordele,GA,31015,Crisp,LEVEL III,Level III,General Acute Care,73,Y,-83.781345,31.977523,2024-04-12
0018830909,Doctors Hospital,3651 Wheeler Road,Augusta,GA,30909,Richmond,LEVEL II,Level II,General Acute Care,354,Y,-82.094432,33.48616,2024-04-12
0010531329,Effingham Health System,459 Ga Highway 119 South,Springfield,GA,31329,Effingham,LEVEL IV,Level IV,General Acute Care,25,Y,-81.320913,32.363835,2024-04-12
0008030401,Emanuel Medical Center,117 Kite Road,Swainsboro,GA,30401,Emanuel,LEVEL IV,Level IV,General Acute Care,72,Y,-82.347804,32.592498,2024-04-12
0011231021,Fairview Park Hospital,200 Industrial Boulevard,Dublin,GA,31021,Laurens,LEVEL III,Level III,General Acute Care,190,Y,-82.950409,32.532155,2024-04-12
0017930303,Grady Memorial Hospital,80 Jesse Hill Jr Drive Se,Atlanta,GA,30303,Fulton,LEVEL I,Level I,General Acute Care,953,Y,-84.381792,33.751989,2024-04-12
0083130720,Hamilton Medical Center,1200 Memorial Drive,Dalton,GA,30720,Whitfield,LEVEL III,Level III,General Acute Care,255,Y,-84.984977,34.789735,2024-04-12
0089431792,John D Archbold Memorial Hospital,915 Gordon Avenue And Mimosa Drive,Thomasville,GA,31792,Thomas,LEVEL III,Level III,General Acute Care,264,N,-83.972252,30.82529,2024-04-12
0089730474,Memorial Health Meadows Hospital,1 Meadows Parkway,Vidalia,GA,30474,Toombs,LEVEL IV,Level IV,General Acute Care,57,Y,-82.375247,32.208595,2024-04-12
0000331404,Memorial Health University Medical Center,4700 Waters Avenue,Savannah,GA,31404,Chatham,LEVEL I,Level I,General Acute Care,512,Y,-81.088862,32.030531,2024-04-12
0194530650,Morgan Medical Center,1740 Lions Club Road,Madison,GA,30650,Morgan,LEVEL IV,Level IV,Critical Access,25,Y,-83.471683,33.568704,2024-04-12
0083830501,"Northeast Georgia Medical Center, Inc",743 Spring Street,Gainesville,GA,30501,Hall,LEVEL II,Level II,General Acute Care,691,Y,-83.817928,34.303255,2024-04-12
0007130045,Northside Hospital Gwinnett,1000 Medical Center Boulevard,Lawrenceville,GA,30046,Gwinnett,LEVEL II,Level II,General Acute Care,388,Y,-84.017563,33.963677,2024-04-12
0014030606,Piedmont Athens Regional Medical Center,1199 Prince Avenue,Athens,GA,30606,Clarke,LEVEL II,Level II,General Acute Care,359,Y,-83.397945,33.961292,2024-04-12
0012830120,Piedmont Cartersville Medical Center,960 Joe Frank Harris Parkway,Cartersville,GA,30120,Bartow,LEVEL III,Level III,General Acute Care,119,N,-84.794834,34.200494,2024-04-12
0083531901,Piedmont Columbus Regional Midtown,710 Center Street,Columbus,GA,31901,Muscogee,LEVEL II,Level II,General Acute Care,583,Y,-84.981177,32.480859,2024-04-12
0084630655,"Piedmont Walton Hospital, Inc",2151 W Spring Street,Monroe,GA,30655,Walton,LEVEL III,Level III,General Acute Care,77,Y,-83.750141,33.798945,2024-04-12
0024330125,Polk Medical Center,2360 Rockmart Highway,Cedartown,GA,30125,Polk,LEVEL IV,Level IV,Critical Access,25,Y,-85.196272,34.013817,2024-04-12
0016530165,Redmond Regional Medical Center,501 Redmond Road,Rome,GA,30165,Floyd,LEVEL III,Level III,General Acute Care,230,N,-85.194929,34.276793,2024-04-12
0088631036,Taylor Regional Hospital,222 Perry Hwy,Hawkinsville,GA,31036,Pulaski,LEVEL III,Level III,General Acute Care,49,N,-83.485116,32.29785,2024-04-12
0018230901,University Hospital,1350 Walton Way,Augusta,GA,30901,Richmond,LEVEL I,Level I,General Acute Care,812,Y,-81.982511,33.470685,2024-04-12
0017830312,Wellstar Atlanta Medical Center,303 Parkway Drive Ne,Atlanta,GA,30312,Fulton,LEVEL I,Level I,General Acute Care,762,Y,-84.37339,33.76295,2024-04-12
0013130106,Wellstar Cobb Hospital,3950 Austell Rd,Austell,GA,30106,Cobb,LEVEL III,Level III,General Acute Care,382,Y,-84.605025,33.857542,2024-04-12
0014830060,Wellstar Kennestone Hospital,677 Church Street,Marietta,GA,30060,Cobb,LEVEL II,Level II,General Acute Care,633,Y,-84.551352,33.967953,2024-04-12
0083630076,Wellstar North Fulton Hospital,3000 Hospital Boulevard,Roswell,GA,30076,Fulton,LEVEL II,Level II,General Acute Care,202,Y,-84.319972,34.063321,2024-04-12
0024730141,Wellstar Paulding Hospital,2518 Jimmy Lee Smith Parkway,Hiram,GA,30141,Paulding,LEVEL IV,Level IV,General Acute Care,112,Y,-84.780726,33.900728,2024-04-12
0000000019,Winn Army Community Hospital,1061 Harmon Ave,Fort Stewart,GA,31314,Liberty,LEVEL IV,Level IV,Military,39,Y,-81.600389,31.872257,2024-04-22
0002296701,Pali Momi Medical Center,98-1079 Moanalua Road,Aiea,HI,96701,Honolulu,LEVEL III,Level III,General Acute Care,118,N,-157.938696,21.383479,2022-02-01
0002396813,The Queen'S Medical Center,1301 Punchbowl Street,Honolulu,HI,96813,Honolulu,LEVEL I,Level I,General Acute Care,535,Y,-157.853639,21.30804,2022-02-01
0196784574,The Queen'S Medical Center - Hale Pulama Mau,347 N Kuakini Street,Honolulu,HI,96817,Honolulu,LEVEL I,Level I,General Acute Care,40,Y,-157.857444,21.321873,2022-02-01
0195696859,Tripler Army Medical Center,1 Jarrett White Road,Tripler Amc,HI,96859,Honolulu,LEVEL II,Level II,Military,450,Y,-157.890273,21.359649,2024-04-22
0002996766,Wilcox Memorial Hospital,3-3420 Kuhio Highway,Lihue,HI,96766,Kauai,LEVEL III,Level III,General Acute Care,72,N,-159.364924,21.986148,2022-02-01
0010850849,Adair County Memorial Hospital,609 S E Kent Street,Greenfield,IA,50849,Adair,LEVEL IV,Level IV,Critical Access,25,Y,-94.452035,41.303798,2024-04-12
0091951555,Alegent Health Community Memorial Hospital,631 N 8th St,Missouri Valley,IA,51555,Harrison,LEVEL IV,Level IV,Critical Access,25,Y,-95.885618,41.562944,2024-04-12
0004450703,Allen Memorial Hospital,1825 Logan Avenue,Waterloo,IA,50703,Black Hawk,LEVEL III,Level III,General Acute Care,228,Y,-92.338937,42.526755,2024-04-12
0008350025,Audubon County Memorial Hospital,515 Pacific Street,Audubon,IA,50025,Audubon,LEVEL IV,Level IV,Critical Access,25,Y,-94.937836,41.715352,2024-04-12
0092151334,Avera Holy Family Hospital,826 North Eighth Street,Estherville,IA,51334,Emmet,LEVEL IV,Level IV,Critical Access,25,Y,-94.833658,43.409987,2024-04-12
0006750036,Boone County Hospital,1015 Union Street,Boone,IA,50036,Boone,LEVEL IV,Level IV,Critical Access,42,Y,-93.876963,42.055994,2024-04-12
0009250314,Broadlawns Medical Center,1801 Hickman Road,Des Moines,IA,50314,Polk,LEVEL III,Level III,General Acute Care,200,Y,-93.641774,41.616616,2024-04-12
0005150644,Buchanan County Health Center,1600 First Street East,Independence,IA,50644,Buchanan,LEVEL IV,Level IV,Critical Access,25,Y,-91.874424,42.470341,2024-04-12
0003950588,Buena Vista Regional Medical Center,"1525 West Fifth Street, Po Box 309",Storm Lake,IA,50588,Buena Vista,LEVEL IV,Level IV,Critical Access,35,N,-95.222793,42.644782,2024-04-12
0006651040,Burgess Health Center,1600 Diamond Street,Onawa,IA,51040,Monona,LEVEL IV,Level IV,Critical Access,25,N,-96.106241,42.025346,2024-04-12
0010350022,Cass County Memorial Hospital,1501 East Tenth Street,Atlantic,IA,50022,Cass,LEVEL IV,Level IV,Critical Access,33,Y,-94.991115,41.40132,2024-04-12
0092251012,Cherokee Regional Medical Center,300 Sioux Valley Drive,Cherokee,IA,51012,Cherokee,LEVEL IV,Level IV,Critical Access,25,Y,-95.547843,42.759442,2024-04-12
0012250841,Chi Health - Mercy Corning,603 Rosary Drive,Corning,IA,50841,Adams,LEVEL IV,Level IV,Critical Access,22,Y,-94.748463,40.989016,2024-04-12
0011051502,Chi Health Mercy Council Bluffs,800 Mercy Drive,Council Bluffs,IA,51503,Pottawattamie,LEVEL III,Level III,General Acute Care,278,Y,-95.838794,41.268787,2024-04-12
0095751632,Clarinda Regional Health Center,220 Essie Davison Drive,Clarinda,IA,51632,Page,LEVEL IV,Level IV,Critical Access,25,Y,-95.043206,40.723481,2024-04-12
0011950213,Clarke County Public Hospital,800 South Fillmore Street,Osceola,IA,50213,Clarke,LEVEL IV,Level IV,Critical Access,25,Y,-93.768527,41.026119,2024-04-12
0002750674,Community Memorial Hospital,"909 West First Street, Po Box 148",Sumner,IA,50674,Bremer,LEVEL IV,Level IV,Critical Access,25,Y,-92.109229,42.846982,2024-04-12
0008152301,Compass Memorial Healthcare,300 West May Street,Marengo,IA,52301,Iowa,LEVEL IV,Level IV,Critical Access,25,Y,-92.073517,41.802126,2024-04-12
0095851442,Crawford County Memorial Hospital,100 Medical Parkway,Denison,IA,51442,Crawford,LEVEL IV,Level IV,Critical Access,25,Y,-95.378024,42.024352,2024-04-12
0092350220,Dallas County Hospital,610 Tenth Street,Perry,IA,50220,Dallas,LEVEL IV,Level IV,Critical Access,25,Y,-94.093892,41.833632,2024-04-12
0093852537,Davis County Hospital,509 North Madison Street,Bloomfield,IA,52537,Davis,LEVEL IV,Level IV,Critical Access,25,Y,-92.415525,40.759171,2024-04-12
0013050144,Decatur County Hospital,1405 Nw Church Street,Leon,IA,50144,Decatur,LEVEL IV,Level IV,Critical Access,25,Y,-93.746941,40.750935,2024-04-12
0092452001,Finley Hospital,350 North Grandview Avenue,Dubuque,IA,52001,Dubuque,LEVEL III,Level III,General Acute Care,142,Y,-90.686159,42.496257,2024-04-12
0093950616,Floyd County Medical Center,800 11th Street,Charles City,IA,50616,Floyd,LEVEL IV,Level IV,Critical Access,25,Y,-92.683644,43.051455,2024-04-12
0094051031,Floyd Valley Healthcare,714 Lincoln St Ne,Lemars,IA,51031,Plymouth,LEVEL IV,Level IV,Critical Access,25,N,-96.155625,42.796237,2024-04-12
0013652627,Fort Madison Community Hospital,5445 Avenue O,Fort Madison,IA,52627,Lee,LEVEL III,Level III,General Acute Care,50,Y,-91.384313,40.625807,2024-04-12
0003450441,Franklin General Hospital,1720 Central Avenue East,Hampton,IA,50441,Franklin,LEVEL IV,Level IV,Critical Access,25,Y,-93.18558,42.743563,2024-04-12
0010152803,Genesis Medical Center,1227 East Rusholme Street,Davenport,IA,52803,Scott,REGIONAL,Other designation,General Acute Care,502,Y,-90.557257,41.542168,2024-04-12
0094152742,Genesis Medical Center - Dewitt,1118 11th Street,Dewitt,IA,52742,Clinton,LEVEL IV,Level IV,Critical Access,90,Y,-90.547482,41.826453,2024-04-12
0094251640,George C Grape Community Hospital,2959 U S Highway 275,Hamburg,IA,51640,Fremont,LEVEL IV,Level IV,Critical Access,25,Y,-95.650623,40.620493,2024-04-12
0013852655,Great River Medical Center,1221 South Gear Avenue,West Burlington,IA,52655,Des Moines,LEVEL III,Level III,General Acute Care,213,Y,-91.17308,40.809348,2024-04-12
0011450801,Greater Regional Medical Center,1700 West Townline,Creston,IA,50801,Union,LEVEL IV,Level IV,Critical Access,25,Y,-94.384095,41.070166,2024-04-12
0007150129,Greene County Medical Center,1000 West Lincoln Way,Jefferson,IA,50129,Greene,LEVEL IV,Level IV,Critical Access,25,Y,-94.388934,42.015998,2024-04-12
0008250112,Grinnell Regional Medical Center,210 Fourth Avenue,Grinnell,IA,50112,Poweshiek,LEVEL III,Level III,General Acute Care,49,Y,-92.734401,41.742673,2024-04-12
0094350638,Grundy County Memorial Hospital,201 East J Avenue,Grundy Center,IA,50638,Grundy,LEVEL IV,Level IV,Critical Access,80,Y,-92.761963,42.359393,2024-04-12
0002552175,Gundersen Palmer Lutheran Hospital And Clinics,112 Jefferson Street,West Union,IA,52175,Fayette,LEVEL IV,Level IV,Critical Access,25,Y,-91.810115,42.968288,2024-04-12
0008650115,Guthrie County Hospital,710 North 12th Street,Guthrie Center,IA,50115,Guthrie,LEVEL IV,Level IV,Critical Access,25,Y,-94.493677,41.683619,2024-04-12
0094452052,Guttenberg Municipal Hospital,200 Main St Po Box 550,Guttenberg,IA,52052,Clayton,LEVEL IV,Level IV,Critical Access,25,Y,-91.099461,42.786128,2024-04-12
0094550423,Hancock County Health System,532 First Street Nw,Britt,IA,50423,Hancock,LEVEL IV,Level IV,Critical Access,25,Y,-93.808195,43.098214,2024-04-12
0002351023,Hawarden Regional Healthcare,1111 11th Street,Hawarden,IA,51023,Sioux,LEVEL IV,Level IV,Critical Access,25,Y,-96.479849,42.998574,2024-04-12
0001051247,Hegg Memorial Hospital,1202 21st Avenue,Rock Valley,IA,51247,Sioux,LEVEL IV,Level IV,Critical Access,25,Y,-96.283968,43.202794,2024-04-12
0092552641,Henry County Health Center Cah,407 South White Street,Mount Pleasant,IA,52641,Henry,LEVEL IV,Level IV,Critical Access,74,Y,-91.55951,40.962298,2024-04-12
0094751445,Horn Memorial Hospital,701 East Second Street,Ida Grove,IA,51445,Ida,LEVEL IV,Level IV,Critical Access,25,Y,-95.459817,42.338891,2024-04-12
0003550548,Humboldt County Memorial Hospital,1000 North 15th Street,Humboldt,IA,50548,Humboldt,LEVEL IV,Level IV,Critical Access,49,Y,-94.232214,42.732697,2024-04-12
0009450316,Iowa Lutheran Hospital,700 University,Des Moines,IA,50316,Polk,LEVEL IV,Level IV,General Acute Care,224,Y,-93.609596,41.602015,2024-04-12
0092650421,Iowa Specialty Hospital - Belmond,403 First Street Se,Belmond,IA,50421,Wright,LEVEL IV,Level IV,Critical Access,22,Y,-93.612283,42.845271,2024-04-12
0092750525,Iowa Specialty Hospital - Clarion,1316 South Main Street,Clarion,IA,50525,Wright,LEVEL IV,Level IV,Critical Access,25,Y,-93.733247,42.7214,2024-04-12
0006452060,Jackson County Regional Health Center,700 West Grove Street,Maquoketa,IA,52060,Jackson,LEVEL IV,Level IV,Critical Access,25,Y,-90.673323,42.072389,2024-04-12
0094952556,Jefferson County Hospital Cah,2000 S Main,Fairfield,IA,52556,Jefferson,LEVEL IV,Level IV,Critical Access,25,Y,-91.965549,40.986462,2024-04-12
0095052205,Jones Regional Medical Center,1795 Highway 64 East,Anamosa,IA,52205,Jones,LEVEL IV,Level IV,Critical Access,22,Y,-91.262615,42.101513,2024-04-12
0013752632,Keokuk Area Hospital,1600 Morgan Street,Keokuk,IA,52632,Lee,LEVEL IV,Level IV,General Acute Care,71,Y,-91.387054,40.406943,2024-04-12
0092852591,Keokuk County Health Center,23019 Highway 149,Sigourney,IA,52591,Keokuk,LEVEL IV,Level IV,Critical Access,25,Y,-92.206087,41.322507,2024-04-12
0010950138,Knoxville Hospital And Clinics,1002 South Lincoln Street,Knoxville,IA,50138,Marion,LEVEL IV,Level IV,Critical Access,25,Y,-93.11182,41.311118,2024-04-12
0002050511,Kossuth Regional Health Center,1515 South Phillips,Algona,IA,50511,Kossuth,LEVEL IV,Level IV,Critical Access,25,Y,-94.225813,43.056565,2024-04-12
0000351360,Lakes Regional Healthcare,"2301 Highway 71, Po Box Ab",Spirit Lake,IA,51360,Dickinson,LEVEL IV,Level IV,General Acute Care,49,Y,-95.124672,43.417746,2024-04-12
0005550583,Loring Hospital,211 Highland Avenue,Sac City,IA,50583,Sac,LEVEL IV,Level IV,Critical Access,25,Y,-94.979507,42.418994,2024-04-12
0012050049,Lucas County Health Center,1200 North Seventh Street,Chariton,IA,50049,Lucas,LEVEL IV,Level IV,Critical Access,25,Y,-93.301706,41.027674,2024-04-12
0010550273,Madison County Health Care System,300 West Hutchings Street,Winterset,IA,50273,Madison,LEVEL IV,Level IV,Critical Access,25,Y,-94.016906,41.327997,2024-04-12
0011252577,Mahaska Health Partnership,1229 C Avenue East,Oskaloosa,IA,52577,Mahaska,LEVEL III,Level III,Critical Access,33,Y,-92.629564,41.299289,2024-04-12
0017251455,Manning Regional Healthcare Center Cah,1550 6th Street,Manning,IA,51455,Carroll,LEVEL IV,Level IV,Critical Access,17,Y,-95.075554,41.904542,2024-04-12
0007050010,Mary Greeley Medical Center,1111 Duff Avenue,Ames,IA,50010,Story,LEVEL III,Level III,General Acute Care,220,N,-93.611506,42.032591,2024-04-12
0008752245,Mercy Hospital Ic,500 East Market Street,Iowa City,IA,52245,Johnson,LEVEL III,Level III,General Acute Care,234,N,-91.527901,41.663871,2024-04-12
0196784600,Mercy Iowa City Rehabilitation Hospital,2801 Heartland Drive,Coralville,IA,52241,Johnson,LEVEL III,Level III,General Acute Care,234,N,-91.61215,41.701018,2024-04-12
0007452403,Mercy Medical Center Cr,701 Tenth Street Se,Cedar Rapids,IA,52403,Linn,LEVEL III,Level III,General Acute Care,454,Y,-91.655829,41.978256,2024-04-12
0000000064,Mercy Medical Center West Lakes,1755 59th Place,West Des Moines,IA,50266,Polk,LEVEL IV,Level IV,General Acute Care,146,Y,-93.789768,41.597178,2024-04-12
0004350613,Mercyone Cedar Falls Medical Center,515 College Street,Cedar Falls,IA,50613,Black Hawk,LEVEL IV,Level IV,General Acute Care,101,Y,-92.457937,42.533539,2024-04-12
0013252544,Mercyone Centerville Medical Center,1 St Josephs Drive,Centerville,IA,52544,Appanoose,LEVEL IV,Level IV,Critical Access,45,Y,-92.8569,40.755624,2024-04-12
0007652732,Mercyone Clinton Medical Center,1410 North 4th Street,Clinton,IA,52732,Clinton,LEVEL IV,Level IV,General Acute Care,175,Y,-90.189016,41.861502,2024-04-12
0092950314,Mercyone Des Moines Medical Center,1111 Sixth Avenue,Des Moines,IA,50314,Polk,LEVEL II,Level II,General Acute Care,656,Y,-93.623119,41.598782,2024-04-12
0095152001,Mercyone Dubuque Medical Center,250 Mercy Drive,Dubuque,IA,52001,Dubuque,LEVEL III,Level III,General Acute Care,303,Y,-90.674779,42.492506,2024-04-12
0093052040,Mercyone Dyersville Medical Center,1111 3rd Street Sw,Dyersville,IA,52040,Dubuque,LEVEL IV,Level IV,Critical Access,25,Y,-91.130536,42.475627,2024-04-12
0002652043,Mercyone Elkader Medical Center,901 Davidson Street Nw,Elkader,IA,52043,Clayton,LEVEL IV,Level IV,Critical Access,25,Y,-91.407573,42.85667,2024-04-12
0002150659,Mercyone New Hampton Medical Center,308 North Maple Avenue,New Hampton,IA,50659,Chickasaw,LEVEL IV,Level IV,Critical Access,18,Y,-92.321544,43.062713,2024-04-12
0008550208,Mercyone Newton Medical Center,204 North Fourth Avenue East,Newton,IA,50208,Jasper,LEVEL IV,Level IV,General Acute Care,68,Y,-93.051627,41.703065,2024-04-12
0095250401,Mercyone North Iowa Medical Center,1000 Fourth Street Sw,Mason City,IA,50401,Cerro Gordo,LEVEL II,Level II,General Acute Care,346,Y,-93.216719,43.150076,2024-04-12
0003850662,Mercyone Oelwein Medical Center,201 Eighth Avenue Se,Oelwein,IA,50662,Fayette,LEVEL IV,Level IV,Critical Access,25,Y,-91.902215,42.675448,2024-04-12
0001751245,Mercyone Primghar Medical Center,255 North Welch Avenue,Primghar,IA,51245,O'Brien,LEVEL IV,Level IV,Critical Access,14,N,-95.623681,43.088829,2024-04-12
0004251101,Mercyone Siouxland,801 Fifth Street,Sioux City,IA,51101,Woodbury,LEVEL II,Level II,General Acute Care,484,N,-96.400915,42.495639,2024-04-12
0005250702,Mercyone Waterloo Medical Center,3421 West Ninth Street,Waterloo,IA,50702,Black Hawk,LEVEL III,Level III,General Acute Care,346,Y,-92.345874,42.461183,2024-04-12
0093151503,Methodist Jennie Edmundson,933 East Pierce Street,Council Bluffs,IA,51503,Pottawattamie,LEVEL III,Level III,General Acute Care,236,Y,-95.835357,41.268582,2024-04-12
0000000065,Methodist West Hospital,1660 60th Street,West Des Moines,IA,50266,Dallas,LEVEL IV,Level IV,General Acute Care,95,Y,-93.79571,41.596608,2024-04-12
0000750461,Mitchell County Regional Health Center,616 North Eighth Street,Osage,IA,50461,Mitchell,LEVEL IV,Level IV,Critical Access,25,Y,-92.808441,43.289528,2024-04-12
0011652531,Monroe County Hospital,6580 165th Street,Albia,IA,52531,Monroe,LEVEL IV,Level IV,Critical Access,25,Y,-92.796587,41.043476,2024-04-12
0011851566,Montgomery County Memorial Hospital,2301 Eastern Avenue,Red Oak,IA,51566,Montgomery,LEVEL IV,Level IV,Critical Access,25,Y,-95.216522,41.014317,2024-04-12
0008951537,Myrtue Medical Center,1213 Garfield Avenue,Harlan,IA,51537,Shelby,LEVEL IV,Level IV,Critical Access,25,Y,-95.326838,41.646982,2024-04-12
0095951041,Orange City Area Health System,1000 Lincoln Circle Se,Orange City,IA,51041,Sioux,LEVEL IV,Level IV,Critical Access,25,Y,-96.045111,42.994542,2024-04-12
0095351249,Osceola Community Hospital,600 9th Avenue North,Sibley,IA,51249,Osceola,LEVEL IV,Level IV,Critical Access,25,Y,-95.743099,43.410308,2024-04-12
0011752501,Ottumwa Regional Health Center,1001 Pennsylvania Avenue,Ottumwa,IA,52501,Wapello,LEVEL IV,Level IV,General Acute Care,217,Y,-92.399294,41.03739,2024-04-12
0001650536,Palo Alto County Hospital,3201 First Street,Emmetsburg,IA,50536,Palo Alto,LEVEL IV,Level IV,Critical Access,47,Y,-94.691241,43.120194,2024-04-12
0010450219,Pella Regional Health Center Cah,404 Jefferson Street,Pella,IA,50219,Marion,LEVEL III,Level III,Critical Access,25,Y,-92.910923,41.413003,2024-04-12
0003350574,Pocahontas Community Hospital,606 Nw Seventh Street,Pocahontas,IA,50574,Pocahontas,LEVEL IV,Level IV,Critical Access,25,Y,-94.677875,42.741025,2024-04-12
0000552136,Regional Health Services Of Howard County,235 Eighth Avenue West,Cresco,IA,52136,Howard,LEVEL IV,Level IV,Critical Access,19,Y,-92.117994,43.381377,2024-04-12
0005052057,Regional Medical Center,"709 West Main Street, Po Box 359",Manchester,IA,52057,Delaware,LEVEL IV,Level IV,Critical Access,25,Y,-91.466625,42.484989,2024-04-12
0095450854,Ringgold County Hospital,504 North Cleveland Street,Mount Ayr,IA,50854,Ringgold,LEVEL IV,Level IV,Critical Access,16,Y,-94.222579,40.718823,2024-04-12
0093251246,Sanford Rock Rapids Medical Center,801 South Greene Street,Rock Rapids,IA,51246,Lyon,LEVEL IV,Level IV,Critical Access,25,Y,-96.17199,43.42383,2024-04-12
0001151201,Sanford Sheldon Medical Center,"118 North Seventh Avenue, Po Box 250",Sheldon,IA,51201,O'Brien,LEVEL IV,Level IV,Critical Access,25,Y,-95.846437,43.187119,2024-04-12
0012651601,Shenandoah Medical Center,300 Pershing Avenue,Shenandoah,IA,51601,Page,LEVEL IV,Level IV,Critical Access,25,Y,-95.373175,40.755085,2024-04-12
0017351250,Sioux Center Health,1101 9th St Se,Sioux Center,IA,51250,Sioux,LEVEL IV,Level IV,Critical Access,21,Y,-96.158069,43.068493,2024-04-12
0093351301,Spencer Municipal Hospital,1200 First Avenue East,Spencer,IA,51301,Clay,LEVEL IV,Level IV,General Acute Care,99,Y,-95.14309,43.150026,2024-04-12
0006551401,St Anthony Regional Hospital,311 South Clark Street,Carroll,IA,51401,Carroll,LEVEL IV,Level IV,General Acute Care,99,Y,-94.867074,42.056496,2024-04-12
0007352402,St Luke'S Hospital Cr,1026 A Avenue Ne,Cedar Rapids,IA,52402,Linn,LEVEL III,Level III,General Acute Care,540,Y,-91.660694,41.985331,2024-04-12
0004051104,St Luke'S Regional Medical Center Hospital,2720 Stone Park Boulevard,Sioux City,IA,51104,Woodbury,LEVEL III,Level III,General Acute Care,346,Y,-96.405942,42.51945,2024-04-12
0005951449,Stewart Memorial Community Hospital,1301 West Main Street,Lake City,IA,51449,Calhoun,LEVEL IV,Level IV,Critical Access,25,Y,-94.749184,42.265618,2024-04-12
0093450201,Story County Hospital,640 South 19th Street,Nevada,IA,50201,Story,LEVEL IV,Level IV,Critical Access,17,Y,-93.436913,42.005062,2024-04-12
0093552761,Trinity Muscatine,1518 Mulberry Avenue,Muscatine,IA,52761,Muscatine,LEVEL IV,Level IV,General Acute Care,48,Y,-91.054458,41.433408,2024-04-12
0004850501,Trinity Regional Medical Center,802 Kenyon Road,Fort Dodge,IA,50501,Webster,LEVEL III,Level III,General Acute Care,200,Y,-94.19218,42.49221,2024-04-12
0013952722,Unity Point Health Trinity,4500 Utica Ridge Road,Bettendorf,IA,52722,Scott,LEVEL IV,Level IV,General Acute Care,139,Y,-90.51974,41.566072,2024-04-12
0009850308,Unitypoint Health - Des Moines Iowa Methodist Medical Center,1200 Pleasant Street,Des Moines,IA,50309,Polk,LEVEL I,Level I,General Acute Care,460,Y,-93.633811,41.589443,2024-04-12
0006850158,Unitypoint Health Marshalltown,3 South Fourth Avenue,Marshalltown,IA,50158,Marshall,LEVEL III,Level III,General Acute Care,125,Y,-92.906831,42.048405,2024-04-12
0196785425,University Of Iowa Health Care Medical Center Downtown,500 East Market Street,Iowa City,IA,52245,Johnson,LEVEL III,Level III,General Acute Care,234,NOT AVAILABLE,-91.52787,41.664038,2025-02-25
0009052242,University Of Iowa Hospitals And Clinics,200 Hawkins Drive,Iowa City,IA,52242,Johnson,LEVEL I,Level I,General Acute Care,1103,Y,-91.547547,41.660816,2024-04-12
0095552565,Van Buren County Hospital,304 Franklin Street,Keosauqua,IA,52565,Van Buren,LEVEL IV,Level IV,Critical Access,25,Y,-91.958045,40.736539,2024-04-12
0005350595,Van Diest Medical Center,"2350 Hospital Drive, Po Box 430",Webster City,IA,50595,Hamilton,LEVEL IV,Level IV,Critical Access,25,Y,-93.812224,42.45294,2024-04-12
0095652172,Veterans Memorial Hospital,40 First Avenue Se,Waukon,IA,52172,Allamakee,LEVEL IV,Level IV,Critical Access,25,Y,-91.474111,43.268675,2024-04-12
0006252349,Virginia Gay Hospital,502 North Ninth Avenue,Vinton,IA,52349,Benton,LEVEL IV,Level IV,Critical Access,25,Y,-92.01254,42.173421,2024-04-12
0011352353,Washington County Hospital And Clinics,400 East Polk Street,Washington,IA,52353,Washington,LEVEL IV,Level IV,Critical Access,25,Y,-91.687642,41.289248,2024-04-12
0003650677,Waverly Health Center,312 Ninth Street Sw,Waverly,IA,50677,Bremer,LEVEL IV,Level IV,Critical Access,25,Y,-92.482576,42.722689,2024-04-12
0012950060,Wayne County Hospital,417 South East Street,Corydon,IA,50060,Wayne,LEVEL IV,Level IV,Critical Access,25,Y,-93.311521,40.754051,2024-04-12
0000652101,Winneshiek Medical Center,901 Montgomery Street,Decorah,IA,52101,Winneshiek,LEVEL IV,Level IV,Critical Access,25,Y,-91.774273,43.294645,2024-04-12
0001183254,Bear Lake Memorial Hospital,164 S Fifth St,Montpelier,ID,83254,Bear Lake,LEVEL IV,Level IV,Critical Access,21,Y,-111.300274,42.316163,2024-02-05
0001583221,Bingham Memorial Hospital,98 Poplar St,Blackfoot,ID,83221,Bingham,LEVEL IV,Level IV,Critical Access,35,Y,-112.346831,43.19324,2024-02-05
0000183864,Bonner General Hospital,520 N Third Ave,Sandpoint,ID,83864,Bonner,LEVEL IV,Level IV,Critical Access,25,Y,-116.549407,48.277596,2024-02-05
0001683805,Boundary Community Hospital,6640 Kaniksu St,Bonners Ferry,ID,83805,Boundary,LEVEL IV,Level IV,Critical Access,20,Y,-116.321082,48.702301,2024-02-05
0001783276,Caribou Memorial Hospital,300 S 3rd W,Soda Springs,ID,83276,Caribou,LEVEL IV,Level IV,Critical Access,25,Y,-111.614736,42.651491,2024-02-05
0000283544,Clearwater Valley Hospital And Clinics,301 Cedar St,Orofino,ID,83544,Clearwater,LEVEL IV,Level IV,Critical Access,23,Y,-116.259769,46.486929,2024-02-05
0000483403,Eastern Idaho Regional Medical Center,3100 Channing Way,Idaho Falls,ID,83404,Bonneville,LEVEL II,Level II,General Acute Care,292,Y,-111.991654,43.469976,2024-02-05
0002483843,Gritman Medical Center,700 S Main St,Moscow,ID,83843,Latah,LEVEL IV,Level IV,Critical Access,25,Y,-117.000547,46.728226,2024-02-05
0196784218,Idaho Falls Community Hospital,2327 Coronado Street,Idaho Falls,ID,83406,Bonneville,LEVEL IV,Level IV,General Acute Care,88,Y,-111.987535,43.474298,2024-02-05
0000783814,Kootenai Health,2003 Kootenai Health Way,Coeur D'Alene,ID,83814,Kootenai,LEVEL II,Level II,General Acute Care,330,Y,-116.793703,47.695503,2024-02-05
0002683213,Lost Rivers Medical Center,551 Highland Dr,Arco,ID,83213,Butte,LEVEL IV,Level IV,Critical Access,14,Y,-113.295233,43.639575,2024-02-05
0000883440,Madison Memorial Hospital,450 E Main St,Rexburg,ID,83440,Madison,LEVEL IV,Level IV,General Acute Care,69,Y,-111.770887,43.82578,2024-02-05
0155883252,Nell J Redfield Memorial Hospital,150 N 200 W,Malad,ID,83252,Oneida,LEVEL IV,Level IV,Critical Access,11,Y,-112.250332,42.18942,2024-02-05
0003183201,Portneuf Medical Center,777 Hospital Way,Pocatello,ID,83201,Bannock,LEVEL II,Level II,General Acute Care,205,Y,-112.420762,42.873853,2024-02-05
0196784248,Saint Alphonsus Medical Center - Nampa,4300 E Flamingo Ave,Nampa,ID,83687,Canyon,LEVEL IV,Level IV,General Acute Care,109,Y,-116.517392,43.597449,2024-02-05
0001083706,Saint Alphonsus Regional Medical Center,1055 N Curtis Rd,Boise,ID,83706,Ada,LEVEL II,Level II,General Acute Care,362,Y,-116.255808,43.613433,2024-02-05
0001483501,St Joseph Regional Medical Center,415 Sixth St,Lewiston,ID,83501,Nez Perce,LEVEL III,Level III,General Acute Care,145,Y,-117.024366,46.41644,2024-02-05
0003783638,St Luke'S Mccall,1000 State St,Mccall,ID,83638,Valley,LEVEL IV,Level IV,Critical Access,15,N,-116.110139,44.909048,2024-02-05
0155483712,St Luke'S Regional Medical Center,190 E Bannock St,Boise,ID,83712,Ada,LEVEL III,Level III,General Acute Care,605,Y,-116.192449,43.612565,2024-02-05
0156083340,St Luke'S Wood River Medical Center,100 Hospital Dr,Ketchum,ID,83340,Blaine,LEVEL IV,Level IV,Critical Access,25,Y,-114.350021,43.64832,2024-02-05
0004883522,St Mary'S Hospital,701 Lewiston St,Cottonwood,ID,83522,Idaho,LEVEL IV,Level IV,Critical Access,25,Y,-116.3533,46.05038,2024-02-05
0003883467,Steele Memorial Medical Center,203 S Daisy St,Salmon,ID,83467,Lemhi,LEVEL IV,Level IV,Critical Access,18,Y,-113.891747,45.17329,2024-02-05
0001983530,Syringa General Hospital,607 W Main St,Grangeville,ID,83530,Idaho,LEVEL IV,Level IV,Critical Access,16,N,-116.127217,45.927068,2024-02-05
0003983422,Teton Valley Hospital,120 E Howard Ave,Driggs,ID,83422,Teton,LEVEL IV,Level IV,Critical Access,13,Y,-111.108222,43.726983,2024-02-05
0196785224,Adventhealth Bolingbrook,500 Remington Boulevard,Bolingbrook,IL,60440,Will,Level II Trauma Center,Level II,General Acute Care,138,Y,-88.085013,41.68069,2023-12-21
0196785225,Adventhealth Glenoaks,701 Winthrop Avenue,Glendale Heights,IL,60139,Dupage,Level II Trauma Center,Level II,General Acute Care,143,Y,-88.057187,41.91496,2023-12-21
0012960139,Adventist Glen Oaks Hospital,701 Winthrop Ave,Glendale Heights,IL,60139,Dupage,LEVEL II,Level II,General Acute Care,143,Y,-88.056977,41.914825,2023-12-21
0006160521,Adventist Midwest Health,120 North Oak Street,Hinsdale,IL,60521,Dupage,LEVEL II,Level II,General Acute Care,261,Y,-87.921221,41.805917,2023-12-21
0003460525,Adventist Midwest Health,5101 South Willow Springs Road,La Grange,IL,60525,Cook,LEVEL II,Level II,General Acute Care,186,Y,-87.886395,41.797061,2023-12-21
0010160453,Advocate Christ Hospital And Medical Center,4440 W 95th Street,Oak Lawn,IL,60453,Cook,LEVEL I,Level I,General Acute Care,802,Y,-87.732442,41.721695,2023-12-21
0009960048,Advocate Condell Medical Center,801 S Milwaukee Ave,Libertyville,IL,60048,Lake,LEVEL I,Level I,General Acute Care,275,Y,-87.9577,42.274235,2023-12-21
0012860010,Advocate Health And Hospitals Corporation,450 West Highway 22,Barrington,IL,60010,Lake,LEVEL II,Level II,General Acute Care,176,Y,-88.172819,42.195382,2023-12-21
0196785227,Advocate Illinois Masonic Medical Center,836 West Wellington Avenue,Chicago,IL,60657,Cook,Level I Trauma Center,Level I,General Acute Care,326,N,-87.651175,41.936772,2023-12-21
0001460123,Advocate Sherman Hospital,1425 North Randall Road,Elgin,IL,60123,Kane,LEVEL II,Level II,General Acute Care,255,Y,-88.330702,42.070587,2023-12-21
0097460611,Ann And Robert H Lurie Children'S Hospital Of Chicago,"225 East Chicago Avenue, Po Box 140",Chicago,IL,60611,Cook,LEVEL I PEDIATRIC,Pediatric Level I,Children,364,Y,-87.621719,41.89645,2023-12-21
0196785229,Ascension Alexian Brothers,800 West Biesterfield Road,Elk Grove Village,IL,60007,Cook,Level II Trauma Center,Level II,General Acute Care,396,Y,-88.016763,42.004723,2023-12-21
0196785230,Ascension Mercy,1325 North Highland Avenue,Aurora,IL,60506,Kane,Level II Trauma Center,Level II,General Acute Care,292,Y,-88.325635,41.785952,2023-12-21
0196785232,Ascension Saint Alexius,1555 Barrington Road,Hoffman Estates,IL,60169,Cook,Level II Trauma Center,Level II,General Acute Care,318,Y,-88.141034,42.052974,2023-12-21
0196785378,Ascension Saint Joseph - Elgin,77 North Airlite Street,Elgin,IL,60120,Kane,Level II Trauma Center,Level II,General Acute Care,184,Y,-88.325947,42.035948,2023-12-21
0196785234,Ascension Saint Joseph - Joliet,333 North Madison Street,Joliet,IL,60435,Will,Level II Trauma Center,Level II,General Acute Care,498,Y,-88.136035,41.528677,2023-12-21
0196785235,Ascension Saint Mary,500 West Court Street,Kankakee,IL,60901,Kankakee,Level II Trauma Center,Level II,General Acute Care,182,Y,-87.872166,41.120569,2023-12-21
0000962301,Blessing Hospital,1005 Broadway St,Quincy,IL,62301,Adams,LEVEL II,Level II,General Acute Care,347,Y,-91.399273,39.937412,2023-12-21
0006461761,Carle Bromenn Medical Center,1304 Franklin Avenue,Normal,IL,61761,Mclean,LEVEL II,Level II,General Acute Care,221,Y,-88.99085,40.496971,2023-12-21
0011560190,Central Dupage Hospital,25 N Winfield Rd,Winfield,IL,60190,Dupage,LEVEL II,Level II,General Acute Care,408,Y,-88.155759,41.873521,2023-12-21
0006762526,Decatur Memorial Hospital,2300 N Edward Street,Decatur,IL,62526,Macon,LEVEL II,Level II,General Acute Care,300,Y,-88.960983,39.867253,2023-12-21
0010460134,Delnor Community Hospital,300 Randall Rd,Geneva,IL,60134,Kane,LEVEL II,Level II,General Acute Care,159,Y,-88.34345,41.886615,2023-12-21
0011060540,Edward Hospital,801 S Washington St,Naperville,IL,60540,Dupage,LEVEL II,Level II,General Acute Care,359,Y,-88.149985,41.760966,2023-12-21
0009860126,Elmhurst Memorial Hospital,155 E Brush Hill Rd,Elmhurst,IL,60126,Dupage,LEVEL II,Level II,General Acute Care,258,Y,-87.935579,41.863762,2023-12-21
0012160153,Foster G. Mcgaw Hospital Loyola University Medical Center,2160 S 1st St,Maywood,IL,60153,Cook,LEVEL I,Level I,General Acute Care,547,Y,-87.834854,41.860229,2023-12-21
0001961401,Galesburg Cottage Hospital,695 N Kellogg St,Galesburg,IL,61401,Knox,LEVEL II,Level II,General Acute Care,133,Y,-90.36576,40.955799,2023-12-21
0196785241,Genesis Medical Center-Silvis,801 Illini Drive,Silvis,IL,61282,Rock Island,Level II Trauma Center,Level II,General Acute Care,137,Y,-90.41842,41.494379,2023-12-21
0012560515,Good Samaritan Hospital - Advocate,3815 Highland Ave,Downers Grove,IL,60515,Dupage,LEVEL I,Level I,General Acute Care,293,Y,-88.008116,41.818466,2023-12-21
0000460160,Gottlieb Memorial Hospital,701 W North Ave,Melrose Park,IL,60160,Cook,LEVEL II,Level II,General Acute Care,247,Y,-87.842815,41.91053,2023-12-21
0006260612,John H. Stroger Jr. Hospital Of Cook County,1901 W Harrison Street,Chicago,IL,60612,Cook,"LEVEL I ADULT, LEVEL I PEDIATRIC",Level I,General Acute Care,450,Y,-87.674398,41.872335,2023-12-21
0196785246,Loyola Macneal Hospital,3249 South Oak Park Avenue,Berwyn,IL,60402,Cook,Level II Trauma Center,Level II,General Acute Care,374,N,-87.792158,41.832037,2023-12-21
0010760068,Lutheran General Hospital - Advocate,1775 Dempster Street,Park Ridge,IL,60068,Cook,LEVEL I,Level I,General Acute Care,651,Y,-87.847334,42.038802,2023-12-21
0008062901,Memorial Hospital Of Carbondale,405 W Jackson St,Carbondale,IL,62901,Jackson,LEVEL II,Level II,General Acute Care,162,Y,-89.220593,37.727446,2023-12-21
0196785433,"Mercy Crystal Lake Hospital And Medical Center, Inc",875 S. Route 31,Crystal Lake,IL,60014,Mchenry,LEVEL III,Level III,General Acute Care,13,NOT AVAILABLE,-88.285194,42.217152,2025-01-24
0196784281,Mercyhealth Javon Bea Hospital - Riverside Blvd Campus,8201 East Riverside Boulevard,Rockford,IL,61114,Winnebago,LEVEL I,Level I,General Acute Care,194,Y,-88.960328,42.31619,2023-12-21
0010261603,Methodist Medical Center Of Illinois,221 Northeast Glen Oak,Peoria,IL,61636,Peoria,LEVEL II,Level II,General Acute Care,329,Y,-89.595175,40.700139,2023-12-21
0196785248,Morris Hospital & Healthcare Centers,150 West High St.,Morris,IL,60450,Grundy,Level II Trauma Center,Level II,General Acute Care,89,Y,-88.426827,41.369387,2023-12-21
0005060450,Morris Hospital And Health Care Centers,150 W High St,Morris,IL,60450,Grundy,LEVEL II,Level II,General Acute Care,89,Y,-88.426753,41.369326,2023-12-21
0196785249,Mount Sinai Hospital,California At 15th Street,Chicago,IL,60608,Cook,Level I Trauma Center,Level I,General Acute Care,288,N,-87.694792,41.861127,2023-12-21
0001060608,Mt. Sinai Hospital Medical Center,1500 S Fairfield Ave,Chicago,IL,60608,Cook,LEVEL I,Level I,General Acute Care,288,N,-87.694339,41.86081,2023-12-21
0097860201,Northshore University Healthsystem,2650 Ridge Avenue,Evanston,IL,60201,Cook,LEVEL I,Level I,General Acute Care,374,N,-87.684713,42.065534,2023-12-21
0000860025,Northshore University Healthsystem,2100 Pfingsten Road,Glenview,IL,60025,Cook,LEVEL II,Level II,General Acute Care,173,Y,-87.852563,42.092552,2023-12-21
0001060035,Northshore University Healthsystem,777 Park Avenue West,Highland Park,IL,60035,Lake,LEVEL II,Level II,General Acute Care,139,N,-87.808415,42.191107,2023-12-21
0002560076,Northshore University Healthsystem,9600 Gross Point Rd,Skokie,IL,60076,Cook,LEVEL II,Level II,General Acute Care,123,N,-87.74071,42.056416,2023-12-21
0011860005,Northwest Community Hospital,800 W Central Road,Arlington Heights,IL,60005,Cook,LEVEL II,Level II,General Acute Care,509,Y,-87.992182,42.068291,2023-12-21
0196060045,Northwestern Lake Forest Hospital,1000 N Westmoreland Rd,Lake Forest,IL,60045,Lake,LEVEL II,Level II,General Acute Care,114,Y,-87.865415,42.255794,2023-12-21
0196784164,Northwestern Medicine - Huntley,10400 Haligus Road,Huntley,IL,60142,Mchenry,LEVEL II,Level II,General Acute Care,128,Y,-88.399634,42.17809,2023-12-21
0008560098,Northwestern Medicine - Woodstock,3701 Doty Road,Woodstock,IL,60098,Mchenry,LEVEL II,Level II,General Acute Care,56,Y,-88.400804,42.275597,2023-12-21
0196785250,Northwestern Medicine Delnor Hospital,300 Randall Road,Geneva,IL,60134,Kane,Level II Trauma Center,Level II,General Acute Care,159,Y,-88.34359,41.886576,2023-12-21
0196785252,Northwestern Medicine Lake Forest Hospital,660 North Westmoreland Road,Lake Forest,IL,60045,Lake,Level II Trauma Center,Level II,General Acute Care,114,Y,-87.865621,42.255888,2023-12-21
0005660050,Northwestern Medicine Mchenry - Woodstock - Huntley Hospital,"4201 Medical Center Drive Mchenry; 3701 Doty Road, Woodstock",Mchenry,IL,60050,Mchenry,LEVEL II,Level II,General Acute Care,166,Y,-88.279468,42.317798,2023-12-21
0012360611,Northwestern Memorial Hospital,251 East Huron Street,Chicago,IL,60611,Cook,LEVEL I,Level I,General Acute Care,943,N,-87.621024,41.894608,2023-12-21
0002662002,Osf Saint Anthony'S Health Center,1 Saint Anthony'S Way,Alton,IL,62002,Madison,LEVEL I,Level I,General Acute Care,49,Y,-90.173293,38.907996,2023-12-21
0008460506,Presence Central And Suburban Hospitals Network,1325 N Highland Ave,Aurora,IL,60506,Kane,LEVEL II,Level II,General Acute Care,292,Y,-88.325769,41.78581,2023-12-21
0003960202,Presence Chicago Hospitals Network,355 Ridge Avenue,Evanston,IL,60202,Cook,LEVEL I,Level I,General Acute Care,197,N,-87.684568,42.024389,2023-12-21
0009360901,Riverside Medical Center,350 N Wall Street,Kankakee,IL,60901,Kankakee,LEVEL II,Level II,General Acute Care,300,Y,-87.881899,41.125087,2023-12-21
0196785254,Rush Copley Medical Center,2000 Ogden Avenue,Aurora,IL,60504,Kane,Level II Trauma Center,Level II,General Acute Care,210,Y,-88.270494,41.729086,2023-12-21
0003561603,Saint Francis Medical Center,530 North East Glen Oak Ave,Peoria,IL,61637,Peoria,"LEVEL I ADULT, LEVEL I PEDIATRIC",Level I,General Acute Care,622,N,-89.591918,40.702508,2023-12-21
0010560451,Silver Cross Hospital And Medical Centers,1900 Silver Cross Blvd,New Lenox,IL,60451,Will,LEVEL II,Level II,General Acute Care,348,Y,-87.983436,41.544687,2023-12-21
0018262056,St. Francis Hospital,"1215 Franciscan Dr, Po Box 1215",Litchfield,IL,62056,Montgomery,LEVEL I,Level I,Critical Access,25,Y,-89.639056,39.181214,2023-12-21
0002762703,St. John'S Hospital,800 E Carpenter St,Springfield,IL,62702,Sangamon,"LEVEL I ADULT, LEVEL II PEDIATRIC",Level I,General Acute Care,422,Y,-89.644008,39.805439,2023-12-21
0007961701,St. Joseph Medical Center,2200 E Washington Street,Bloomington,IL,61701,Mclean,LEVEL II,Level II,General Acute Care,149,Y,-88.955562,40.482677,2023-12-21
0003361401,St. Mary Medical Center,3333 North Seminary Street,Galesburg,IL,61401,Knox,LEVEL II,Level II,General Acute Care,83,Y,-90.360245,40.98671,2023-12-21
0004661801,The Carle Foundation Hospital,611 West Park Street,Urbana,IL,61801,Champaign,LEVEL I,Level I,General Acute Care,453,Y,-88.214949,40.117042,2023-12-21
0196785439,The University Of Chicago Medical Center,5841 S Maryland Ave Mc 1000,Chicago,IL,60637,Cook,"LEVEL I ADULT, LEVEL I PEDIATRIC",Level I,General Acute Care,891,NOT AVAILABLE,-87.604566,41.788313,2025-01-24
0012261201,Trinity Medical Center - West,2701 17th Street,Rock Island,IL,61201,Rock Island,LEVEL II,Level II,General Acute Care,276,Y,-90.570418,41.482615,2023-12-21
0196785259,Uw Health Swedishamerican Hospital,1401 East State Street,Rockford,IL,61104,Winnebago,Level II Trauma Center,Level II,General Acute Care,381,Y,-89.07417,42.26561,2023-12-21
0196785260,Vista Medical Center East,1324 North Sheridan Road,Waukegan,IL,60085,Lake,Level II Trauma Center,Level II,General Acute Care,228,Y,-87.832307,42.378363,2023-12-21
0012746016,Ascension St Vincent Anderson,2015 Jackson St,Anderson,IN,46016,Madison,LEVEL III,Level III,General Acute Care,195,Y,-85.681306,40.095485,2024-03-20
0013947750,Ascension St Vincent Evansville,3700 Washington Ave,Evansville,IN,47750,Vanderburgh,"LEVEL II ADULT, LEVEL II PEDIATRIC",Level II,General Acute Care,426,Y,-87.502926,37.963344,2024-03-20
0014646260,Ascension St Vincent Hospital,2001 W 86th St,Indianapolis,IN,46260,Marion,LEVEL I,Level I,General Acute Care,840,Y,-86.195732,39.908987,2024-03-20
0001446011,Community Hospital Of Anderson And Madison County,1515 N Madison Ave,Anderson,IN,46011,Madison,LEVEL III,Level III,General Acute Care,137,Y,-85.693209,40.130646,2024-03-20
0002147747,Deaconess Hospital Inc,600 Mary St,Evansville,IN,47747,Vanderburgh,LEVEL II,Level II,General Acute Care,571,Y,-87.571107,37.98374,2024-03-20
0002946514,Elkhart General Hospital,600 E Blvd,Elkhart,IN,46514,Elkhart,LEVEL III,Level III,General Acute Care,222,Y,-85.993271,41.679347,2024-03-20
0157146254,Eskenazi Health,720 Eskenazi Avenue,Indianapolis,IN,46202,Marion,LEVEL I,Level I,General Acute Care,337,Y,-86.183986,39.777883,2024-03-20
0003746307,Franciscan Health Crown Point,1201 S Main St,Crown Point,IN,46307,Lake,LEVEL III,Level III,General Acute Care,148,Y,-87.366975,41.39562,2024-03-20
0004147905,Franciscan Health Lafayette,1701 S Creasy Ln,Lafayette,IN,47905,Tippecanoe,LEVEL III,Level III,General Acute Care,203,Y,-86.834549,40.39402,2024-03-20
0004747591,Good Samaritan Hospital,520 S 7th St,Vincennes,IN,47591,Knox,LEVEL III,Level III,General Acute Care,144,Y,-87.532093,38.673313,2024-03-20
0156546202,Indiana University Health,1701 N Senate Blvd,Indianapolis,IN,46202,Marion,LEVEL I,Level I,General Acute Care,1244,Y,-86.163053,39.790045,2024-03-20
0006147905,Indiana University Health Arnett Hospital,5165 Mccarty Ln,Lafayette,IN,47905,Tippecanoe,LEVEL III,Level III,General Acute Care,191,Y,-86.806373,40.40053,2024-03-20
0006247303,Indiana University Health Ball Memorial Hospital,2401 University Ave,Muncie,IN,47303,Delaware,LEVEL III,Level III,General Acute Care,379,Y,-85.415556,40.196778,2024-03-20
0006547403,Iu Health Bloomington Hospital,601 W Second St,Bloomington,IN,47403,Monroe,LEVEL III,Level III,General Acute Care,297,Y,-86.539894,39.159893,2024-03-20
0196784594,Lutheran Hospital Of Indiana,7910 W Jefferson Blvd,Fort Wayne,IN,46804,Allen,"LEVEL II ADULT, LEVEL II PEDIATRIC",Level II,General Acute Care,396,Y,-85.249858,41.039081,2024-03-20
0008746804,Lutheran Hospital Of Indiana Th,7950 W Jefferson Blvd,Fort Wayne,IN,46804,Allen,"LEVEL II, LEVEL II PEDIATRIC",Level II,Special,396,Y,-85.249849,41.039212,2024-03-20
0009347546,Memorial Hospital And Health Care Center,800 W 9th St,Jasper,IN,47546,Dubois,LEVEL III,Level III,General Acute Care,114,Y,-86.941229,38.395012,2024-03-20
0009446601,Memorial Hospital Of South Bend,615 N Michigan St,South Bend,IN,46601,St. Joseph,LEVEL II,Level II,General Acute Care,373,Y,-86.251579,41.684055,2024-03-20
0009646402,Methodist Hospitals Inc,600 Grant St,Gary,IN,46402,Lake,LEVEL III,Level III,General Acute Care,536,Y,-87.35767,41.599559,2024-03-20
0156346805,Parkview Hospital Randallia,2200 Randallia Drive,Fort Wayne,IN,46805,Allen,LEVEL II,Level II,General Acute Care,174,Y,-85.110219,41.096171,2024-03-20
0010746805,Parkview Regional Medical Center,11109 Parkview Plaza Drive,Fort Wayne,IN,46845,Allen,"LEVEL II ADULT, LEVEL II PEDIATRIC",Level II,General Acute Care,725,Y,-85.101793,41.188452,2024-03-20
0012047374,Reid Health,1100 Reid Pkwy,Richmond,IN,47374,Wayne,LEVEL III,Level III,General Acute Care,221,Y,-84.884285,39.86471,2024-03-20
0000000102,Riley Hospital For Children,705 Riley Hospital Dr,Indianapolis,IN,46202,Marion,LEVEL I PEDIATRIC,Pediatric Level I,Children,,Y,-86.180276,39.777108,2024-03-20
0015747802,Terre Haute Regional Hospital,3901 S Seventh St,Terre Haute,IN,47802,Vigo,LEVEL III,Level III,General Acute Care,278,Y,-87.409047,39.419396,2024-03-20
0016147804,Union Hospital Inc,1606 N Seventh St,Terre Haute,IN,47804,Vigo,LEVEL III,Level III,General Acute Care,257,Y,-87.406976,39.485865,2024-03-20
0010366067,Adventhealth Otawa,1301 South Main Street,Ottawa,KS,66067,Franklin,LEVEL IV,Level IV,Long Term Care,44,Y,-95.267617,38.59635,2024-04-15
0157767701,Allen County Regional Hospital,3066 North Kentucky Street,Iola,KS,66749,Allen,LEVEL IV,Level IV,Critical Access,25,Y,-95.391734,37.948799,2024-04-15
0005166434,Amberwell Hiawatha,300 Utah Street,Hiawatha,KS,66434,Brown,LEVEL IV,Level IV,Critical Access,25,Y,-95.530786,39.852337,2024-04-15
0004466032,Anderson County Hospital,"421 South Maple, Po Box 309",Garnett,KS,66032,Anderson,LEVEL IV,Level IV,Critical Access,12,Y,-95.251773,38.279721,2024-04-15
0011566762,Ascension Via Christi Hospital Pittsburg Inc,1 Mt Carmel Way,Pittsburg,KS,66762,Crawford,LEVEL III,Level III,Long Term Care,89,Y,-94.684629,37.380159,2024-04-15
0014667214,Ascension Via Christi Hospitals Wichita Inc,929 North St Francis,Wichita,KS,67214,Sedgwick,LEVEL I,Level I,Long Term Care,1433,Y,-97.332278,37.699899,2024-04-15
0012967756,Cheyenne County Hospital,210 West 1st Street,St. Francis,KS,67756,Cheyenne,LEVEL IV,Level IV,Critical Access,16,N,-101.803224,39.771353,2024-04-15
0002267701,Citizens Medical Center,100 East College Drive,Colby,KS,67701,Thomas,LEVEL IV,Level IV,Critical Access,25,Y,-101.044389,39.378719,2024-04-15
0005667544,Clara Barton Hospital,250 West 9th Street,Hoisington,KS,67544,Barton,LEVEL IV,Level IV,Critical Access,23,Y,-98.778463,38.522435,2024-04-15
0002467029,Comanche County Hospital,2nd And Frisco,Coldwater,KS,67029,Comanche,LEVEL IV,Level IV,Critical Access,12,N,-99.332655,37.268079,2024-04-15
0009666521,Community Hospital - Onaga And St Marys Campus,120 West 8th Street,Onaga,KS,66521,Pottawatomie,LEVEL IV,Level IV,Critical Access,25,Y,-96.171428,39.495989,2024-04-15
0009066508,Community Memorial Healthcare,708 N 18th St,Marysville,KS,66508,Marshall,LEVEL IV,Level IV,Critical Access,25,N,-96.635439,39.8487,2024-04-15
0004566743,Girard Medical Center,302 North Hospital Drive,Girard,KS,66743,Crawford,LEVEL IV,Level IV,Critical Access,25,Y,-94.85773,37.514604,2024-04-15
0012167572,Grisell Memorial Hospital Dist Number 1,210 South Vermont,Ransom,KS,67572,Ness,LEVEL IV,Level IV,Critical Access,25,N,-99.931152,38.635989,2024-04-15
0001867601,Hays Medical Center Inc,2220 Canterbury Drive,Hays,KS,67601,Ellis,LEVEL III,Level III,Long Term Care,206,Y,-99.296094,38.880566,2024-04-15
0002366436,Holton Community Hospital,1110 Columbine Dr,Holton,KS,66436,Jackson,LEVEL IV,Level IV,Critical Access,12,Y,-95.751538,39.48008,2024-04-15
0008767554,Hospital District Number 1 Of Rice Co,619 South Clark Avenue,Lyons,KS,67554,Rice,LEVEL IV,Level IV,Critical Access,25,Y,-98.216777,38.341426,2024-04-15
0002567502,Hutchinson Regional Medical Center Inc,1701 East 23rd Avenue,Hutchinson,KS,67502,Reno,LEVEL III,Level III,Long Term Care,190,Y,-97.892044,38.077634,2024-04-15
0007467068,Kingman Healthcare Center,750 W Ave D,Kingman,KS,67068,Kingman,LEVEL IV,Level IV,Critical Access,25,Y,-98.12322,37.647649,2024-04-15
0011367357,Labette Health,1902 S Us Hwy 59,Parsons,KS,67357,Labette,LEVEL III,Level III,Long Term Care,99,Y,-95.264456,37.321081,2024-04-15
0005866044,Lawrence Memorial Hospital,325 Maine Street,Lawrence,KS,66044,Douglas,LEVEL IV,Level IV,Long Term Care,157,Y,-95.248584,38.978931,2024-04-15
0006867456,Lindsborg Community Hospital,605 West Lincoln Street,Lindsborg,KS,67456,Mcpherson,LEVEL IV,Level IV,Critical Access,21,Y,-97.683532,38.572954,2024-04-15
0007367460,Mcpherson Hospital Inc,1000 Hospital Drive,Mcpherson,KS,67460,Mcpherson,LEVEL IV,Level IV,Long Term Care,49,N,-97.67065,38.37854,2024-04-15
0011166071,Miami County Medical Center,2100 Baptiste Drive,Paola,KS,66071,Miami,LEVEL IV,Level IV,Long Term Care,39,Y,-94.849065,38.569318,2024-04-15
0002067420,Mitchell County Hospital Health Systems,"400 W 8th Street, Po Box 399",Beloit,KS,67420,Mitchell,LEVEL IV,Level IV,Critical Access,25,N,-98.11438,39.467204,2024-04-15
0012466538,Nemaha Valley Community Hospital,1600 Community Drive,Seneca,KS,66538,Nemaha,LEVEL IV,Level IV,Critical Access,22,Y,-96.078131,39.83744,2024-04-15
0000666720,Neosho Memorial Regional Med Center,629 South Plummer,Chanute,KS,66720,Neosho,LEVEL IV,Level IV,Critical Access,25,Y,-95.472117,37.675277,2024-04-15
0003566801,Newman Regional Health,1201 W 12th Ave,Emporia,KS,66801,Lyon,LEVEL IV,Level IV,Critical Access,25,Y,-96.196199,38.411723,2024-04-15
0009567654,Norton County Hospital,"102 East Holme, Po Box 250",Norton,KS,67654,Norton,LEVEL IV,Level IV,Critical Access,25,N,-99.888113,39.837946,2024-04-15
0010966215,Overland Park Regional Medical Center,10500 Quivira Road Box 15959,Overland Park,KS,66215,Johnson,LEVEL II,Level II,Long Term Care,351,Y,-94.726414,38.937464,2024-04-15
0005567550,Pawnee Valley Community Hospital,923 Carroll Avenue,Larned,KS,67550,Pawnee,LEVEL IV,Level IV,Critical Access,25,Y,-99.107482,38.184335,2024-04-15
0011767124,Pratt Regional Medical Center,200 Commodore St,Pratt,KS,67124,Pratt,LEVEL IV,Level IV,Long Term Care,35,Y,-98.729284,37.6445,2024-04-15
0003466112,Providence Medical Center,8929 Parallel Parkway,Kansas City,KS,66112,Wyandotte,LEVEL IV,Level IV,Long Term Care,400,Y,-94.786703,39.126656,2024-04-15
0001767730,Rawlins County Health Center,707 Grant Street,Atwood,KS,67730,Rawlins,LEVEL IV,Level IV,Critical Access,15,Y,-101.038343,39.81389,2024-04-15
0000466935,Republic County Hospital,2420 G Street,Belleville,KS,66935,Republic,LEVEL IV,Level IV,Critical Access,25,N,-97.637378,39.817673,2024-04-15
0012267663,Rooks County Health Center,"1210 North Washington, Po Box 389",Plainville,KS,67663,Rooks,LEVEL IV,Level IV,Critical Access,22,Y,-99.296462,39.247565,2024-04-15
0012566534,Sabetha Community Hospital,"14th And Oregon, Po Box 229",Sabetha,KS,66534,Nemaha,LEVEL IV,Level IV,Critical Access,25,Y,-95.808122,39.89893,2024-04-15
0011867401,Salina Regional Health Center,400 S Santa Fe Ave,Salina,KS,67401,Saline,LEVEL III,Level III,Long Term Care,374,Y,-97.610031,38.833434,2024-04-15
0012767870,Satanta District Hospital,"401 S Cheyenne Street, Po Box 159",Satanta,KS,67870,Haskell,LEVEL IV,Level IV,Critical Access,13,Y,-100.986563,37.437093,2024-04-15
0012866967,Smith County Memorial Hospital,"921 E Highway 36, Po Box 349",Smith Center,KS,66967,Smith,LEVEL IV,Level IV,Critical Access,16,Y,-98.784842,39.771089,2024-04-15
0008966861,St Luke Hospital,535 South Freeborn,Marion,KS,66861,Marion,LEVEL IV,Level IV,Critical Access,10,Y,-97.010508,38.342687,2024-04-15
0013566604,Stormont Vail Hospital,1500 Sw 10th Avenue,Topeka,KS,66604,Shawnee,LEVEL II,Level II,Long Term Care,586,Y,-95.696152,39.052062,2024-04-15
0001567530,The University Of Kansas Health System Great Bend Campus,514 Cleveland Street,Great Bend,KS,67530,Barton,LEVEL IV,Level IV,Special,33,Y,-98.790713,38.356166,2024-04-15
0188666160,University Of Kansas Hospital,4000 Cambridge Street,Kansas City,KS,66160,Wyandotte,LEVEL I,Level I,Long Term Care,1045,Y,-94.608982,39.055827,2024-04-15
0003866160,University Of Kansas Hospital Transplant Center,3901 Rainbow Bldv,Kansas City,KS,66106,Wyandotte,LEVEL I,Level I,Long Term Care,910,Y,-94.611299,39.056167,2024-04-15
0015367214,Wesley Medical Center,550 North Hillside Street,Wichita,KS,67214,Sedgwick,LEVEL I,Level I,Long Term Care,859,Y,-97.297903,37.694993,2024-04-15
0015767156,William Newton Memorial Hospital,1300 East 5th Avenue,Winfield,KS,67156,Cowley,LEVEL IV,Level IV,Critical Access,25,Y,-96.982102,37.245168,2024-04-15
0005942437,Deaconess Union County Hospital,4604 Us Highway 60 West,Morganfield,KY,42437,Union,LEVEL IV,Level IV,Critical Access,25,Y,-87.947656,37.628796,2024-04-01
0002040484,Ephraim Mcdowell Fort Logan Hospital,110 Metker Trail,Stanford,KY,40484,Lincoln,LEVEL IV,Level IV,Critical Access,25,Y,-84.653037,37.542794,2024-04-01
0002140422,Ephraim Mcdowell Regional Medical Center,217 South Third Street,Danville,KY,40422,Boyle,LEVEL III,Level III,General Acute Care,197,N,-84.773001,37.643873,2024-04-01
0002440601,Frankfort Regional Medical Center,299 Kings Daughters Drive,Frankfort,KY,40601,Franklin,LEVEL III,Level III,Long Term Care,173,Y,-84.906894,38.160662,2024-04-01
0003140831,Harlan Arh Hospital,81 Ball Park Road,Harlan,KY,40831,Harlan,LEVEL IV,Level IV,General Acute Care,150,Y,-83.313598,36.809455,2024-04-01
0003241031,Harrison Memorial Hospital,1210 Ky Hwy 36 E,Cynthiana,KY,41031,Harrison,LEVEL IV,Level IV,General Acute Care,61,Y,-84.277686,38.383969,2024-04-01
0004942078,"Livingston Hospital And Healthcare Services, Inc",131 Hospital Drive,Salem,KY,42078,Livingston,LEVEL IV,Level IV,Critical Access,25,Y,-88.228502,37.263053,2024-04-01
0005240336,Marcum And Wallace Memorial Hospital,60 Mercy Court,Irvine,KY,40336,Estill,LEVEL IV,Level IV,Critical Access,25,Y,-83.977277,37.706197,2024-04-01
0006040965,Middlesboro Appalachian Regional Healthcare Hospital,3600 West Cumberland Avenue,Middlesboro,KY,40965,Bell,LEVEL IV,Level IV,General Acute Care,96,Y,-83.740193,36.605826,2024-04-01
0006241472,Morgan County Arh Hospital,476 Liberty Road,West Liberty,KY,41472,Morgan,LEVEL IV,Level IV,Critical Access,25,Y,-83.265576,37.920033,2024-04-01
0007140207,Norton Women'S And Children'S Hospital,4001 Dutchmans Lane,Louisville,KY,40207,Jefferson,LEVEL I,Level I,Women,373,N,-85.632937,38.23533,2024-04-01
0187942303,Owensboro Health Regional Hospital,1201 Pleasant Valley Road,Owensboro,KY,42303,Daviess,LEVEL III,Level III,General Acute Care,447,Y,-87.064292,37.779485,2024-04-01
0011442754,Owensboro Health Twin Lakes Medical Center,910 Wallace Avenue,Leitchfield,KY,42754,Grayson,LEVEL IV,Level IV,General Acute Care,75,Y,-86.288593,37.472515,2024-04-01
0008041501,Pikeville Medical Center,911 Bypass Road,Pikeville,KY,41501,Pike,LEVEL II,Level II,General Acute Care,340,Y,-82.522247,37.471242,2024-04-01
0008640456,Rockcastle Regional Hospital And Respiratory Care Ct,145 Newcomb Avenue,Mount Vernon,KY,40456,Rockcastle,LEVEL IV,Level IV,General Acute Care,26,Y,-84.335903,37.357964,2024-04-01
0010542718,Taylor Regional Hospital,1700 Old Lebanon Road,Campbellsville,KY,42718,Taylor,LEVEL III,Level III,General Acute Care,90,Y,-85.338107,37.366352,2024-04-01
0010840330,The James B Haggin Memorial Hospital,464 Linden Avenue,Harrodsburg,KY,40330,Mercer,LEVEL IV,Level IV,Critical Access,25,Y,-84.848739,37.757064,2024-04-01
0012341503,Tug Valley Arh Regional Medical Center,260 Hospital Drive,South Williamson,KY,41503,Pike,LEVEL IV,Level IV,General Acute Care,113,Y,-82.297023,37.676511,2024-04-01
0011540508,Uk Healthcare Good Samaritan Hospital,310 South Limestone Street,Lexington,KY,40508,Fayette,LEVEL I,Level I,General Acute Care,221,N,-84.501039,38.042311,2024-04-01
0011640536,University Of Kentucky Hospital,800 Rose Street,Lexington,KY,40536,Fayette,"LEVEL I ADULT, LEVEL I PEDIATRIC",Level I,General Acute Care,724,Y,-84.507443,38.030965,2024-04-01
0011740202,University Of Louisville Hospital,530 South Jackson Street,Louisville,KY,40202,Jefferson,LEVEL I,Level I,General Acute Care,404,Y,-85.744336,38.248323,2024-04-01
0012241858,Whitesburg Arh Hospital,240 Hospital Road,Whitesburg,KY,41858,Letcher,LEVEL IV,Level IV,General Acute Care,90,Y,-82.812522,37.112927,2024-04-01
0007570601,Lake Charles Memorial Hospital,1701 Oak Park Boulevard,Lake Charles,LA,70601,Calcasieu,LEVEL III,Level III,General Acute Care,314,Y,-93.197444,30.204319,2024-03-01
0009270435,Lakeview Regional Medical Center,95 Judge Tanner Blvd,Covington,LA,70433,St. Tammany,LEVEL III,Level III,General Acute Care,167,Y,-90.080677,30.411124,2024-03-01
0011470403,"North Oaks Medical Center, Llc",15790 Paul Vega Md Drive,Hammond,LA,70403,Tangipahoa,LEVEL II,Level II,General Acute Care,330,Y,-90.461114,30.465111,2024-03-01
0011570403,"North Oaks Rehabilitation Hospital, Llc",1900 South Morrison Boulevard,Hammond,LA,70403,Tangipahoa,LEVEL II,Level II,Rehabilitation,27,N,-90.484556,30.483937,2024-03-01
0008970503,Ochsner Lafayette General Medical Center,1214 Coolidge Avenue,Lafayette,LA,70503,Lafayette,LEVEL II,Level II,General Acute Care,461,Y,-92.019363,30.202686,2024-03-01
0010471103,Ochsner Lsu Health Shreveport,1541 Kings Highway,Shreveport,LA,71103,Caddo,LEVEL I,Level I,General Acute Care,244,Y,-93.76166,32.480737,2024-03-01
0014070808,Our Lady Of The Lake Regional Medical Center,5000 Hennessy Blvd,Baton Rouge,LA,70808,East Baton Rouge,LEVEL II,Level II,General Acute Care,988,Y,-91.106344,30.40372,2024-03-01
0017570458,Our Lady Of The Lake Surgical Hospital,1700 W Lindberg Drive,Slidell,LA,70458,St. Tammany,LEVEL II,Level II,General Acute Care,988,N,-89.755817,30.273219,2024-03-01
0015471301,Rapides Regional Medical Center,"211 Fourth Street, Box 30101",Alexandria,LA,71301,Rapides,LEVEL II,Level II,General Acute Care,362,Y,-92.449669,31.315081,2024-03-01
0160270505,St. Francis Medical Center,309 Jackson Street,Monroe,LA,71201,Ouachita,LEVEL III,Level III,General Acute Care,317,N,-92.114554,32.499821,2024-03-01
0019170433,St. Tammany Parish Hospital,1202 South Tyler Street,Covington,LA,70433,St. Tammany,LEVEL III,Level III,General Acute Care,218,Y,-90.11293,30.468664,2024-03-01
0028070112,University Medical Center New Orleans,2000 Canal Street,New Orleans,LA,70112,Orleans,LEVEL I,Level I,General Acute Care,506,Y,-90.081949,29.960186,2024-03-01
0003701950,Anna Jaques Hospital,25 Highland Avenue,Newburyport,MA,01950,Essex,LEVEL III ADULT,Level III,General Acute Care,111,Y,-70.8911,42.8144,2023-11-14
0004701199,Baystate Medical Center,759 Chestnut Street,Springfield,MA,01199,Hampden,"LEVEL I ADULT, LEVEL II PEDIATRIC",Level I,General Acute Care,746,Y,-72.6032,42.1217,2023-11-14
0004201201,Berkshire Med Ctr Inc - Berkshire Cam,725 North Street,Pittsfield,MA,01201,Berkshire,LEVEL III ADULT,Level III,General Acute Care,298,N,-73.2492,42.46,2023-11-14
0000502215,Beth Israel Deaconess Med Ctr - East,330 Brookline Avenue,Boston,MA,02215,Suffolk,LEVEL I ADULT,Level I,General Acute Care,292,N,-71.1051,42.3395,2023-11-14
0001202215,Beth Israel Deaconess Med Ctr - West,1 Deaconess Road,Boston,MA,02215,Suffolk,LEVEL I ADULT,Level I,General Acute Care,405,Y,-71.1092,42.3379,2023-11-14
0005601915,Beverly Hosp - Beverly Campus,85 Herrick Street,Beverly,MA,01915,Essex,LEVEL III ADULT,Level III,General Acute Care,223,Y,-70.8757,42.5641,2023-11-14
0007502115,Boston Children'S Hospital,300 Longwood Avenue,Boston,MA,02115,Suffolk,LEVEL I PEDIATRIC,Pediatric Level I,Children,415,Y,-71.1064,42.3372,2023-11-14
0001102118,Boston Med Ctr Corp Menino Pavilion,830-840 Harrison Avenue,Boston,MA,02118,Suffolk,"LEVEL I ADULT, LEVEL II PEDIATRIC",Level I,General Acute Care,414,Y,-71.0732,42.3347,2023-11-14
0007202130,Brigham And Women'S Faulkner Hospital,1153 Centre Street,Boston,MA,02130,Suffolk,LEVEL I ADULT,Level I,General Acute Care,171,N,-71.1283,42.3015,2023-11-14
0007302115,Brigham And Women'S Hospital,75 Francis Street,Boston,MA,02115,Suffolk,LEVEL I ADULT,Level I,General Acute Care,811,Y,-71.1068,42.3359,2023-11-14
0007902301,Good Samaritan Medical Center,235 North Pearl Street,Brockton,MA,02301,Plymouth,LEVEL III ADULT,Level III,General Acute Care,267,Y,-71.0619,42.0979,2023-11-14
0008001805,Lahey Hospital And Medical Center - Burlington,41 Mall Road,Burlington,MA,01806,Middlesex,LEVEL I ADULT,Level I,General Acute Care,345,N,-71.205265,42.484665,2023-11-14
0006201842,Lawrence General Hospital,1 General Street,Lawrence,MA,01842,Essex,LEVEL III ADULT,Level III,General Acute Care,67,Y,-71.1501,42.71,2023-11-14
0000101854,Lowell General Hospital,295 Varnum Avenue,Lowell,MA,01854,Middlesex,LEVEL III ADULT,Level III,General Acute Care,239,Y,-71.3421,42.6472,2023-11-14
0007702114,Massachusetts General Hospital,55 Fruit Street,Boston,MA,02114,Suffolk,"LEVEL I ADULT, LEVEL I PEDIATRIC",Level I,General Acute Care,1043,Y,-71.0693,42.3626,2023-11-14
0004501970,North Shore Med Ctr - Salem Hospital,81 Highland Avenue,Salem,MA,01970,Essex,LEVEL III ADULT,Level III,General Acute Care,244,Y,-70.9068,42.5111,2023-11-14
0006802190,South Shore Hospital,55 Fogg Road,Weymouth,MA,02190,Norfolk,LEVEL II ADULT,Level II,General Acute Care,354,N,-70.9541,42.176,2023-11-14
0003602740,Southcoast Hosps Grp Inc - St Lukes,"101 Page Street, Box 3003",New Bedford,MA,02740,Bristol,LEVEL II ADULT,Level II,General Acute Care,391,Y,-70.9384,41.6264,2023-11-14
0001002111,Tufts Medical Center,800 Washington Street,Boston,MA,02111,Suffolk,"LEVEL I ADULT, LEVEL I PEDIATRIC",Level I,General Acute Care,415,Y,-71.064,42.3499,2023-11-14
0005401655,Umass Memorial Med Ctr - Univ Campus,55 Lake Avenue North,Worcester,MA,01655,Worcester,"LEVEL I ADULT, LEVEL I PEDIATRIC",Level I,General Acute Care,421,Y,-71.7617,42.2778,2023-11-14
0004821224,Johns Hopkins Bayview Medical Center,4940 Eastern Avenue,Baltimore,MD,21224,Baltimore,LEVEL II,Level II,General Acute Care,438,Y,-76.546778,39.290679,2024-03-29
0003521742,Meritus Medical Center,11116 Medical Campus Road,Hagerstown,MD,21742,Washington,LEVEL III,Level III,General Acute Care,257,Y,-77.682563,39.622193,2024-03-29
0003721215,Sinai Hospital Of Baltimore,2401 West Belvedere Avenue,Baltimore,MD,21215,Baltimore,LEVEL II,Level II,General Acute Care,405,Y,-76.66209,39.352303,2024-03-29
0002220814,Suburban Hospital,8600 Old Georgetown Road,Bethesda,MD,20814,Montgomery,LEVEL II,Level II,General Acute Care,228,Y,-77.110318,38.997402,2024-03-29
0000921287,The Johns Hopkins Hospital,600 North Wolfe Street,Baltimore,MD,21287,Baltimore,LEVEL I,Level I,General Acute Care,1113,Y,-76.591972,39.296109,2024-03-29
0004321801,"Tidalhealth Peninsula Regional, Inc",100 East Carroll Avenue,Salisbury,MD,21801,Wicomico,LEVEL III,Level III,General Acute Care,266,Y,-75.598702,38.362125,2024-03-29
0196784630,Um Capital Region Medical Center,901 North Harry S Truman Drive,Largo,MD,20774,Prince George'S,LEVEL II,Level II,General Acute Care,254,Y,-76.844591,38.902383,2024-03-29
0002820785,Umd Prince George'S Hospital Ctr,3001 Hospital Drive,Cheverly,MD,20785,Prince George'S,LEVEL II,Level II,General Acute Care,233,Y,-76.920668,38.931025,2024-03-29
0004121201,University Of Maryland Medical Center,22 South Greene Street,Baltimore,MD,21201,Baltimore,PARC,Other designation,General Acute Care,806,Y,-76.624926,39.287909,2024-03-29
0004521502,Upmc Western Maryland,12500 Willowbrook Road,Cumberland,MD,21502,Allegany,LEVEL III,Level III,General Acute Care,204,Y,-78.733241,39.647831,2024-03-29
0004504240,Central Maine Medical Center,300 Main Street,Lewiston,ME,04240,Androscoggin,LEVEL III,Level III,General Acute Care,250,Y,-70.214518,44.101737,2024-04-15
0002104401,Eastern Maine Medical Center,"489 State Street, Po Box 404",Bangor,ME,04401,Penobscot,LEVEL II,Level II,General Acute Care,411,Y,-68.750777,44.80866,2024-04-15
0000904102,Maine Medical Center,22 Bramhall St,Portland,ME,04102,Cumberland,LEVEL I,Level I,General Acute Care,637,Y,-70.276021,43.65299,2024-04-15
0196784212,Maine Medical Center -Transplant Center,22 Bramhall St,Portland,ME,04102,Cumberland,LEVEL I,Level I,Special,,Y,-70.276309,43.653094,2024-04-15
0000149010,Allegan General Hospital,555 Linn Street,Allegan,MI,49010,Allegan,LEVEL IV,Level IV,General Acute Care,25,Y,-85.85637,42.519966,2024-04-15
0004149048,Ascension Borgess Hospital,1521 Gull Road,Kalamazoo,MI,49048,Kalamazoo,LEVEL II,Level II,General Acute Care,372,Y,-85.561355,42.306887,2024-04-15
0008648439,Ascension Genesys Hospital,1 Genesys Parkway,Grand Blanc,MI,48439,Genesee,LEVEL II,Level II,General Acute Care,400,Y,-83.642261,42.892455,2024-04-15
0011048071,Ascension Macomb Oakland Hosp - Madison Hghts Campus,27351 Dequindre,Madison Heights,MI,48071,Oakland,LEVEL IV,Level IV,General Acute Care,133,N,-83.087172,42.493859,2024-04-15
0006048093,Ascension Macomb Oakland Hosp - Warren Campus,11800 East Twelve Mile Road,Warren,MI,48093,Macomb,LEVEL III,Level III,General Acute Care,348,Y,-83.004943,42.505813,2024-04-15
0010948075,Ascension Providence Hospital,16001 W Nine Mile Rd,Southfield,MI,48075,Oakland,LEVEL II,Level II,General Acute Care,359,Y,-83.205131,42.457778,2024-04-15
0010348307,Ascension Providence Rochester Hospital,1101 W University Drive,Rochester,MI,48307,Oakland,LEVEL III,Level III,General Acute Care,270,Y,-83.149513,42.679815,2024-04-15
0012948054,Ascension River District Hospital,4100 River Rd,East China,MI,48054,St. Clair,LEVEL IV,Level IV,General Acute Care,68,Y,-82.479202,42.785364,2024-04-15
0017948236,Ascension St John Hospital,22101 Moross Rd,Detroit,MI,48236,Wayne,LEVEL I,Level I,Long Term Care,687,Y,-82.915256,42.420209,2024-04-15
0005348764,Ascension St Joseph Hospital,200 Hemlock,Tawas City,MI,48764,Iosco,LEVEL IV,Level IV,General Acute Care,47,Y,-83.50972,44.275218,2024-04-15
0012248601,Ascension St Mary'S Hospital,800 S Washington Avenue,Saginaw,MI,48601,Saginaw,LEVEL II,Level II,General Acute Care,268,Y,-83.938661,43.424028,2024-04-15
0001748658,Ascension Standish Hospital,805 W Cedar St,Standish,MI,48658,Arenac,LEVEL IV,Level IV,Critical Access,25,Y,-83.969217,43.981866,2024-04-15
0005549935,"Aspirus Iron River Hospital And Clinics, Inc",1400 W Ice Lake Road,Iron River,MI,49935,Iron,LEVEL IV,Level IV,General Acute Care,25,Y,-88.619274,46.099884,2024-04-15
0004749938,Aspirus Ironwood Hospital,N10561 Grand View Lane,Ironwood,MI,49938,Gogebic,LEVEL IV,Level IV,General Acute Care,25,Y,-90.106733,46.480746,2024-04-15
0008849913,Aspirus Keweenaw Hospital,205 Osceola,Laurium,MI,49913,Houghton,LEVEL III,Level III,General Acute Care,25,N,-88.443501,47.238783,2024-04-15
0011449953,"Aspirus Ontonagon Hospital, Inc",601 S Seventh St,Ontonagon,MI,49953,Ontonagon,LEVEL IV,Level IV,General Acute Care,18,N,-89.301658,46.865595,2024-04-15
0001949946,Baraga County Memorial Hospital,18341 Us Highway 41,L' Anse,MI,49946,Baraga,LEVEL IV,Level IV,General Acute Care,15,Y,-88.425004,46.73179,2024-04-15
0014748124,Beaumont Hospital - Dearborn,18101 Oakwood Blvd,Dearborn,MI,48124,Wayne,LEVEL II,Level II,General Acute Care,632,Y,-83.214592,42.290326,2024-04-15
0010148336,Beaumont Hospital - Farmington Hills,28050 Grand River Avenue,Farmington Hills,MI,48336,Oakland,LEVEL II,Level II,General Acute Care,305,Y,-83.32365,42.44634,2024-04-15
0015048230,Beaumont Hospital - Grosse Pointe,468 Cadieux Rd,Grosse Pointe,MI,48230,Wayne,LEVEL III,Level III,General Acute Care,280,N,-82.914404,42.384396,2024-04-15
0009948073,Beaumont Hospital - Royal Oak,3601 W Thirteen Mile Rd,Royal Oak,MI,48073,Oakland,LEVEL I,Level I,General Acute Care,1101,Y,-83.193179,42.515345,2024-04-15
0015748180,Beaumont Hospital - Taylor,10000 Telegraph Road,Taylor,MI,48180,Wayne,LEVEL IV,Level IV,General Acute Care,148,Y,-83.276351,42.235214,2024-04-15
0015548183,Beaumont Hospital - Trenton,5450 Fort Street,Trenton,MI,48183,Wayne,LEVEL II,Level II,General Acute Care,193,Y,-83.213478,42.11699,2024-04-15
0010448085,Beaumont Hospital - Troy,44201 Dequindre Road,Troy,MI,48085,Oakland,LEVEL II,Level II,General Acute Care,530,Y,-83.09359,42.618998,2024-04-15
0015248184,Beaumont Hospital - Wayne,33155 Annapolis Ave,Wayne,MI,48184,Wayne,LEVEL III,Level III,General Acute Care,99,N,-83.364405,42.273033,2024-04-15
0000549017,Bronson Battle Creek Hospital,300 North Avenue,Battle Creek,MI,49017,Calhoun,LEVEL III,Level III,General Acute Care,189,N,-85.177947,42.331086,2024-04-15
0014049079,Bronson Lakeview Hospital,408 Hazen Street,Paw Paw,MI,49079,Van Buren,LEVEL IV,Level IV,General Acute Care,16,Y,-85.89707,42.221294,2024-04-15
0005749007,Bronson Methodist Hospital,601 John Street,Kalamazoo,MI,49007,Kalamazoo,LEVEL I,Level I,General Acute Care,434,Y,-85.580291,42.285258,2024-04-15
0013949090,Bronson South Haven Hospital,955 S Bailey Ave,South Haven,MI,49090,Van Buren,LEVEL IV,Level IV,General Acute Care,8,Y,-86.262867,42.391315,2024-04-15
0016148201,Children'S Hospital Of Michigan,3901 Beaubien Street,Detroit,MI,48201,Wayne,LEVEL I PEDIATRIC,Pediatric Level I,Children,228,N,-83.05475,42.351435,2024-04-15
0003649783,Chippewa County War Memorial Hospital,500 Osborn Blvd,Sault Sainte Marie,MI,49783,Chippewa,LEVEL III,Level III,General Acute Care,82,N,-84.350551,46.498081,2024-04-15
0012148602,Covenant Medical Center,1447 N Harrison,Saginaw,MI,48602,Saginaw,LEVEL II,Level II,General Acute Care,277,Y,-83.95649,43.428452,2024-04-15
0013248427,Deckerville Community Hospital,3559 Pine St,Deckerville,MI,48427,Sanilac,LEVEL IV,Level IV,General Acute Care,15,N,-82.734249,43.528119,2024-04-15
0196784678,Detroit Receiving Hospital,4201 St Antoine,Detroit,MI,48201,Wayne,LEVEL I,Level I,Psychiatric,25,N,-83.055094,42.353543,2024-04-15
0196785550,Detroit Receiving Hospital,4201 St Antoine St,Detroit,MI,48201,Wayne,LEVEL I,Level I,Psychiatric,25,NOT AVAILABLE,-83.054491,42.353436,2025-05-28
0015948201,Detroit Receiving Hospital And Univ Health Center,"4201 St Antoine St, 2c",Detroit,MI,48201,Wayne,LEVEL I,Level I,General Acute Care,248,Y,-83.054491,42.353436,2024-04-15
0001148827,Eaton Rapids Medical Center,1500 S Main Street,Eaton Rapids,MI,48827,Eaton,LEVEL IV,Level IV,General Acute Care,20,Y,-84.658651,42.495252,2024-04-15
0002248912,Edward W Sparrow Hospital,1215 E Michigan Avenue,Lansing,MI,48912,Ingham,LEVEL I,Level I,General Acute Care,573,Y,-84.535342,42.734099,2024-04-15
0002048441,Harbor Beach Community Hospital,210 S First St,Harbor Beach,MI,48441,Huron,LEVEL IV,Level IV,Critical Access,15,N,-82.652116,43.842663,2024-04-15
0007349868,Helen Newberry Joy Hospital,502 W Harrie St,Newberry,MI,49868,Luce,LEVEL IV,Level IV,Critical Access,25,N,-85.515654,46.35318,2024-04-15
0003449201,Henry Ford Allegiance Health,205 N East Ave,Jackson,MI,49201,Jackson,LEVEL II,Level II,General Acute Care,325,Y,-84.392693,42.250735,2024-04-15
0014948202,Henry Ford Hospital,2799 W Grand Blvd,Detroit,MI,48202,Wayne,LEVEL I,Level I,General Acute Care,877,Y,-83.084723,42.367687,2024-04-15
0007648038,Henry Ford Macomb Hospital,15855 Nineteen Mile Rd,Clinton Township,MI,48038,Macomb,LEVEL II,Level II,General Acute Care,361,Y,-82.960678,42.614875,2024-04-15
0010548322,Henry Ford West Bloomfield Hospital,6777 West Maple Road,West Bloomfield,MI,48322,Oakland,LEVEL III,Level III,General Acute Care,191,N,-83.407039,42.538673,2024-04-15
0015448192,Henry Ford Wyandotte Hospital,2333 Biddle Ave,Wyandotte,MI,48192,Wayne,LEVEL III,Level III,General Acute Care,322,Y,-83.147229,42.210102,2024-04-15
0013748726,Hills And Dales General Hospital,4675 Hill Street,Cass City,MI,48726,Tuscola,LEVEL IV,Level IV,General Acute Care,25,Y,-83.182604,43.60418,2024-04-15
0011549423,Holland Community Hospital,602 Michigan Ave,Holland,MI,49423,Ottawa,LEVEL III,Level III,General Acute Care,173,N,-86.114083,42.774911,2024-04-15
0008748503,Hurley Medical Center,1 Hurley Plaza,Flint,MI,48503,Genesee,LEVEL I,Level I,General Acute Care,383,Y,-83.704859,43.02125,2024-04-15
0010748382,Huron Valley - Sinai Hospital,1 William Carls Drive,Commerce Township,MI,48382,Oakland,LEVEL III,Level III,General Acute Care,158,Y,-83.499091,42.592615,2024-04-15
0005949646,Kalkaska Memorial Health Center,419 S Coral,Kalkaska,MI,49646,Kalkaska,LEVEL IV,Level IV,Critical Access,8,N,-85.184297,44.731291,2024-04-15
0012748060,Lake Huron Medical Center,2601 Electric Avenue,Port Huron,MI,48060,St. Clair,LEVEL III,Level III,General Acute Care,144,Y,-82.43339,42.955943,2024-04-15
0003149120,Lakeland Hospital - Niles,31 North St Joseph Ave,Niles,MI,49120,Berrien,LEVEL IV,Level IV,General Acute Care,76,N,-86.260489,41.827925,2024-04-15
0002749085,Lakeland Hospital - St Joseph,1234 Napier Ave,St Joseph,MI,49085,Berrien,LEVEL III,Level III,General Acute Care,215,Y,-86.478771,42.088254,2024-04-15
0003049098,Lakeland Hospital Watervliet,400 Medical Park Dr,Watervliet,MI,49098,Berrien,LEVEL IV,Level IV,General Acute Care,44,Y,-86.249926,42.18488,2024-04-15
0013448453,Marlette Regional Hospital,2770 Main Street,Marlette,MI,48453,Sanilac,LEVEL IV,Level IV,Critical Access,25,Y,-83.081022,43.332719,2024-04-15
0013348471,Mckenzie Health System,120 N Delaware Street,Sandusky,MI,48471,Sanilac,LEVEL IV,Level IV,Critical Access,25,N,-82.832133,43.423482,2024-04-15
0002148708,Mclaren Bay Region,1900 Columbus Ave,Bay City,MI,48708,Bay,LEVEL III,Level III,General Acute Care,356,Y,-83.868396,43.588216,2024-04-15
0013848723,Mclaren Caro Region,401 N Hooper St,Caro,MI,48723,Tuscola,LEVEL IV,Level IV,General Acute Care,25,N,-83.408206,43.493187,2024-04-15
0001248532,Mclaren Flint,401 S Ballenger Highway,Flint,MI,48532,Genesee,LEVEL III,Level III,General Acute Care,342,Y,-83.732803,43.013758,2024-04-15
0002848910,Mclaren Greater Lansing,401 W Greenlawn Ave,Lansing,MI,48910,Ingham,LEVEL III,Level III,General Acute Care,310,N,-84.554989,42.703763,2024-04-15
0005448446,Mclaren Lapeer Region,1375 N Main St,Lapeer,MI,48446,Lapeer,LEVEL II,Level II,General Acute Care,183,Y,-83.320429,43.063069,2024-04-15
0006348043,Mclaren Macomb,1000 Harrington St,Mount Clemens,MI,48043,Macomb,LEVEL II,Level II,General Acute Care,288,Y,-82.896903,42.587336,2024-04-15
0004549770,Mclaren Northern Michigan,416 Connable Ave,Petoskey,MI,49770,Emmet,LEVEL II,Level II,General Acute Care,202,N,-84.97012,45.372754,2024-04-15
0010248342,Mclaren Oakland,50 N Perry St,Pontiac,MI,48342,Oakland,LEVEL II,Level II,General Acute Care,280,N,-83.291492,42.638323,2024-04-15
0011249455,Mercy Health Lakeshore Campus,72 South State Street,Shelby,MI,49455,Oceana,LEVEL IV,Level IV,Critical Access,24,Y,-86.364686,43.606604,2024-04-15
0009149442,Mercy Health Muskegon,1700 Clinton Street,Muskegon,MI,49442,Muskegon,LEVEL II,Level II,General Acute Care,163,Y,-86.241732,43.222564,2024-04-15
0006249519,Metro Health Hospital,5900 Byron Center Avenue,Wyoming,MI,49519,Kent,LEVEL II,Level II,General Acute Care,208,N,-85.717703,42.857818,2024-04-15
0000349707,Midmichigan Medical Center - Alpena,1501 W Chisholm St,Alpena,MI,49707,Alpena,LEVEL III,Level III,General Acute Care,124,Y,-83.449374,45.077673,2024-04-15
0003848617,Midmichigan Medical Center - Clare,703 N Mc Ewan,Clare,MI,48617,Clare,LEVEL IV,Level IV,General Acute Care,49,N,-84.769047,43.820965,2024-04-15
0004848801,Midmichigan Medical Center - Gratiot,300 E Warwick Dr,Alma,MI,48801,Gratiot,LEVEL III,Level III,General Acute Care,67,Y,-84.66331,43.390729,2024-04-15
0009748670,Midmichigan Medical Center - Midland,4000 Wellness Drive,Midland,MI,48670,Midland,LEVEL II,Level II,General Acute Care,308,Y,-84.260375,43.634862,2024-04-15
0016949601,Munson Healthcare Cadillac Hospital,400 Hobart St,Cadillac,MI,49601,Wexford,LEVEL IV,Level IV,General Acute Care,49,Y,-85.389295,44.245448,2024-04-15
0000949720,Munson Healthcare Charlevoix Hospital,14700 Lakeshore Drive,Charlevoix,MI,49720,Charlevoix,LEVEL IV,Level IV,General Acute Care,25,Y,-85.274863,45.31482,2024-04-15
0003949738,Munson Healthcare Grayling Hospital,1100 E Michigan Ave,Grayling,MI,49738,Crawford,LEVEL IV,Level IV,General Acute Care,71,Y,-84.707015,44.668097,2024-04-15
0011649735,Munson Healthcare Otsego Memorial Hospital,825 N Center Ave,Gaylord,MI,49735,Otsego,LEVEL IV,Level IV,General Acute Care,46,Y,-84.674918,45.035327,2024-04-15
0001449684,Munson Medical Center,1105 Sixth Street,Traverse City,MI,49684,Grand Traverse,LEVEL II,Level II,General Acute Care,425,Y,-85.641636,44.760978,2024-04-15
0011749417,North Ottawa Community Health System,1309 Sheldon Rd,Grand Haven,MI,49417,Ottawa,LEVEL IV,Level IV,General Acute Care,81,Y,-86.228829,43.050773,2024-04-15
0000649068,Oaklawn Hospital,200 N Madison,Marshall,MI,49068,Calhoun,LEVEL III,Level III,General Acute Care,77,N,-84.956773,42.273733,2024-04-15
0002649635,Paul Oliver Memorial Hospital,224 Park Avenue,Frankfort,MI,49635,Benzie,LEVEL IV,Level IV,Critical Access,8,N,-86.243001,44.636782,2024-04-15
0008248162,Promedica Monroe Regional Hospital,718 N Macomb St,Monroe,MI,48162,Monroe,LEVEL III,Level III,General Acute Care,217,Y,-83.388085,41.924565,2024-04-15
0000000062,Providence - Park Hospital,47601 Grand River Avenue,Novi,MI,48374,Oakland,LEVEL II,Level II,General Acute Care,244,Y,-83.519246,42.48866,2024-04-15
0001848755,Scheurer Hospital,170 N Caseville Rd,Pigeon,MI,48755,Huron,LEVEL IV,Level IV,Critical Access,25,N,-83.27819,43.834188,2024-04-15
0015348236,Select Specialty Hospital - Grosse Pointe,22101 Moross Road,Detroit,MI,48236,Wayne,"LEVEL II, LEVEL II PEDIATRIC",Level II,General Acute Care,26,Y,-82.914656,42.419961,2024-04-15
0014848235,Sinai - Grace Hospital,6071 W Outer Drive,Detroit,MI,48235,Wayne,LEVEL II,Level II,General Acute Care,383,Y,-83.181871,42.419326,2024-04-15
0196784682,Sinai Grace Hospital,6071 W Outer Drive,Detroit,MI,48235,Wayne,LEVEL II,Level II,Psychiatric,21,Y,-83.181878,42.418556,2024-04-15
0008348811,Sparrow Carson Hospital,406 East Elm St,Carson City,MI,48811,Montcalm,LEVEL IV,Level IV,General Acute Care,61,Y,-84.842418,43.175585,2024-04-15
0001048879,Sparrow Clinton Hospital,805 S Oakland,Saint Johns,MI,48879,Clinton,LEVEL IV,Level IV,Critical Access,25,Y,-84.555136,42.993131,2024-04-15
0018048846,Sparrow Ionia Hospital,3565 S State Road,Ionia,MI,48846,Ionia,LEVEL IV,Level IV,Critical Access,22,Y,-85.067967,42.935931,2024-04-15
0179848912,Sparrow Specialty Hospital,"1215 E Michigan Ave, 8w Sparrow Hospital",Lansing,MI,48912,Ingham,LEVEL I,Level I,General Acute Care,30,Y,-84.535963,42.734195,2024-04-15
0006149506,Spectrum Health - Blodgett Campus,1840 Wealthy St Se,Grand Rapids,MI,49506,Kent,LEVEL III,Level III,General Acute Care,318,Y,-85.623317,42.953651,2024-04-15
0006449503,Spectrum Health - Butterworth Campus,100 Michigan St Ne,Grand Rapids,MI,49503,Kent,LEVEL I,Level I,General Acute Care,852,Y,-85.665747,42.969669,2024-04-15
0008049307,Spectrum Health Big Rapids Hospital,605 Oak Street,Big Rapids,MI,49307,Mecosta,LEVEL IV,Level IV,General Acute Care,49,Y,-85.474928,43.693885,2024-04-15
0009349412,Spectrum Health Gerber Memorial,212 S Sullivan St,Fremont,MI,49412,Newaygo,LEVEL IV,Level IV,General Acute Care,25,N,-85.950363,43.46481,2024-04-15
0008548850,Spectrum Health Kelsey Hospital,418 Washington,Lakeview,MI,48850,Montcalm,LEVEL IV,Level IV,Critical Access,16,N,-85.277923,43.441218,2024-04-15
0007949431,Spectrum Health Ludington Hospital,1 N Atkinson Drive,Ludington,MI,49431,Mason,LEVEL IV,Level IV,General Acute Care,45,Y,-86.430409,43.958148,2024-04-15
0000449058,Spectrum Health Pennock,1009 W Green St,Hastings,MI,49058,Barry,LEVEL IV,Level IV,General Acute Care,25,Y,-85.302825,42.644774,2024-04-15
0012049677,Spectrum Health Reed City Hospital,"300 N Patterson, Po Box 75",Reed City,MI,49677,Osceola,LEVEL IV,Level IV,Critical Access,25,Y,-85.521292,43.878462,2024-04-15
0008148838,Spectrum Health United Hospital,615 S Bower Street,Greenville,MI,48838,Montcalm,LEVEL IV,Level IV,General Acute Care,49,Y,-85.269349,43.174692,2024-04-15
0011849464,Spectrum Health Zeeland Community Hospital,8333 Felch St,Zeeland,MI,49464,Ottawa,LEVEL III,Level III,General Acute Care,55,Y,-85.987714,42.821297,2024-04-15
0004049829,St Francis Hospital,3401 Ludington St,Escanaba,MI,49829,Delta,LEVEL IV,Level IV,General Acute Care,25,Y,-87.096004,45.742566,2024-04-15
0014348118,St Joseph Mercy Chelsea,775 S Main St,Chelsea,MI,48118,Washtenaw,LEVEL IV,Level IV,General Acute Care,103,Y,-84.015834,42.310261,2024-04-15
0014248106,St Joseph Mercy Hospital,5301 E Huron River Dr,Ann Arbor,MI,48106,Washtenaw,LEVEL I,Level I,General Acute Care,524,Y,-83.65433,42.265188,2024-04-15
0014648154,St Mary Mercy Hospital,36475 Five Mile Road,Livonia,MI,48154,Wayne,LEVEL II,Level II,General Acute Care,273,Y,-83.404149,42.393491,2024-04-15
0014448109,University Of Michigan Health System,"1500 E Medical Center Drive, Spc 5474",Ann Arbor,MI,48109,Washtenaw,LEVEL I,Level I,General Acute Care,1000,Y,-83.728708,42.283192,2024-04-15
0196784115,Up Health System - Marquette,850 W Baraga Ave,Marquette,MI,49855,Marquette,LEVEL II,Level II,General Acute Care,179,Y,-87.408531,46.543692,2024-04-15
0004949930,Up Health System Portage,500 Campus Drive,Hancock,MI,49930,Houghton,LEVEL III,Level III,General Acute Care,36,Y,-88.587043,47.139819,2024-04-15
0000355407,Abbott Northwestern Hospital,800 East 28th Street,Minneapolis,MN,55407,Hennepin,LEVEL III,Level III,General Acute Care,972,Y,-93.261357,44.954114,2024-04-15
0002656308,Alomere Health,111 17th Avenue East,Alexandria,MN,56308,Douglas,LEVEL III,Level III,General Acute Care,127,Y,-95.376879,45.873891,2024-04-15
0196784238,Avera Granite Falls,345 10th Avenue,Granite Falls,MN,56241,Yellow Medicine,LEVEL IV,Level IV,Critical Access,30,N,-95.543257,44.808562,2024-04-15
0005756258,Avera Marshall Reg Med Center,300 South Bruce Street,Marshall,MN,56258,Lyon,LEVEL III,Level III,Critical Access,49,Y,-95.777235,44.447752,2024-04-15
0011556178,Avera Tyler Hospital,240 Willow Street,Tyler,MN,56178,Lincoln,LEVEL IV,Level IV,Critical Access,20,Y,-96.130437,44.271838,2024-04-15
0011456628,Bigfork Valley Hospital,258 Pine Tree Drive,Bigfork,MN,56628,Itasca,LEVEL IV,Level IV,Critical Access,20,Y,-93.64576,47.747427,2024-04-15
0004455313,Buffalo Hospital,303 Catlin Street,Buffalo,MN,55313,Wright,LEVEL IV,Level IV,General Acute Care,65,Y,-93.871194,45.194843,2024-04-15
0003855008,Cambridge Medical Center,701 South Dellwood Street,Cambridge,MN,55008,Isanti,LEVEL IV,Level IV,General Acute Care,86,Y,-93.230928,45.566184,2024-04-15
0002556201,Carris Health Llc,301 Becker Avenue Sw,Willmar,MN,56201,Kandiyohi,LEVEL III,Level III,General Acute Care,136,Y,-95.046092,45.120138,2024-04-15
0009556283,Carris Health Redwood Llc,101 Caring Way,Redwood Falls,MN,56283,Redwood,LEVEL IV,Level IV,Critical Access,25,Y,-95.106513,44.53651,2024-04-15
0008556265,Ccm Health,824 North 11th Street,Montevideo,MN,56265,Chippewa,LEVEL IV,Level IV,Critical Access,30,Y,-95.711762,44.954412,2024-04-15
0007956347,Centracare Health Long Prairie,50 Centracare Drive,Long Prairie,MN,56347,Todd,LEVEL IV,Level IV,Critical Access,34,Y,-94.848445,45.973533,2024-04-15
0007155362,Centracare Health Monticello,1013 Hart Boulevard,Monticello,MN,55362,Wright,LEVEL IV,Level IV,Critical Access,39,Y,-93.778631,45.300357,2024-04-15
0008656362,Centracare Health Paynesville,200 West 1st Street,Paynesville,MN,56362,Stearns,LEVEL IV,Level IV,Critical Access,30,Y,-94.71574,45.374401,2024-04-15
0009156352,Centracare Health Sys Melrose,525 Main Street West,Melrose,MN,56352,Stearns,LEVEL IV,Level IV,Critical Access,28,Y,-94.824479,45.67572,2024-04-15
0009056378,Centracare Health System,425 North Elm Street,Sauk Centre,MN,56378,Stearns,LEVEL IV,Level IV,Critical Access,28,Y,-94.955437,45.745795,2024-04-15
0001455404,Childrens Hosp And Clinics Mpls,2525 Chicago Avenue South,Minneapolis,MN,55404,Hennepin,LEVEL I PEDIATRIC,Pediatric Level I,Children,279,Y,-93.261993,44.956652,2024-04-15
0007455720,Community Memorial Hospital,512 Skyline Boulevard,Cloquet,MN,55720,Carlton,LEVEL IV,Level IV,Critical Access,36,N,-92.46202,46.731291,2024-04-15
0013155723,Cook Hospital,10 5th Street Se,Cook,MN,55723,St. Louis,LEVEL IV,Level IV,Critical Access,14,Y,-92.67953,47.853388,2024-04-15
0006956441,Cuyuna Regional Medical Center,320 East Main Street,Crosby,MN,56441,Crow Wing,LEVEL IV,Level IV,Critical Access,42,Y,-93.945878,46.481743,2024-04-15
0011856636,Deer River Health Care Center,115 10th Avenue Ne,Deer River,MN,56636,Itasca,LEVEL IV,Level IV,Critical Access,20,Y,-93.791111,47.344106,2024-04-15
0003155021,District One Hospital,200 State Avenue,Faribault,MN,55021,Rice,LEVEL IV,Level IV,General Acute Care,49,Y,-93.257853,44.288713,2024-04-15
0010555731,Ely Bloomenson Comm Hospital,328 West Conan Street,Ely,MN,55731,St. Louis,LEVEL IV,Level IV,Critical Access,21,Y,-91.87221,47.900259,2024-04-15
0013256510,Essentia Health Ada,201 9th Street West,Ada,MN,56510,Norman,LEVEL IV,Level IV,Critical Access,14,Y,-96.531292,47.297587,2024-04-15
0006756542,Essentia Health Fosston,900 Hilligoss Boulevard Se,Fosston,MN,56542,Polk,LEVEL IV,Level IV,Critical Access,43,Y,-95.739468,47.571285,2024-04-15
0012756240,Essentia Health Holy Trinity,115 West 2nd Street,Graceville,MN,56240,Big Stone,LEVEL IV,Level IV,Critical Access,15,Y,-96.433889,45.562712,2024-04-15
0196784250,Essentia Health Moose Lake,4572 County Road 61,Moose Lake,MN,55767,Carlton,LEVEL IV,Level IV,Critical Access,25,Y,-92.77345,46.441466,2024-04-15
0012655705,Essentia Health Northern Pines,5211 Highway 110,Aurora,MN,55705,St. Louis,LEVEL IV,Level IV,Critical Access,16,Y,-92.229343,47.517977,2024-04-15
0176055072,Essentia Health Sandstone,705 Lundorff Drive,Sandstone,MN,55072,Pine,LEVEL IV,Level IV,Critical Access,30,Y,-92.885305,46.119037,2024-04-15
0002356401,Essentia Health St Josephs Med,523 North 3rd Street,Brainerd,MN,56401,Crow Wing,LEVEL III,Level III,General Acute Care,162,Y,-94.205889,46.361917,2024-04-15
0003756501,Essentia Health St Marys,1027 Washington Avenue,Detroit Lakes,MN,56501,Becker,LEVEL III,Level III,General Acute Care,87,N,-95.843679,46.814842,2024-04-15
0001355805,Essentia Health St. Mary'S Med,407 East 3rd Street,Duluth,MN,55805,St. Louis,"LEVEL I ADULT, LEVEL I PEDIATRIC",Level I,General Acute Care,380,Y,-92.095887,46.793685,2024-04-15
0000000057,Essentia Health Virginia,901 9th Street North,Virginia,MN,55792,St. Louis,LEVEL IV,Level IV,General Acute Care,83,Y,-92.548548,47.531863,2024-04-15
0004855092,Fairview Lakes Medical Center,5200 Fairview Boulevard,Wyoming,MN,55092,Chisago,LEVEL IV,Level IV,General Acute Care,61,Y,-93.000468,45.321721,2024-04-15
0005255371,Fairview Northland Reg Hosp,911 Northland Drive,Princeton,MN,55371,Sherburne,LEVEL IV,Level IV,General Acute Care,54,Y,-93.590022,45.55852,2024-04-15
0002455337,Fairview Ridges Hospital,201 East Nicollet Boulevard,Burnsville,MN,55337,Dakota,LEVEL III,Level III,General Acute Care,150,Y,-93.272592,44.749019,2024-04-15
0001255435,Fairview Southdale Hospital,6401 France Avenue South,Edina,MN,55435,Hennepin,LEVEL III,Level III,General Acute Care,390,Y,-93.326901,44.88604,2024-04-15
0004955101,Gillette Children'S Spec Hospital,200 University Avenue East,St. Paul,MN,55101,Ramsey,LEVEL I PEDIATRIC,Pediatric Level I,Children,60,Y,-93.096549,44.956732,2024-04-15
0008056334,Glacial Ridge Hospital,10 4th Avenue Se,Glenwood,MN,56334,Pope,LEVEL IV,Level IV,Critical Access,34,Y,-95.389202,45.646329,2024-04-15
0006055336,Glencoe Regional Health Srvcs,1805 Hennepin Avenue North,Glencoe,MN,55336,Mcleod,LEVEL IV,Level IV,Critical Access,49,Y,-94.153624,44.778378,2024-04-15
0004555744,Grand Itasca Clinic And Hosp,1601 Golf Course Road,Grand Rapids,MN,55744,Itasca,LEVEL III,Level III,General Acute Care,64,Y,-93.55554,47.223551,2024-04-15
0002055109,Healtheast St. Johns Hospital,1575 Beam Avenue,Maplewood,MN,55109,Ramsey,LEVEL IV,Level IV,General Acute Care,184,N,-93.033934,45.029112,2024-04-15
0003955125,Healtheast Woodwinds Hospital,1925 Woodwinds Drive,Woodbury,MN,55125,Washington,LEVEL IV,Level IV,General Acute Care,86,N,-92.976477,44.921909,2024-04-15
0010956136,Hendricks Community Hospital,503 East Lincoln Street,Hendricks,MN,56136,Lincoln,LEVEL IV,Level IV,Critical Access,24,N,-96.418423,44.505836,2024-04-15
0000455415,Hennepin County Medical Ctr,701 Park Avenue,Minneapolis,MN,55415,Hennepin,"LEVEL I ADULT, LEVEL I PEDIATRIC",Level I,General Acute Care,894,Y,-93.262236,44.972132,2024-04-15
0004355350,Hutchinson Health,1095 Highway 15 South,Hutchinson,MN,55350,Mcleod,LEVEL IV,Level IV,General Acute Care,66,Y,-94.373517,44.8758,2024-04-15
0011356232,Johnson Memorial Hosp And Home,1282 Walnut Street,Dawson,MN,56232,Lac Qui Parle,LEVEL IV,Level IV,Critical Access,15,N,-96.066671,44.931346,2024-04-15
0002956538,Lake Region Healthcare Corp,712 Cascade Street South,Fergus Falls,MN,56537,Otter Tail,LEVEL III,Level III,General Acute Care,108,Y,-96.073366,46.277124,2024-04-15
0009455616,Lake View Memorial Hospital,325 11th Avenue,Two Harbors,MN,55616,Lake,LEVEL IV,Level IV,Critical Access,25,N,-91.666341,47.030098,2024-04-15
0003355082,Lakeview Memorial Hospital,927 West Churchill Street,Stillwater,MN,55082,Washington,LEVEL III,Level III,General Acute Care,97,N,-92.818036,45.047057,2024-04-15
0007356479,Lakewood Health System,49725 County Road 83,Staples,MN,56479,Todd,LEVEL III,Level III,Critical Access,37,Y,-94.751761,46.35114,2024-04-15
0010656751,Lifecare Medical Center,715 Delmore Drive,Roseau,MN,56751,Roseau,LEVEL IV,Level IV,Critical Access,25,Y,-95.760406,48.839236,2024-04-15
0010056062,Madelia Community Hospital,121 Drew Avenue Se,Madelia,MN,56062,Watonwan,LEVEL IV,Level IV,Critical Access,25,N,-94.409868,44.049262,2024-04-15
0013356256,Madison Hospital,820 3rd Avenue,Madison,MN,56256,Lac Qui Parle,LEVEL IV,Level IV,Critical Access,12,N,-96.187926,45.018125,2024-04-15
0012156557,Mahnomen Health Center,414 West Jefferson Avenue,Mahnomen,MN,56557,Mahnomen,LEVEL IV,Level IV,Critical Access,18,Y,-95.972852,47.31175,2024-04-15
0003655369,Maple Grove Hospital,9875 Hospital Drive,Maple Grove,MN,55369,Hennepin,LEVEL IV,Level IV,General Acute Care,130,Y,-93.481213,45.132889,2024-04-15
0004256007,Mayo Clinic Albert Lea Austin,404 West Fountain Street,Albert Lea,MN,56007,Freeborn,LEVEL IV,Level IV,General Acute Care,159,Y,-93.372752,43.652361,2024-04-15
0004155912,Mayo Clinic Health Sys Austin,1000 First Drive Northwest,Austin,MN,55912,Mower,LEVEL IV,Level IV,General Acute Care,82,Y,-92.97765,43.674485,2024-04-15
0014155009,Mayo Clinic Health Sys Cf,32021 County 24 Boulevard,Cannon Falls,MN,55009,Goodhue,LEVEL IV,Level IV,Critical Access,15,Y,-92.903202,44.486165,2024-04-15
0001656002,Mayo Clinic Health Sys Mankato,1025 Marsh Street,Mankato,MN,56001,Blue Earth,LEVEL III,Level III,General Acute Care,272,Y,-93.983947,44.164086,2024-04-15
0005555066,Mayo Clinic Health Sys Red Win,701 Hewitt Boulevard,Red Wing,MN,55066,Goodhue,LEVEL IV,Level IV,General Acute Care,50,Y,-92.571946,44.56023,2024-04-15
0196784167,Mayo Clinic Health Sys St James,1101 Moulton And Parsons Drive,St. James,MN,56081,Watonwan,LEVEL IV,Level IV,Critical Access,25,Y,-94.62263,43.970142,2024-04-15
0007556093,Mayo Clinic Health Sys Waseca,501 North State Street,Waseca,MN,56093,Waseca,LEVEL IV,Level IV,Critical Access,35,N,-93.508222,44.081729,2024-04-15
0005056031,Mayo Clinic Health System,800 Medical Center Drive,Fairmont,MN,56031,Martin,LEVEL IV,Level IV,General Acute Care,57,Y,-94.450437,43.638801,2024-04-15
0012255041,Mayo Clinic Health System,500 West Grant Street,Lake City,MN,55041,Goodhue,LEVEL IV,Level IV,Critical Access,18,Y,-92.287765,44.459431,2024-04-15
0000255902,Mayo Clinic Hospital Rochester,1216 2nd Street Sw,Rochester,MN,55902,Olmsted,"LEVEL I ADULT, LEVEL I PEDIATRIC",Level I,General Acute Care,2059,Y,-92.48272,44.020559,2024-04-15
0006356071,Mchs New Prague,301 2nd Street Ne,New Prague,MN,56071,Scott,LEVEL IV,Level IV,Critical Access,49,Y,-93.574329,44.546257,2024-04-15
0007755355,Meeker Memorial Hospital,612 South Sibley Avenue,Litchfield,MN,55355,Meeker,LEVEL IV,Level IV,Critical Access,35,Y,-94.529228,45.119653,2024-04-15
0001755433,Mercy Hospital,4050 Coon Rapids Boulevard,Coon Rapids,MN,55433,Anoka,LEVEL II,Level II,General Acute Care,546,Y,-93.369646,45.183215,2024-04-15
0009256359,Mille Lacs Health System,200 North Elm St,Onamia,MN,56359,Mille Lacs,LEVEL IV,Level IV,Critical Access,28,Y,-93.662403,46.073126,2024-04-15
0009956172,Murray County Mem Hospital,2042 Juniper Avenue,Slayton,MN,56172,Murray,LEVEL IV,Level IV,Critical Access,25,N,-95.759907,43.992546,2024-04-15
0004656073,New Ulm Medical Center,1324 5th Street North,New Ulm,MN,56073,Brown,LEVEL IV,Level IV,Critical Access,62,Y,-94.476763,44.313336,2024-04-15
0000755422,North Memorial Health,3300 Oakdale Avenue North,Robbinsdale,MN,55422,Hennepin,LEVEL I,Level I,General Acute Care,518,Y,-93.322777,45.013693,2024-04-15
0007255057,Northfield City Hospital And Nsg,2000 North Avenue,Northfield,MN,55057,Dakota,LEVEL IV,Level IV,General Acute Care,37,Y,-93.191723,44.473577,2024-04-15
0014456277,Olivia Hospital And Clinic,100 Healthy Way,Olivia,MN,56277,Renville,LEVEL IV,Level IV,Critical Access,16,Y,-94.972425,44.774582,2024-04-15
0004755904,Olmsted Medical Center,1650 4th Street Se,Rochester,MN,55904,Olmsted,LEVEL IV,Level IV,General Acute Care,61,N,-92.439313,44.020105,2024-04-15
0010756278,Ortonville Area Health Service,450 Eastvold Avenue,Ortonville,MN,56278,Big Stone,LEVEL IV,Level IV,Critical Access,25,Y,-96.445816,45.315368,2024-04-15
0006855060,Owatonna Hospital,2250 26th Street Nw,Owatonna,MN,55060,Steele,LEVEL IV,Level IV,General Acute Care,43,Y,-93.251092,44.112014,2024-04-15
0001055440,Park Nicollet Methodist Hospital,"6500 Excelsior Blvd, Po Box 650",St. Louis Park,MN,55426,Hennepin,LEVEL III,Level III,General Acute Care,426,Y,-93.36223,44.928985,2024-04-15
0008856573,Perham Health,1000 Coney Street West,Perham,MN,56573,Otter Tail,LEVEL IV,Level IV,Critical Access,25,Y,-95.59316,46.593809,2024-04-15
0006556164,Pipestone County Medical Ctr,916 4th Avenue Sw,Pipestone,MN,56164,Pipestone,LEVEL IV,Level IV,Critical Access,44,Y,-96.323239,43.990979,2024-04-15
0014356531,Prairie Ridge Hosp Hlth Serv,1411 Highway 79 East,Elbow Lake,MN,56531,Grant,LEVEL IV,Level IV,Critical Access,10,Y,-95.957902,45.990525,2024-04-15
0006256649,Rainy Lake Medical Center,1400 Highway 71,International Falls,MN,56649,Koochiching,LEVEL IV,Level IV,Critical Access,25,Y,-93.43177,48.594802,2024-04-15
0005155033,Regina Hospital,1175 Nininger Road,Hastings,MN,55033,Dakota,LEVEL IV,Level IV,General Acute Care,57,N,-92.873283,44.747252,2024-04-15
0000955101,Regions Hospital,640 Jackson Street,St. Paul,MN,55101,Ramsey,"LEVEL I ADULT, LEVEL I PEDIATRIC",Level I,General Acute Care,480,Y,-93.094952,44.955888,2024-04-15
0011056058,Ridgeview Lesueur Ltcandrehab Ct,621 South 4th Street,Le Sueur,MN,56058,Le Sueur,LEVEL IV,Level IV,Critical Access,15,Y,-93.915253,44.454085,2024-04-15
0002855387,Ridgeview Medical Center,500 South Maple Street,Waconia,MN,55387,Carver,LEVEL IV,Level IV,General Acute Care,109,Y,-93.792379,44.843166,2024-04-15
0012055307,Ridgeview Sibley Medical Ctr,601 West Chandler,Arlington,MN,55307,Sibley,LEVEL IV,Level IV,Critical Access,20,Y,-94.085238,44.610674,2024-04-15
0012456082,Rivers Edge Hospital And Clinic,1900 North Sunrise Drive,St. Peter,MN,56082,Nicollet,LEVEL IV,Level IV,Critical Access,25,Y,-93.972449,44.349753,2024-04-15
0006156716,Riverview Hospital And Nsg Home,323 South Minnesota Street,Crookston,MN,56716,Polk,LEVEL IV,Level IV,Critical Access,49,Y,-96.617956,47.772971,2024-04-15
0009756431,Riverwood Healthcare Center,200 Bunker Hill Drive,Aitkin,MN,56431,Aitkin,LEVEL III,Level III,Critical Access,25,Y,-93.698446,46.529712,2024-04-15
0010356621,Sanford Bagley Medical Center,203 4th Street Nw,Bagley,MN,56621,Clearwater,LEVEL IV,Level IV,Critical Access,25,Y,-95.402218,47.526334,2024-04-15
0002756601,Sanford Bemidji Medical Center,1300 Anne Street Nw,Bemidji,MN,56601,Beltrami,LEVEL III,Level III,General Acute Care,118,Y,-94.899917,47.503392,2024-04-15
0010156220,Sanford Canby Medical Center,112 St Olaf Avenue South,Canby,MN,56220,Yellow Medicine,LEVEL IV,Level IV,Critical Access,25,Y,-96.278448,44.707822,2024-04-15
0011956143,Sanford Jackson Medical Center,1430 North Highway,Jackson,MN,56143,Jackson,LEVEL IV,Level IV,Critical Access,20,Y,-95.004501,43.624412,2024-04-15
0008956156,Sanford Luverne Medical Center,1600 North Kniss Avenue,Luverne,MN,56156,Rock,LEVEL IV,Level IV,Critical Access,28,Y,-96.210581,43.672002,2024-04-15
0014556701,Sanford Med Ctr Thief Rvr Fall,3001 Sanford Parkway,Thief River Falls,MN,56701,Pennington,LEVEL IV,Level IV,Critical Access,26,N,-96.183632,48.102538,2024-04-15
0010456296,Sanford Medical Center Wheaton,401 12th Street North,Wheaton,MN,56296,Traverse,LEVEL IV,Level IV,Critical Access,25,N,-96.501291,45.809075,2024-04-15
0009856175,Sanford Tracy Medical Center,251 5th Street East,Tracy,MN,56175,Lyon,LEVEL IV,Level IV,Critical Access,25,Y,-95.607333,44.232298,2024-04-15
0013556183,Sanford Westbrook Medical Ctr,920 Bell Avenue,Westbrook,MN,56183,Cottonwood,LEVEL IV,Level IV,Critical Access,8,Y,-95.439343,44.045608,2024-04-15
0006456187,Sanford Worthington Medical,1018 6th Avenue,Worthington,MN,56187,Nobles,LEVEL III,Level III,General Acute Care,48,N,-95.598472,43.622444,2024-04-15
0009356085,Sleepy Eye Medical Center,400 4th Avenue Nw,Sleepy Eye,MN,56085,Brown,LEVEL IV,Level IV,Critical Access,16,Y,-94.728604,44.299511,2024-04-15
0000856303,St. Cloud Hospital,1406 6th Avenue North,St. Cloud,MN,56301,Stearns,LEVEL II,Level II,General Acute Care,489,Y,-94.169091,45.574661,2024-04-15
0008255981,St. Elizabeths Medical Center,1200 Grant Boulevard West,Wabasha,MN,55981,Wabasha,LEVEL IV,Level IV,Critical Access,25,Y,-92.047387,44.387789,2024-04-15
0009656520,St. Francis Medical Center,2400 St Francis Drive,Breckenridge,MN,56520,Wilkin,LEVEL IV,Level IV,Critical Access,25,N,-96.588429,46.291535,2024-04-15
0003455379,St. Francis Regional Med Ctr,1455 St Francis Avenue,Shakopee,MN,55379,Scott,LEVEL III,Level III,General Acute Care,93,Y,-93.502897,44.771263,2024-04-15
0005656345,St. Gabriel'S Hospital,815 Se 2nd Street,Little Falls,MN,56345,Morrison,LEVEL IV,Level IV,Critical Access,49,Y,-94.362567,45.966882,2024-04-15
0001155102,St. Joseph'S Hospital,45 10th Street West,St. Paul,MN,55102,Ramsey,LEVEL IV,Level IV,General Acute Care,401,Y,-93.0999,44.948555,2024-04-15
0005456470,St. Josephs Area Hlth Services,600 Pleasant Avenue,Park Rapids,MN,56470,Hubbard,LEVEL IV,Level IV,Critical Access,50,N,-95.062274,46.915957,2024-04-15
0001855805,St. Luke'S Hospital,915 East 1st Street,Duluth,MN,55805,St. Louis,LEVEL II,Level II,General Acute Care,267,Y,-92.087391,46.797101,2024-04-15
0005356267,Stevens Community Medical Ctr,400 East 1st Street,Morris,MN,56267,Stevens,LEVEL IV,Level IV,Critical Access,49,N,-95.90503,45.584899,2024-04-15
0005956482,Tri County Hospital,415 Jefferson Street North,Wadena,MN,56482,Wadena,LEVEL IV,Level IV,Critical Access,49,Y,-95.134401,46.445653,2024-04-15
0000655102,United Hospital,333 North Smith Avenue,St. Paul,MN,55102,Ramsey,LEVEL III,Level III,General Acute Care,546,Y,-93.107145,44.94338,2024-04-15
0006656013,United Hospital District,515 South Moore Street,Blue Earth,MN,56013,Faribault,LEVEL IV,Level IV,Critical Access,43,Y,-94.100312,43.633959,2024-04-15
0002155746,University Medical Ctr Mesabi,750 East 34th Street,Hibbing,MN,55746,St. Louis,LEVEL IV,Level IV,General Acute Care,175,Y,-92.929898,47.408837,2024-04-15
0000155454,University Of Mn Med Ctr,2450 Riverside Avenue South,Minneapolis,MN,55454,Hennepin,LEVEL II,Level II,General Acute Care,1700,Y,-93.238075,44.967734,2024-04-15
0005855051,Welia Health,301 Highway 65 South,Mora,MN,55051,Kanabec,LEVEL IV,Level IV,Critical Access,49,Y,-93.291209,45.874777,2024-04-15
0007656101,Windom Area Health,2150 Hospital Drive,Windom,MN,56101,Cottonwood,LEVEL IV,Level IV,Critical Access,18,Y,-95.113311,43.879102,2024-04-15
0003255987,Winona Health Services,855 Mankato Avenue,Winona,MN,55987,Winona,LEVEL IV,Level IV,General Acute Care,49,Y,-91.622961,44.033458,2024-04-15
0018863110,Barnes - Jewish Hospital - North,Parkview Place,St. Louis,MO,63110,St. Louis,LEVEL I,Level I,General Acute Care,485,Y,-90.264583,38.636379,2024-04-01
0011963376,Barnes - Jewish St. Peters Hospital,10 Hospital Drive,St. Peters,MO,63376,St. Charles,LEVEL I,Level I,General Acute Care,102,Y,-90.579615,38.793605,2024-04-01
0014563110,Barnes Jewish Hospital,1 Barnes Jewish Hospital Plaza,St. Louis,MO,63110,St. Louis,LEVEL I,Level I,General Acute Care,1431,Y,-90.264716,38.635674,2024-04-01
0005764012,Belton Regional Medical Center,17065 S 71 Highway,Belton,MO,64012,Cass,LEVEL III,Level III,General Acute Care,71,Y,-94.503002,38.815813,2024-04-01
0000165201,Boone Hospital Center,1600 East Broadway,Columbia,MO,65201,Boone,LEVEL I,Level I,General Acute Care,392,Y,-92.315813,38.949297,2024-04-01
0006164429,"Cameron Regional Medical Center, Inc","1600 East Evergreen, Po Box 557",Cameron,MO,64429,Clinton,LEVEL III,Level III,General Acute Care,58,Y,-94.218056,39.730435,2024-04-01
0006365101,Capital Region Medical Center,"1125 Madison, Po Box 1128",Jefferson City,MO,65101,Cole,LEVEL II,Level II,General Acute Care,114,Y,-92.181793,38.565792,2024-04-01
0003464633,Carroll County Memorial Hospital,1502 North Jefferson,Carrollton,MO,64633,Carroll,LEVEL IV,Level IV,Critical Access,25,Y,-93.49339,39.376912,2024-04-01
0000764701,Cass Regional Medical Center,2800 E Rock Haven Road,Harrisonville,MO,64701,Cass,LEVEL III,Level III,Critical Access,25,Y,-94.377497,38.665072,2024-04-01
0003564057,Centerpoint Medical Center,19600 East 39th Street,Independence,MO,64057,Jackson,LEVEL II,Level II,General Acute Care,285,Y,-94.348904,39.049545,2024-04-01
0011863304,Centerpointe Hospital,4801 Weldon Spring Parkway,St. Charles,MO,63304,St. Charles,LEVEL II,Level II,Psychiatric,104,N,-90.671889,38.714969,2024-04-01
0006464108,Children'S Mercy Hospital,2401 Gillham Road,Kansas City,MO,64108,Jackson,LEVEL I PEDIATRIC,Pediatric Level I,Children,334,Y,-94.577271,39.084085,2024-04-01
0010265613,Citizens Memorial Hospital,1500 North Oakland Ave,Bolivar,MO,65613,Polk,LEVEL III,Level III,General Acute Care,86,Y,-93.420114,37.626484,2024-04-01
0016065616,Cox Medical Center Branson,"525 Branson Landing Blvd, Po Box 650",Branson,MO,65615,Taney,LEVEL II,Level II,General Acute Care,157,Y,-93.221869,36.65061,2024-04-01
0001865807,Cox Medical Centers South Hospital,3801 South National Avenue,Springfield,MO,65807,Greene,LEVEL I,Level I,General Acute Care,706,Y,-93.279677,37.144946,2024-04-01
0001665708,Cox Monett Hospital,1000 E Us Highway 60,Monett,MO,65708,Barry,LEVEL IV,Level IV,Critical Access,25,Y,-93.930747,36.927004,2024-04-01
0009364804,Freeman Health System - West,1102 West 32nd Street,Joplin,MO,64804,Newton,LEVEL II,Level II,General Acute Care,338,Y,-94.526798,37.052731,2024-04-01
0009564850,Freeman Neosho Hospital,113 West Hickory Street,Neosho,MO,64850,Newton,LEVEL III,Level III,Critical Access,49,Y,-94.369468,36.866954,2024-04-01
0009163401,Hannibal Regional Hospital,"6000 Hospital Drive, Po Box 551",Hannibal,MO,63401,Marion,LEVEL III,Level III,General Acute Care,99,Y,-91.450538,39.710612,2024-04-01
0005664424,Harrison County Community Hospital,2600 Miller Street,Bethany,MO,64424,Harrison,LEVEL III,Level III,Critical Access,19,Y,-94.025659,40.264539,2024-04-01
0017864601,Hedrick Medical Center,2799 North Washington Street,Chillicothe,MO,64601,Livingston,LEVEL III,Level III,Critical Access,25,Y,-93.551016,39.817142,2024-04-01
0004965041,Hermann Area District Hospital,"509 West 18th Street, Po Box 470",Hermann,MO,65041,Gasconade,LEVEL II,Level II,Critical Access,24,Y,-91.449586,38.693078,2024-04-01
0014363128,Kindred Hospital St. Louis South,"10018 Kennerly Road, 3rd Floor, Hyland Building B",St. Louis,MO,63128,St. Louis,LEVEL II,Level II,General Acute Care,38,Y,-90.380019,38.507423,2024-04-01
0008164067,Lafayette Regional Health Center,1500 State Street,Lexington,MO,64067,Lafayette,LEVEL III,Level III,Critical Access,32,Y,-93.877278,39.189729,2024-04-01
0003265065,Lake Regional Health System,54 Hospital Drive,Osage Beach,MO,65065,Camden,LEVEL III,Level III,General Acute Care,116,Y,-92.683043,38.120631,2024-04-01
0007564063,Lee'S Summit Medical Center,2100 Se Blue Parkway,Lee'S Summit,MO,64063,Jackson,LEVEL III,Level III,General Acute Care,80,Y,-94.332982,38.903635,2024-04-01
0004164068,Liberty Hospital,2525 Glenn Hendren Drive,Liberty,MO,64068,Clay,LEVEL II,Level II,General Acute Care,204,Y,-94.423707,39.275242,2024-04-01
0000364506,Long - Term Acute Care Hospital - Mosaic,5325 Faraon Street,Saint Joseph,MO,64506,Buchanan,LEVEL II,Level II,Long Term Care,41,Y,-94.770598,39.772354,2024-04-01
0008463019,Mercy Hospital Jefferson,"1400 Highway 61 South, Po Box 350",Crystal City,MO,63019,Jefferson,LEVEL III,Level III,General Acute Care,321,Y,-90.393603,38.196669,2024-04-01
0018064804,Mercy Hospital Joplin,100 Mercy Way,Joplin,MO,64804,Newton,LEVEL II,Level II,General Acute Care,242,Y,-94.509709,37.036513,2024-04-01
0013963128,Mercy Hospital South,10010 Kennerly Road,St. Louis,MO,63128,St. Louis,LEVEL II,Level II,Long Term Care,767,Y,-90.38067,38.506392,2024-04-01
0002265804,Mercy Hospital Springfield,1235 East Cherokee Street,Springfield,MO,65804,Greene,LEVEL I,Level I,General Acute Care,866,Y,-93.275276,37.178982,2024-04-01
0014163128,Mercy Hospital St. Louis,615 South New Ballas Road,St. Louis,MO,63141,St. Louis,LEVEL I,Level I,General Acute Care,859,Y,-90.446253,38.645631,2024-04-01
0004863090,Mercy Hospital Washington,901 East 5th Street,Washington,MO,63090,Franklin,LEVEL III,Level III,General Acute Care,140,N,-91.002135,38.55259,2024-04-01
0014463131,Missouri Baptist Medical Center,3015 North Ballas Road,Town & Country,MO,63131,St. Louis,LEVEL II,Level II,General Acute Care,489,Y,-90.446772,38.636367,2024-04-01
0004663080,Missouri Baptist Sullivan Hospital,"751 Sappington Bridge Road, Po Box 190",Sullivan,MO,63080,Crawford,LEVEL III,Level III,Critical Access,25,Y,-91.170642,38.19583,2024-04-01
0196784692,Mosaic Life Care At St. Joseph,5325 Faraon Street,St. Joseph,MO,64506,Buchanan,LEVEL II,Level II,General Acute Care,352,Y,-94.771018,39.773218,2024-04-01
0000964116,North Kansas City Hospital,2800 Clay Edwards Drive,North Kansas City,MO,64116,Clay,LEVEL II,Level II,General Acute Care,451,Y,-94.551162,39.148988,2024-04-01
0001163501,Northeast Regional Medical Center,"315 South Osteopathy, Po Box C8502",Kirksville,MO,63501,Adair,LEVEL III,Level III,General Acute Care,93,Y,-92.589064,40.193512,2024-04-01
0006065775,Ozarks Healthcare,"1100 Kentucky Avenue, Po Box 1100",West Plains,MO,65775,Howell,LEVEL II,Level II,General Acute Care,114,Y,-91.874588,36.738188,2024-04-01
0012363640,Parkland Health Center - Farmington,1101 West Liberty Street,Farmington,MO,63640,St. Francois,LEVEL III,Level III,General Acute Care,130,Y,-90.438245,37.781366,2024-04-01
0009763775,Perry County Memorial Hospital,434 North West Street,Perryville,MO,63775,Perry,LEVEL III,Level III,Critical Access,25,Y,-89.865514,37.732092,2024-04-01
0009965401,Phelps Health,1000 West Tenth Street,Rolla,MO,65401,Phelps,LEVEL III,Level III,General Acute Care,242,Y,-91.785983,37.95249,2024-04-01
0010063353,Pike County Memorial Hospital,2305 Georgia Street,Louisiana,MO,63353,Pike,LEVEL III,Level III,Critical Access,25,Y,-91.064781,39.440664,2024-04-01
0010663368,Progress West Hospital,2 Progress Point Pkwy,O'Fallon,MO,63368,St. Charles,LEVEL II,Level II,General Acute Care,76,Y,-90.698142,38.715953,2024-04-01
0010564085,Ray County Memorial Hospital,904 Wollard Boulevard,Richmond,MO,64085,Ray,LEVEL III,Level III,Critical Access,34,Y,-93.957421,39.264378,2024-04-01
0006664132,Research Medical Center,2316 East Meyer Boulevard,Kansas City,MO,64132,Jackson,LEVEL I,Level I,General Acute Care,590,Y,-94.558125,39.0089,2024-04-01
0006764131,Research Medical Center - Brookside C,6601 Rockhill Road,Kansas City,MO,64131,Jackson,LEVEL I,Level I,General Acute Care,3,Y,-94.577731,39.007232,2024-04-01
0003363703,Saint Francis Medical Center,211 Saint Francis Drive,Cape Girardeau,MO,63703,Cape Girardeau,LEVEL III,Level III,General Acute Care,306,Y,-89.571145,37.303582,2024-04-01
0000000075,Saint Luke'S East Hospital,100 N E Saint Luke'S Boulevard,Lee'S Summit,MO,64086,Jackson,LEVEL III,Level III,General Acute Care,236,Y,-94.381529,38.941897,2024-04-01
0007264111,Saint Luke'S Hospital Of Kansas City,4401 Wornall Road,Kansas City,MO,64111,Jackson,LEVEL I,Level I,General Acute Care,554,Y,-94.590196,39.047434,2024-04-01
0004765560,Salem Memorial District Hospital,"35629 Hwy 72, Po Box 774",Salem,MO,65560,Dent,LEVEL IV,Level IV,Critical Access,25,Y,-91.569352,37.660456,2024-04-01
0014863104,Ssm Health Cardinal Glennon Children'S Medical Center,1465 South Grand Boulevard,St. Louis,MO,63104,St. Louis,LEVEL I PEDIATRIC,Pediatric Level I,Children,195,Y,-90.239104,38.621725,2024-04-01
0012663044,Ssm Health Depaul Hospital - St. Louis,12303 Depaul Drive,Bridgeton,MO,63044,St. Louis,LEVEL II,Level II,General Acute Care,523,Y,-90.433742,38.750557,2024-04-01
0015563111,Ssm Health Saint Louis University Hosp,3635 Vista Avenue,St. Louis,MO,63110,St. Louis,LEVEL I,Level I,General Acute Care,56,Y,-90.238686,38.622956,2024-04-01
0013163026,Ssm Health St. Clare Hospital - Fenton,1015 Bowles Ave,Fenton,MO,63026,St. Louis,LEVEL I,Level I,General Acute Care,180,Y,-90.476414,38.527924,2024-04-01
0011663367,Ssm Health St. Joseph Hospital - Lake,100 Medical Plaza,Lake St. Louis,MO,63367,St. Charles,LEVEL III,Level III,General Acute Care,215,Y,-90.775747,38.802797,2024-04-01
0011263301,Ssm Health St. Joseph Hospital - St. Ch,300 First Capitol Drive,St. Charles,MO,63301,St. Charles,LEVEL II,Level II,General Acute Care,329,Y,-90.484621,38.780909,2024-04-01
0013563117,Ssm Health St. Mary'S Hospital - St. Lou,6420 Clayton Road,Richmond Heights,MO,63117,St. Louis,LEVEL II,Level II,General Acute Care,495,Y,-90.310896,38.633096,2024-04-01
0004464114,St. Joseph Medical Center,1000 Carondelet Drive,Kansas City,MO,64114,Jackson,LEVEL II,Level II,General Acute Care,271,Y,-94.603818,38.936135,2024-04-01
0015363110,St. Louis Children'S Hospital,1 Children'S Place,St. Louis,MO,63110,St. Louis,LEVEL I PEDIATRIC,Pediatric Level I,Children,417,Y,-90.264171,38.638944,2024-04-01
0012863017,St. Luke'S Hospital,232 South Woods Mill Road,Chesterfield,MO,63017,St. Louis,LEVEL II,Level II,General Acute Care,493,Y,-90.503224,38.651291,2024-04-01
0007764014,St. Mary'S Medical Center,201 Nw Rd Mize Road,Blue Springs,MO,64014,Jackson,LEVEL II,Level II,General Acute Care,146,Y,-94.263858,39.026067,2024-04-01
0015763670,Ste Genevieve County Memorial Hospit,"800 Ste Genevieve Drive, Po Box 468",Ste. Genevieve,MO,63670,Ste. Genevieve,LEVEL III,Level III,Critical Access,47,Y,-90.054655,37.969342,2024-04-01
0007364108,University Health Truman Medical Center,2301 Holmes Street,Kansas City,MO,64108,Jackson,LEVEL I,Level I,General Acute Care,199,Y,-94.575317,39.084536,2024-04-01
0018664108,University Health Truman Medical Center,"1000 E 24th Street, 2 Center",Kansas City,MO,64108,Jackson,LEVEL I,Level I,General Acute Care,50,Y,-94.572882,39.084254,2024-04-01
0005065212,University Of Missouri Health Care,"1 Hospital Drive, Room Ce121, Dc03100",Columbia,MO,65212,Boone,LEVEL I,Level I,General Acute Care,247,Y,-92.328178,38.938384,2024-04-01
0016363664,Washington County Memorial Hospital,300 Health Way,Potosi,MO,63664,Washington,LEVEL III,Level III,Critical Access,25,Y,-90.772666,37.925973,2024-04-01
0006564093,Western Missouri Medical Center,403 Burkarth Road,Warrensburg,MO,64093,Johnson,LEVEL III,Level III,General Acute Care,62,Y,-93.722295,38.765933,2024-04-01
0005464683,Wright Memorial Hospital,191 Iowa Boulevard,Trenton,MO,64683,Grundy,LEVEL III,Level III,Critical Access,22,Y,-93.58164,40.067867,2024-04-01
0006838635,"Alliance Healthcare System, Inc",1430 Highway 4 East,Holly Springs,MS,38635,Marshall,LEVEL IV,Level IV,General Acute Care,40,Y,-89.416659,34.787099,2024-03-29
0004639301,Anderson Regional Medical Center,2124 14th Street,Meridian,MS,39301,Lauderdale,LEVEL III,Level III,General Acute Care,260,N,-88.70007,32.371155,2024-03-29
0001439090,Baptist Medical Center - Attala,220 Highway 12 West,Kosciusko,MS,39090,Attala,LEVEL IV,Level IV,Critical Access,25,Y,-89.598363,33.065866,2024-03-29
0005139051,Baptist Medical Center Leake,1100 Highway 16 East,Carthage,MS,39051,Leake,LEVEL IV,Level IV,General Acute Care,25,Y,-89.517516,32.739439,2024-03-29
0011639194,Baptist Medical Center Yazoo,823 Grand Avenue,Yazoo City,MS,39194,Yazoo,LEVEL IV,Level IV,Critical Access,25,N,-90.404259,32.858895,2024-03-29
0008738829,Baptist Memorial Hospital - Booneville,100 Hospital Street,Booneville,MS,38829,Prentiss,LEVEL IV,Level IV,General Acute Care,114,Y,-88.566132,34.657785,2024-03-29
0004938916,Baptist Memorial Hospital - Calhoun,140 Burke-Calhoun City Road,Calhoun City,MS,38916,Calhoun,LEVEL IV,Level IV,General Acute Care,25,N,-89.318373,33.870853,2024-03-29
0000238671,Baptist Memorial Hospital - Desoto,7601 Southcrest Parkway,Southaven,MS,38671,Desoto,LEVEL III,Level III,General Acute Care,339,Y,-89.998166,34.969865,2024-03-29
0006339705,Baptist Memorial Hospital - Golden Triangle,2520 5th Street N,Columbus,MS,39705,Lowndes,LEVEL III,Level III,General Acute Care,315,Y,-88.427824,33.525285,2024-03-29
0195238655,Baptist Memorial Hospital - North Ms,1100 Belk Boulevard,Oxford,MS,38655,Lafayette,LEVEL III,Level III,General Acute Care,217,Y,-89.529729,34.34799,2024-03-29
0010438652,Baptist Memorial Hospital - Union County,200 Highway 30 West,New Albany,MS,38652,Union,LEVEL IV,Level IV,General Acute Care,153,Y,-89.028067,34.497832,2024-03-29
0001738732,Bolivar Medical Center,901 E Sunflower Road,Cleveland,MS,38732,Bolivar,LEVEL IV,Level IV,General Acute Care,164,Y,-90.708414,33.748911,2024-03-29
0012339735,Choctaw Regional Medical Center,8613 Ms Highway 12,Ackerman,MS,39735,Choctaw,LEVEL IV,Level IV,Critical Access,25,Y,-89.182683,33.319944,2024-03-29
0002039150,Claiborne County Hospital,123 Mccomb Avenue,Port Gibson,MS,39150,Claiborne,LEVEL IV,Level IV,General Acute Care,32,Y,-90.984711,31.946311,2024-03-29
0171439083,Copiah County Medical Center,27190 Hwy 28,Hazlehurst,MS,39083,Copiah,LEVEL IV,Level IV,Critical Access,25,Y,-90.414636,31.871355,2024-03-29
0002539428,Covington County Hospital,701 South Holly Street,Collins,MS,39428,Covington,LEVEL IV,Level IV,General Acute Care,35,Y,-89.554743,31.637222,2024-03-29
0010838701,Delta Regional Medical Center,1400 East Union Street,Greenville,MS,38703,Washington,LEVEL III,Level III,General Acute Care,227,Y,-91.034808,33.410669,2024-03-29
0012439631,Field Health Systems,178 Highway 24 East,Centreville,MS,39631,Amite,LEVEL IV,Level IV,General Acute Care,25,Y,-91.058878,31.082099,2024-03-29
0005239404,Forrest General Hospital,6051 U S Highway 49 South,Hattiesburg,MS,39401,Forrest,LEVEL II,Level II,General Acute Care,545,Y,-89.329592,31.31858,2024-03-29
0002639653,Franklin County Memorial Hospital,40 Union Church Road,Meadville,MS,39653,Franklin,LEVEL IV,Level IV,Critical Access,25,N,-90.884406,31.473181,2024-03-29
0002739452,George Regional Hospital,859 Winter Street,Lucedale,MS,39452,George,LEVEL IV,Level IV,General Acute Care,48,Y,-88.593938,30.921924,2024-03-29
0002839451,Greene County Hospital,1017 Jackson Avenue,Leakesville,MS,39451,Greene,LEVEL IV,Level IV,General Acute Care,7,Y,-88.562782,31.153992,2024-03-29
0005838935,Greenwood Leflore Hospital,1401 River Road,Greenwood,MS,38930,Leflore,LEVEL IV,Level IV,General Acute Care,208,Y,-90.19916,33.517809,2024-03-29
0002139355,H. C. Watkins Memorial Hospital,605 South Archusa Avenue,Quitman,MS,39355,Clarke,LEVEL IV,Level IV,Critical Access,25,N,-88.725959,32.030534,2024-03-29
0012539466,Highland Community Hospital,130 Highlands Parkway,Picayune,MS,39466,Pearl River,LEVEL IV,Level IV,General Acute Care,50,Y,-89.665132,30.550063,2024-03-29
0003439095,Holmes County Hospital And Clinics,239 Bowling Green Road,Lexington,MS,39095,Holmes,LEVEL IV,Level IV,General Acute Care,25,N,-90.030731,33.11169,2024-03-29
0003839474,Jefferson Davis General Hospital,1102 Rose Street,Prentiss,MS,39474,Jefferson Davis,LEVEL IV,Level IV,General Acute Care,35,Y,-89.872265,31.594638,2024-03-29
0171539328,John C. Stennis Memorial Hospital,14365 Highway 16 West,Dekalb,MS,39328,Kemper,LEVEL IV,Level IV,Critical Access,25,Y,-88.679622,32.777822,2024-03-29
0006239601,King'S Daughters Medical Center,427 Highway 51 North,Brookhaven,MS,39601,Lincoln,LEVEL IV,Level IV,General Acute Care,99,Y,-90.457818,31.589163,2024-03-29
0007439365,Laird Hospital,25117 Highway 15,Union,MS,39365,Newton,LEVEL IV,Level IV,Critical Access,25,Y,-89.10376,32.575875,2024-03-29
0005039654,Lawrence County Hospital,1065 East Broad Street,Monticello,MS,39654,Lawrence,LEVEL IV,Level IV,Critical Access,25,N,-90.099843,31.55407,2024-03-29
0010639111,Magee General Hospital,300 S E Third Avenue Se,Magee,MS,39111,Simpson,LEVEL IV,Level IV,General Acute Care,44,Y,-89.729022,31.87118,2024-03-29
0001338834,Magnolia Regional Health Center,611 Alcorn Drive,Corinth,MS,38834,Alcorn,LEVEL III,Level III,General Acute Care,200,Y,-88.559823,34.935313,2024-03-29
0006739429,Marion General Hospital,1560 Sumrall Road,Columbia,MS,39429,Marion,LEVEL IV,Level IV,General Acute Care,49,Y,-89.805579,31.255996,2024-03-29
0003039501,Memorial Hospital Of Gulfport,4500 13th Street,Gulfport,MS,39501,Harrison,LEVEL II,Level II,General Acute Care,303,Y,-89.11557,30.367675,2024-03-29
0000439530,Merit Health Biloxi,150 Reynoir Street,Biloxi,MS,39530,Harrison,LEVEL III,Level III,General Acute Care,153,N,-88.889751,30.395939,2024-03-29
0000639204,Merit Health Central,1850 Chadwick Drive,Jackson,MS,39204,Hinds,LEVEL III,Level III,General Acute Care,319,Y,-90.254519,32.287769,2024-03-29
0000000084,Merit Health Madison,161 River Oaks Drive,Canton,MS,39046,Madison,LEVEL IV,Level IV,General Acute Care,67,Y,-90.083196,32.581372,2024-03-29
0004339121,Merit Health Natchez,54 Seargent Prentiss Drive,Natchez,MS,39120,Adams,LEVEL IV,Level IV,General Acute Care,179,Y,-91.391792,31.52749,2024-03-29
0005339042,Merit Health Rankin,350 Crossgates Boulevard,Brandon,MS,39042,Rankin,LEVEL IV,Level IV,General Acute Care,134,Y,-90.034748,32.286643,2024-03-29
0005739296,Merit Health River Oaks,1030 River Oaks Drive,Flowood,MS,39232,Rankin,LEVEL III,Level III,General Acute Care,160,Y,-90.105411,32.325337,2024-03-29
0008039183,Merit Health River Region,2100 Highway 61 North,Vicksburg,MS,39183,Warren,LEVEL IV,Level IV,General Acute Care,361,Y,-90.824527,32.374373,2024-03-29
0004239402,Merit Health Wesley,5001 Hardy Street,Hattiesburg,MS,39402,Lamar,LEVEL III,Level III,General Acute Care,211,Y,-89.366462,31.326074,2024-03-29
0012638654,Methodist Healthcare - Olive Branch Hospital,4250 Bethel Road,Olive Branch,MS,38654,Desoto,LEVEL IV,Level IV,General Acute Care,67,Y,-89.792027,34.922645,2024-03-29
0000739202,Mississippi Baptist Medical Center,1225 North State Street,Jackson,MS,39202,Hinds,LEVEL IV,Level IV,General Acute Care,638,Y,-90.179446,32.314756,2024-03-29
0007039730,Monroe Regional Hospital,400 South Chestnut Street,Aberdeen,MS,39730,Monroe,LEVEL IV,Level IV,General Acute Care,35,Y,-88.540244,33.820182,2024-03-29
0007339350,Neshoba County General Hospital,1001 Holland Avenue,Philadelphia,MS,39350,Neshoba,LEVEL IV,Level IV,General Acute Care,48,Y,-89.106261,32.756961,2024-03-29
0005438801,North Mississippi Medical Center,830 South Gloster Street,Tupelo,MS,38801,Lee,LEVEL II,Level II,General Acute Care,640,Y,-88.716448,34.241959,2024-03-29
0006938821,North Mississippi Medical Center - Gilmore - Amory,1105 Earl Frye Boulevard,Amory,MS,38821,Monroe,LEVEL IV,Level IV,General Acute Care,95,Y,-88.476604,33.977729,2024-03-29
0185838852,North Ms Medical Center - Iuka,177 Curtis Drive,Iuka,MS,38852,Tishomingo,LEVEL IV,Level IV,General Acute Care,48,Y,-88.208355,34.801856,2024-03-29
0002239773,North Ms Medical Center - West Point,150 Medical Center Drive,West Point,MS,39773,Clay,LEVEL IV,Level IV,General Acute Care,49,Y,-88.662378,33.619396,2024-03-29
0009738771,North Sunflower Medical Center,840 North Oak Avenue,Ruleville,MS,38771,Sunflower,LEVEL IV,Level IV,General Acute Care,35,Y,-90.545455,33.734435,2024-03-29
0002338614,Northwest Ms Medical Center,1970 Hospital Drive,Clarksdale,MS,38614,Coahoma,LEVEL IV,Level IV,General Acute Care,181,Y,-90.552216,34.19596,2024-03-29
0007639341,Noxubee General Critical Access Hospital,78 Hospital Road,Macon,MS,39341,Noxubee,LEVEL IV,Level IV,Critical Access,25,Y,-88.558605,33.122233,2024-03-29
0003539564,Ocean Springs Hospital,3109 Bienville Boulevard,Ocean Springs,MS,39564,Jackson,LEVEL III,Level III,General Acute Care,136,Y,-88.780714,30.414135,2024-03-29
0007839759,Och Regional Medical Center,400 Hospital Road,Starkville,MS,39759,Oktibbeha,LEVEL III,Level III,General Acute Care,96,Y,-88.820605,33.476174,2024-03-29
0002939521,Ochsner Medical Center - Hancock,149 Drinkwater Boulevard,Bay St. Louis,MS,39520,Hancock,LEVEL IV,Level IV,General Acute Care,102,N,-89.354338,30.316774,2024-03-29
0007938606,Panola Medical Center,303 Medical Center Drive,Batesville,MS,38606,Panola,LEVEL IV,Level IV,General Acute Care,96,Y,-89.914602,34.306298,2024-03-29
0008239470,Pearl River County Hospital,305 West Moody Street,Poplarville,MS,39470,Pearl River,LEVEL IV,Level IV,Critical Access,24,Y,-89.542011,30.85654,2024-03-29
0008339476,Perry County General Hospial,206 Bay Avenue,Richton,MS,39476,Perry,LEVEL IV,Level IV,General Acute Care,22,Y,-88.937725,31.34634,2024-03-29
0008638863,Pontotoc Health Services,176 South Main Street,Pontotoc,MS,38863,Pontotoc,LEVEL IV,Level IV,Critical Access,25,Y,-88.99618,34.24296,2024-03-29
0004739301,Rush Foundation Hospital,1314 19th Avenue,Meridian,MS,39301,Lauderdale,LEVEL III,Level III,General Acute Care,215,N,-88.69753,32.370038,2024-03-29
0009039074,S.E. Lackey Memorial Hospital,330 North Broad Street,Forest,MS,39074,Scott,LEVEL IV,Level IV,General Acute Care,35,Y,-89.470232,32.366031,2024-03-29
0009139117,Scott Regional Hospital,317 Highway 13 South,Morton,MS,39117,Scott,LEVEL IV,Level IV,Critical Access,25,N,-89.672571,32.344097,2024-03-29
0006439159,Sharkey - Issaquena Community Hospital,47 South Fourth Street,Rolling Fork,MS,39159,Sharkey,LEVEL IV,Level IV,General Acute Care,29,Y,-90.884555,32.904739,2024-03-29
0009239114,Simpson General Hospital,"1842 Simpson, Highway 149",Mendenhall,MS,39114,Simpson,LEVEL IV,Level IV,General Acute Care,35,Y,-89.886494,31.969073,2024-03-29
0001239581,Singing River Health System,2809 Denny Avenue,Pascagoula,MS,39581,Jackson,LEVEL III,Level III,General Acute Care,435,Y,-88.533444,30.376394,2024-03-29
0003939441,South Central Regional Medical Center,1220 Jefferson Street,Laurel,MS,39440,Jones,LEVEL III,Level III,General Acute Care,285,N,-89.140794,31.684952,2024-03-29
0009838751,South Sunflower County Hospital,121 East Baker Street,Indianola,MS,38751,Sunflower,LEVEL IV,Level IV,General Acute Care,49,N,-90.650194,33.45752,2024-03-29
0008539649,Southwest Ms Regional Medical Center,215 Marion Avenue,Mccomb,MS,39649,Pike,LEVEL IV,Level IV,General Acute Care,160,Y,-90.473956,31.25101,2024-03-29
0001039216,St. Dominic - Jackson Memorial Hospital,969 Lakeland Drive,Jackson,MS,39216,Hinds,LEVEL IV,Level IV,General Acute Care,571,Y,-90.164857,32.332566,2024-03-29
0009639577,Stone County Hospital,1434 East Central Avenue,Wiggins,MS,39577,Stone,LEVEL IV,Level IV,Critical Access,25,N,-89.115771,30.844868,2024-03-29
0010038921,Tallahatchie General Hospital,201 South Market Street,Charleston,MS,38921,Tallahatchie,LEVEL IV,Level IV,Critical Access,18,Y,-90.058832,34.004056,2024-03-29
0010238663,Tippah County Hospital,1005 City Avenue North,Ripley,MS,38663,Tippah,LEVEL IV,Level IV,General Acute Care,25,Y,-88.950247,34.73939,2024-03-29
0007539345,"Tishomingo Health Services, Inc",1777 Curtis Drive,Iuka,MS,38852,Newton,LEVEL IV,Level IV,General Acute Care,48,Y,-89.127866,32.356207,2024-03-29
0007238967,Tyler Holmes Memorial Hospital,409 Tyler Holmes Drive,Winona,MS,38967,Montgomery,LEVEL IV,Level IV,Critical Access,25,Y,-89.738552,33.490926,2024-03-29
0003339216,University Of Mississippi Medical Center,2500 North State Street,Jackson,MS,39216,Hinds,LEVEL I,Level I,General Acute Care,697,Y,-90.173146,32.329472,2024-03-29
0006038901,University Of Mississippi Medical Center - Grenada,960 Avent Drive,Grenada,MS,38901,Grenada,LEVEL IV,Level IV,General Acute Care,142,Y,-89.81748,33.762234,2024-03-29
0010539667,Walthall General Hospital,100 Hospital Drive,Tylertown,MS,39667,Walthall,LEVEL IV,Level IV,General Acute Care,25,Y,-90.155768,31.120371,2024-03-29
0011039367,Wayne General Hospital,950 Matthew Drive,Waynesboro,MS,39367,Wayne,LEVEL IV,Level IV,General Acute Care,49,Y,-88.633913,31.673118,2024-03-29
0193339744,"Webster Health Services, Inc",70 Medical Plaza,Eupora,MS,39744,Webster,LEVEL IV,Level IV,General Acute Care,38,Y,-89.266357,33.533926,2024-03-29
0012739339,Winston Medical Center,17550 East Main Street,Louisville,MS,39339,Winston,LEVEL IV,Level IV,General Acute Care,24,N,-89.060111,33.098005,2024-03-29
0001759725,Barrett Hospital And Healthcare,600 Hwy 91 South,Dillon,MT,59725,Beaverhead,TRF,Other designation,Critical Access,18,N,-112.647249,45.201614,2024-04-22
0003259068,Beartooth Billings Clinic,2525 N Broadway,Red Lodge,MT,59068,Carbon,TRF,Other designation,Critical Access,10,Y,-109.243881,45.212271,2024-04-22
0005059405,Benefis Hospitals Inc,1101 26th St S,Great Falls,MT,59405,Cascade,RTC,Other designation,General Acute Care,332,Y,-111.260968,47.491601,2024-04-22
0000859034,Big Horn Hospital,17 N Miles,Hardin,MT,59034,Big Horn,TRF,Other designation,Critical Access,18,N,-107.616533,45.728917,2024-04-22
0004859101,Billings Clinic,2800 10th Ave N,Billings,MT,59101,Yellowstone,RTC,Other designation,General Acute Care,308,Y,-108.513452,45.789497,2024-04-22
0000759840,Bitterroot Health - Daly Hospital Cah,1200 Westwood Dr,Hamilton,MT,59840,Ravalli,TRF,Other designation,Critical Access,25,Y,-114.172087,46.248139,2024-04-22
0005459715,Bozeman Health Deaconess Hospital,915 Highland Blvd,Bozeman,MT,59715,Gallatin,ATH,Other designation,General Acute Care,125,Y,-111.019715,45.670107,2024-04-22
0002659457,Central Montana Medical Center,408 Wendell Ave,Lewistown,MT,59457,Fergus,CTH,Other designation,Critical Access,25,Y,-109.443954,47.058594,2024-04-22
0003059859,Clark Fork Valley Hospital,10 Kruger Rd,Plains,MT,59859,Sanders,CTH,Other designation,Critical Access,16,Y,-114.888188,47.468473,2024-04-22
0000159711,Community Hospital Of Anaconda,401 W Pennsylvania Ave,Anaconda,MT,59711,Deer Lodge,CTH,Other designation,Critical Access,25,Y,-112.956929,46.132692,2024-04-22
0006059804,Community Medical Center,2827 Fort Missoula Rd,Missoula,MT,59804,Missoula,CTH,Other designation,General Acute Care,151,Y,-114.04788,46.847378,2024-04-22
0003559263,Daniels Memorial Hospital,105 5th Avenue East,Scobey,MT,59263,Daniels,TRF,Other designation,Critical Access,25,N,-105.418244,48.788246,2024-04-22
0004459722,Deer Lodge Medical Center,1100 Hollenback Lane,Deer Lodge,MT,59722,Powell,TRF,Other designation,Critical Access,16,Y,-112.726831,46.413278,2024-04-22
0002359230,Frances Mahon Deaconess Hospital,621 3rd St S,Glasgow,MT,59230,Valley,CTH,Other designation,Critical Access,25,N,-106.635226,48.189422,2024-04-22
0002959301,Holy Rosary Healthcare,2600 Wilson,Miles City,MT,59301,Custer,CTH,Other designation,Critical Access,25,Y,-105.82806,46.395322,2024-04-22
0005359901,Kalispell Regional Medical Center - Logan Health Medical Center,310 Sunnyview Ln,Kalispell,MT,59901,Flathead,ATH,Other designation,General Acute Care,220,Y,-114.323426,48.214677,2024-04-22
0004259522,Liberty Medical Center,315 West Madison Avenue,Chester,MT,59522,Liberty,TRF,Other designation,Critical Access,25,N,-110.972042,48.510072,2024-04-22
0007059047,Livingston Healthcare,320 Alpenglow Lane,Livingston,MT,59047,Park,CTH,Other designation,Critical Access,25,Y,-110.52679,45.675153,2024-04-22
0001559425,Logan Health - Conrad,805 Sunset Blvd,Conrad,MT,59425,Pondera,TRF,Other designation,Critical Access,20,Y,-111.958925,48.174487,2024-04-22
0003659474,Logan Health - Shelby,640 Park Ave,Shelby,MT,59474,Toole,TRF,Other designation,Critical Access,21,Y,-111.849615,48.509521,2024-04-22
0004059937,Logan Health - Whitefish,1600 Hospital Way,Whitefish,MT,59937,Flathead,CTH,Other designation,Critical Access,25,Y,-114.331344,48.380277,2024-04-22
0001959729,Madison Valley Medical Center,305 N Main St,Ennis,MT,59729,Madison,TRF,Other designation,Critical Access,10,Y,-111.732019,45.351747,2024-04-22
0001859872,Mineral Community Hospital,1208 6th Ave E,Superior,MT,59872,Mineral,TRF,Other designation,Critical Access,25,Y,-114.876648,47.185267,2024-04-22
0003959645,Mountainview Medical Center,16 W Main,White Sulphur Springs,MT,59645,Meagher,TRF,Other designation,Critical Access,25,Y,-110.904417,46.547876,2024-04-22
0000559427,Northern Rockies Medical Center Inc Dba Logan Health - Cut Bank,802 2nd Street Se,Cut Bank,MT,59427,Glacier,TRF,Other designation,Critical Access,20,Y,-112.327023,48.62851,2024-04-22
0000359011,Pioneer Medical Center - Cah,301 West 7th Avenue,Big Timber,MT,59011,Sweet Grass,TRF,Other designation,Critical Access,25,N,-109.952072,45.828245,2024-04-22
0004659255,Poplar Community Hospital,211 H Street East,Poplar,MT,59255,Roosevelt,TRF,Other designation,Critical Access,20,N,-105.192897,48.115328,2024-04-22
0002259349,Prairie Community Hospital,312 S Adams,Terry,MT,59349,Prairie,TRF,Other designation,Critical Access,25,N,-105.315596,46.791134,2024-04-22
0006959860,Providence St. Joseph Medical Center,6 13th Avenue E,Polson,MT,59860,Lake,CTH,Other designation,Critical Access,22,Y,-114.162705,47.682172,2024-04-22
0001659218,Roosevelt Medical Center,818 2nd Ave E,Culbertson,MT,59218,Roosevelt,TRF,Other designation,Critical Access,25,N,-104.51461,48.15145,2024-04-22
0003459072,Roundup Memorial Healthcare,1202 3rd St W,Roundup,MT,59072,Musselshell,TRF,Other designation,Critical Access,25,N,-108.545705,46.453717,2024-04-22
0003759749,Ruby Valley Medical Center,321 Madison Street,Sheridan,MT,59749,Madison,TRF,Other designation,Critical Access,5,N,-112.192039,45.453032,2024-04-22
0001259254,Sheridan Memorial Hospital,440 W Laurel Ave,Plentywood,MT,59254,Sheridan,TRF,Other designation,Critical Access,19,N,-104.563277,48.779184,2024-04-22
0005559701,St James Healthcare,400 S Clark St,Butte,MT,59701,Silver Bow,ATH,Other designation,General Acute Care,98,Y,-112.545514,46.008517,2024-04-22
0003359864,St Luke Community Hospital - Cah,107 6th Ave Sw,Ronan,MT,59864,Lake,CTH,Other designation,Critical Access,25,Y,-114.107045,47.528676,2024-04-22
0006159806,St Patrick Hospital,500 W Broadway,Missoula,MT,59806,Missoula,RTH,Other designation,General Acute Care,253,Y,-113.99991,46.87591,2024-04-22
0004959107,St Vincent Health Care,1233 North 30th Street,Billings,MT,59107,Yellowstone,RTC,Other designation,General Acute Care,286,Y,-108.519474,45.793404,2024-04-22
0005859601,St. Peter'S Health,2475 E Broadway St,Helena,MT,59601,Lewis And Clark,ATH,Other designation,General Acute Care,123,Y,-111.997438,46.58267,2024-04-22
0004359019,Stillwater Hospital Association Inc,710 North 11th St,Columbus,MT,59019,Stillwater,TRF,Other designation,Critical Access,16,N,-109.259146,45.643128,2024-04-22
0004159201,Trinity Hospital,315 Knapp Street,Wolf Point,MT,59201,Roosevelt,TRF,Other designation,Critical Access,22,N,-105.641908,48.101349,2024-04-22
0000959036,Wheatland Memorial Hospital,530 3rd St Nw,Harlowton,MT,59036,Wheatland,TRF,Other designation,Critical Access,25,Y,-109.841079,46.437329,2024-04-22
0004328025,Atrium Health Cabarrus,920 Church St N,Concord,NC,28025,Cabarrus,LEVEL III,Level III,General Acute Care,457,Y,-80.602508,35.436106,2024-04-01
0005528150,Atrium Health Cleveland,201 East Grover St,Shelby,NC,28150,Cleveland,LEVEL III,Level III,General Acute Care,308,Y,-81.536394,35.302904,2024-04-01
0004528256,Atrium Health University City,"8800 N Tryon St, Po Box 560727",Charlotte,NC,28262,Mecklenburg,LEVEL I,Level I,General Acute Care,104,Y,-80.747048,35.306757,2024-04-01
0003928302,Cape Fear Valley Medical Center,"1638 Owen Dr, Po Box 2000",Fayetteville,NC,28304,Cumberland,LEVEL III,Level III,General Acute Care,634,Y,-78.933054,35.031839,2024-04-01
0007128053,Caromont Regional Medical Center,"2525 Court Dr, Po Box 1747",Gastonia,NC,28054,Gaston,LEVEL III,Level III,General Acute Care,435,Y,-81.139264,35.272662,2024-04-01
0000827401,Cone Health,1200 North Elm St,Greensboro,NC,27401,Guilford,LEVEL II,Level II,General Acute Care,883,N,-79.786457,36.090885,2024-04-01
0006227710,Duke University Hospital,"2301 Erwin Rd, Po Box 3814 Dumc",Durham,NC,27710,Durham,LEVEL I,Level I,General Acute Care,960,Y,-78.937758,36.00705,2024-04-01
0000628801,Mission Hospital,509 Biltmore Ave,Asheville,NC,28801,Buncombe,LEVEL II,Level II,General Acute Care,815,Y,-82.549143,35.576573,2024-04-01
0000000013,Naval Medical Center Camp Lejeune,100 Brewster Boulevard,Camp Lejeune,NC,28547,Onslow,LEVEL III,Level III,Military,60,Y,-77.358052,34.723066,2024-04-22
0001128401,New Hanover Regional Medical Center,2131 S 17th Street,Wilmington,NC,28401,New Hanover,LEVEL II,Level II,General Acute Care,800,Y,-77.921285,34.205464,2024-04-01
0001227157,North Carolina Baptist Hospital,1 Medical Center Blvd,Winston-Salem,NC,27103,Forsyth,LEVEL I,Level I,General Acute Care,885,Y,-80.268175,36.08965,2024-04-01
0002128233,Novant Health Presbyterian Medical Center,"200 Hawthorne Ln, Po Box 33549",Charlotte,NC,28204,Mecklenburg,LEVEL III,Level III,General Acute Care,608,Y,-80.824164,35.211838,2024-04-01
0011127514,University Of North Carolina Hospitals,101 Manning Dr,Chapel Hill,NC,27514,Orange,LEVEL I,Level I,General Acute Care,923,Y,-79.049689,35.904543,2024-04-01
0002027835,Vidant Medical Center,"2100 Stantonsburg Rd, Po Box 6028",Greenville,NC,27834,Pitt,LEVEL I,Level I,General Acute Care,974,Y,-77.404031,35.607862,2024-04-01
0011327620,Wakemed,"3000 New Bern Ave, Po Box 14465",Raleigh,NC,27610,Wake,LEVEL I,Level I,General Acute Care,726,Y,-78.587902,35.784511,2024-04-01
0011427511,Wakemed Cary Hospital,1900 Kildaire Farm Rd,Cary,NC,27518,Wake,LEVEL III,Level III,General Acute Care,208,Y,-78.781456,35.740224,2024-04-01
0000000037,Womack Army Medical Center,2817 Reilly Rd,Fort Bragg,NC,28310,Cumberland,LEVEL III,Level III,Military,138,Y,-79.00217,35.145626,2024-04-22
0000558201,Altru Hospital,1200 S Columbia Rd,Grand Forks,ND,58201,Grand Forks,LEVEL II,Level II,General Acute Care,297,Y,-97.068686,47.910573,2024-01-08
0000158501,Chi St Alexius Health,900 E Broadway,Bismarck,ND,58501,Burleigh,LEVEL II,Level II,General Acute Care,287,Y,-100.7778,46.807382,2024-01-08
0000958104,Essentia Health Fargo,3000 32nd Ave South,Fargo,ND,58104,Cass,LEVEL II,Level II,General Acute Care,145,Y,-96.827505,46.831488,2024-01-08
0000458506,Sanford Medical Center Bismarck,300 N 7th St,Bismarck,ND,58501,Burleigh,LEVEL II,Level II,General Acute Care,234,Y,-100.782338,46.807946,2024-01-08
0175058103,Sanford Medical Center Fargo,5225 23rd Ave S,Fargo,ND,58103,Cass,"LEVEL I ADULT, LEVEL II PEDIATRIC",Level I,General Acute Care,246,Y,-96.875779,46.845219,2024-01-08
0005258701,Trinity Hospitals,1 Burdick Expwy W 1255,Minot,ND,58701,Ward,LEVEL II,Level II,General Acute Care,251,Y,-101.294085,48.232226,2024-01-08
0009068763,Avera St. Anthony'S Hospital,300 North 2nd St,O' Neill,NE,68763,Holt,LEVEL IV,Level IV,Critical Access,25,Y,-98.650383,42.460646,2024-04-15
0002269153,Banner Health,2601 North Spruce St,Ogallala,NE,69153,Keith,LEVEL IV,Level IV,Critical Access,18,Y,-101.718719,41.151242,2024-04-15
0008569301,Box Butte County,"2101 Box Butte Ave, Po Box 810",Alliance,NE,69301,Box Butte,LEVEL IV,Level IV,Critical Access,25,Y,-102.869855,42.116837,2024-04-15
0005669210,Brown County,945 East Zero St,Ainsworth,NE,69210,Brown,LEVEL IV,Level IV,Critical Access,23,Y,-99.849561,42.544513,2024-04-15
0106268502,Bryan Medical Center,2300 South 16th St,Lincoln,NE,68502,Lancaster,LEVEL II,Level II,General Acute Care,266,Y,-96.698156,40.78948,2024-04-15
0000869022,"Cambridge Memorial Hospital, Inc",1305 West Highway 6/34,Cambridge,NE,69022,Furnas,LEVEL IV,Level IV,Critical Access,20,Y,-100.180359,40.280605,2024-04-15
0106068803,Catholic Health Initiatives,2620 West Faidley Ave,Grand Island,NE,68803,Hall,LEVEL III,Level III,General Acute Care,155,Y,-98.371643,40.926059,2024-04-15
0105968510,Catholic Health Initiatives,555 South 70th St,Lincoln,NE,68510,Lancaster,LEVEL III,Level III,General Acute Care,258,Y,-96.627179,40.808379,2024-04-15
0005169337,"Chadron Community Hospital, Inc",825 Centennial Drive,Chadron,NE,69337,Dawes,LEVEL IV,Level IV,Critical Access,25,Y,-103.014454,42.822926,2024-04-15
0008669033,Chase County,"600 W 12th St, Po Box 819",Imperial,NE,69033,Chase,LEVEL IV,Level IV,Critical Access,15,Y,-101.650665,40.524129,2024-04-15
0007769201,Cherry County,"510 North Green St, Po Box 410",Valentine,NE,69201,Cherry,LEVEL IV,Level IV,Critical Access,21,Y,-100.538166,42.87939,2024-04-15
0009968131,Chi Health Bergan Mercy Hospital,415 South 25th Avenue,Omaha,NE,68131,Douglas,LEVEL I,Level I,General Acute Care,64,N,-95.948519,41.255865,2024-04-15
0005068114,Children'S Hospital And Medical Center,8200 Dodge St,Omaha,NE,68114,Douglas,LEVEL II PEDIATRIC,Pediatric Level II,Children,225,Y,-96.042256,41.260936,2024-04-15
0007268640,City Of Genoa,"706 Ewing Ave, Po Box 310",Genoa,NE,68640,Nance,LEVEL IV,Level IV,Critical Access,19,Y,-97.732584,41.443921,2024-04-15
0003568601,"Columbus Community Hospital, Inc",4600 38th St,Columbus,NE,68601,Platte,LEVEL III,Level III,General Acute Care,50,Y,-97.384901,41.455178,2024-04-15
0006269001,Community Hospital Association,"1301 East H St, Po Box 1328",Mccook,NE,69001,Red Willow,LEVEL IV,Level IV,Critical Access,25,Y,-100.608351,40.205423,2024-04-15
0007568355,"Community Medical Center, Inc","3307 Barada St, Po Box 399",Falls City,NE,68355,Richardson,LEVEL IV,Level IV,Critical Access,24,Y,-95.607888,40.07772,2024-04-15
0008968446,Community Memorial Hospital District,2731 Healthcare Dr,Syracuse,NE,68446,Otoe,LEVEL IV,Level IV,Critical Access,10,Y,-96.186851,40.667306,2024-04-15
0006868333,Crete Area Medical Center,"2910 Betten Dr, Po Box 220",Crete,NE,68333,Saline,LEVEL IV,Level IV,Critical Access,24,Y,-96.935546,40.640638,2024-04-15
0008469021,Dundy County,"1313 North Cheyenne St, Po Box 626",Benkelman,NE,69021,Dundy,LEVEL IV,Level IV,Critical Access,12,Y,-101.537663,40.056529,2024-04-15
0002468701,Faith Regional Health Services,2700 West Norfolk Ave,Norfolk,NE,68701,Madison,LEVEL III,Level III,General Acute Care,131,Y,-97.452684,42.033893,2024-04-15
0003368788,"Franciscan Care Services, Inc",430 North Monitor St,West Point,NE,68788,Cuming,LEVEL IV,Level IV,Critical Access,25,Y,-96.70606,41.843452,2024-04-15
0002769343,Gordon Memorial Hospital District,300 East 8th St,Gordon,NE,69343,Sheridan,LEVEL IV,Level IV,Critical Access,25,N,-102.199852,42.812178,2024-04-15
0005569138,Gothenburg Memorial Hospital District,"910 20th St, Po Box 469",Gothenburg,NE,69138,Dawson,LEVEL IV,Level IV,Critical Access,14,Y,-100.15323,40.93892,2024-04-15
0007668873,Howard County,"1113 Sherman St, Po Box 406",St Paul,NE,68873,Howard,LEVEL IV,Level IV,Critical Access,10,N,-98.463235,41.217054,2024-04-15
0001168822,"Jennie M Melham Memorial Medical Center, Inc",145 Memorial Drive,Broken Bow,NE,68822,Custer,LEVEL IV,Level IV,Critical Access,23,Y,-99.631876,41.409449,2024-04-15
0001868450,Johnson County Hospital,202 High St,Tecumseh,NE,68450,Johnson,LEVEL IV,Level IV,Critical Access,18,Y,-96.197023,40.379676,2024-04-15
0003669145,Kimball County,505 South Burg St,Kimball,NE,69145,Kimball,LEVEL IV,Level IV,Critical Access,15,N,-103.666849,41.232558,2024-04-15
0008868850,Lexington Regional Health Center,"1201 North Erie St, Po Box 980",Lexington,NE,68850,Dawson,LEVEL IV,Level IV,Critical Access,25,Y,-99.758832,40.785897,2024-04-15
0001068818,"Memorial Community Health, Inc",1423 Seventh St,Aurora,NE,68818,Hamilton,LEVEL IV,Level IV,Critical Access,12,Y,-98.010641,40.871234,2024-04-15
0004968008,Memorial Community Hospital Corporation,810 North 22nd St,Blair,NE,68008,Washington,LEVEL IV,Level IV,Critical Access,21,Y,-96.144567,41.551427,2024-04-15
0001668826,Merrick Medical Center,1715 26th St,Central City,NE,68826,Merrick,LEVEL IV,Level IV,Critical Access,20,N,-98.002934,41.107297,2024-04-15
0008369336,Morrill County Community Hospital,1313 S Street,Bridgeport,NE,69336,Morrill,LEVEL IV,Level IV,Critical Access,20,Y,-103.092285,41.661764,2024-04-15
0001968305,Nemaha County Hospital,2022 13th Street,Auburn,NE,68305,Nemaha,LEVEL IV,Level IV,Critical Access,16,Y,-95.853326,40.391229,2024-04-15
0004069101,North Platte Ne Hospital Corporation,601 West Leota St,North Platte,NE,69101,Lincoln,LEVEL III,Level III,General Acute Care,116,Y,-100.769974,41.121734,2024-04-15
0003868045,Oakland Mercy Hospital,601 East Second St,Oakland,NE,68045,Burt,LEVEL IV,Level IV,Critical Access,18,N,-96.459184,41.834854,2024-04-15
0008068420,Pawnee County,"600 I St, Po Box 433",Pawnee City,NE,68420,Pawnee,LEVEL IV,Level IV,Critical Access,11,Y,-96.150041,40.108519,2024-04-15
0005868047,Pender Community Hospital District,100 Hospital Drive,Pender,NE,68047,Thurston,LEVEL IV,Level IV,Critical Access,21,Y,-96.710974,42.105582,2024-04-15
0005369140,Perkins County Hospital District,900 Lincoln Ave,Grant,NE,69140,Perkins,LEVEL IV,Level IV,Critical Access,20,Y,-101.727019,40.848795,2024-04-15
0000768949,Phelps Memorial Health Center,1215 Tibbals St,Holdrege,NE,68949,Phelps,LEVEL IV,Level IV,Critical Access,25,Y,-99.38307,40.447889,2024-04-15
0007868651,Polk County,"531 Beebe St, Po Box 428",Osceola,NE,68651,Polk,LEVEL IV,Level IV,Critical Access,16,Y,-97.549172,41.169722,2024-04-15
0000668787,"Providence Medical Center, Inc",1200 Providence Rd,Wayne,NE,68787,Wayne,LEVEL IV,Level IV,Critical Access,21,Y,-97.009231,42.241919,2024-04-15
0003069361,Regional West Medical Center,4021 Ave B,Scottsbluff,NE,69361,Scotts Bluff,LEVEL II,Level II,General Acute Care,172,Y,-103.664741,41.88668,2024-04-15
0006468729,Sacred Heart Health Services,"1503 Main St, Po Box 186",Creighton,NE,68729,Knox,LEVEL IV,Level IV,Critical Access,23,Y,-97.917255,42.465988,2024-04-15
0001768066,Saunders Medical Center,1760 County Rd J,Wahoo,NE,68066,Saunders,LEVEL IV,Level IV,Critical Access,16,Y,-96.635583,41.193276,2024-04-15
0105168410,St. Mary'S Community Hospital,1301 Grundman Blvd,Nebraska City,NE,68410,Otoe,LEVEL IV,Level IV,Critical Access,18,Y,-95.862483,40.656371,2024-04-15
0000568370,Thayer County,120 Park Ave,Hebron,NE,68370,Thayer,LEVEL IV,Level IV,Critical Access,17,Y,-97.59373,40.160639,2024-04-15
0004468901,The Mary Lanning Memorial Hospital Association,715 N St Joseph Ave,Hastings,NE,68901,Adams,LEVEL III,Level III,General Acute Care,170,Y,-98.388066,40.590914,2024-04-15
0005768198,The Nebraska Medical Center,987400 Nebraska Medical Center,Omaha,NE,68198,Douglas,LEVEL I,Level I,General Acute Care,718,Y,-95.978635,41.255229,2024-04-15
0002568862,Valley County Health,2707 L Street,Ord,NE,68862,Valley,LEVEL IV,Level IV,Critical Access,16,Y,-98.942805,41.602111,2024-04-15
0003168713,"West Holt Memorial Hospital, Inc",406 W Neely St,Atkinson,NE,68713,Holt,LEVEL IV,Level IV,Critical Access,17,Y,-98.982662,42.528888,2024-04-15
0000703102,Catholic Medical Center,100 Mcgregor Street,Manchester,NH,03102,Hillsborough,LEVEL III,Level III,General Acute Care,330,Y,-71.474311,42.991565,2024-04-01
0000103301,Concord Hospital,250 Pleasant Street,Concord,NH,03301,Merrimack,LEVEL II,Level II,General Acute Care,295,Y,-71.56202,43.197744,2024-04-01
0000903785,Cottage Hospital,90 Swiftwater Road,Woodsville,NH,03785,Grafton,LEVEL IV,Level IV,Critical Access,35,Y,-72.023426,44.135338,2024-04-01
0003003103,Elliot Hospital City Of Manchester,1 Elliot Way,Manchester,NH,03103,Hillsborough,LEVEL II,Level II,General Acute Care,296,Y,-71.438,42.983954,2024-04-01
0107603766,Mary Hitchcock Memorial Hospital,1 Medical Center Drive,Lebanon,NH,03756,Grafton,LEVEL I,Level I,General Acute Care,396,Y,-72.273335,43.676192,2024-04-01
0003303038,Parkland Medical Center,1 Parkland Drive,Derry,NH,03038,Rockingham,LEVEL III,Level III,General Acute Care,86,Y,-71.316662,42.876771,2024-04-01
0000303801,Portsmouth Regional Hospital,333 Borthwick Ave,Portsmouth,NH,03801,Rockingham,LEVEL II,Level II,General Acute Care,220,Y,-70.790337,43.064853,2024-04-01
0002303060,Southern New Hampshire Medical Center,8 Prospect Street,Nashua,NH,03061,Hillsborough,LEVEL III,Level III,General Acute Care,188,Y,-71.461375,42.75628,2024-04-01
0002403061,St Joseph Hospital,172 Kinsley St,Nashua,NH,03060,Hillsborough,LEVEL III,Level III,General Acute Care,208,N,-71.480212,42.749239,2024-04-01
0002803820,Wentworth - Douglass Hospital,789 Central Avenue,Dover,NH,03820,Strafford,LEVEL III,Level III,General Acute Care,178,Y,-70.874108,43.213227,2024-04-01
0011608401,Atlanticare Regional Medical Center - City Campus,1925 Pacific Avenue,Atlantic City,NJ,08401,Atlantic,LEVEL II,Level II,General Acute Care,244,Y,-74.434182,39.358422,2024-04-12
0011708638,Capital Health Regional Medical Center,750 Brunswick Ave,Trenton,NJ,08638,Mercer,LEVEL II,Level II,General Acute Care,237,Y,-74.752197,40.235988,2024-04-12
0009108103,Cooper Hospital University Medical Center,1 Cooper Plaza,Camden,NJ,08103,Camden,"LEVEL I ADULT, LEVEL II PEDIATRIC",Level I,General Acute Care,663,Y,-75.116169,39.941346,2024-04-12
0012307601,Hackensack University Medical Center,30 Prospect Ave,Hackensack,NJ,07601,Bergen,LEVEL I,Level I,General Acute Care,781,Y,-74.056194,40.883863,2024-04-12
0012407302,Jersey City Medical Center,355 Grand Street,Jersey City,NJ,07302,Hudson,LEVEL II,Level II,General Acute Care,348,N,-74.050601,40.716348,2024-04-12
0014807753,Jersey Shore University Medical Center,1945 Rte 33,Neptune,NJ,07754,Monmouth,LEVEL II,Level II,General Acute Care,618,Y,-74.041199,40.209268,2024-04-12
0005907960,Morristown Medical Center,100 Madison Ave,Morristown,NJ,07960,Morris,LEVEL I,Level I,General Acute Care,735,Y,-74.465818,40.789549,2024-04-12
0009508901,Robert Wood Johnson University Hospital,1 Robert Wood Johnson Place,New Brunswick,NJ,08901,Middlesex,LEVEL I,Level I,General Acute Care,614,Y,-74.450207,40.495245,2024-04-12
0006407503,St Joseph'S University Medical Center,703 Main St,Paterson,NJ,07503,Passaic,LEVEL II,Level II,General Acute Care,639,Y,-74.165704,40.902834,2024-04-12
0005807103,University Hospital,150 Bergen St,Newark,NJ,07103,Essex,LEVEL I,Level I,General Acute Care,519,Y,-74.191062,40.740603,2024-04-12
0002588220,Carlsbad Medical Center,2430 West Pierce Street,Carlsbad,NM,88220,Eddy,LEVEL I,Level I,General Acute Care,99,Y,-104.25793,32.442539,2024-04-17
0111287505,Christus St Vincent Regional Medical Center,455 St Michael'S Drive,Santa Fe,NM,87505,Santa Fe,LEVEL I,Level I,General Acute Care,200,N,-105.94578,35.659441,2024-04-17
0000787020,Cibola General Hospital,1016 E Roosevelt Avenue,Grants,NM,87020,Cibola,LEVEL IV,Level IV,General Acute Care,25,Y,-107.827119,35.162153,2024-04-17
0003088201,Eastern New Mexico Medical Center,405 W Country Club Road,Roswell,NM,88201,Chaves,LEVEL II,Level II,General Acute Care,162,Y,-104.528576,33.424303,2024-04-17
0001787301,Gallup Indian Medical Center,516 E Nizhoni Blvd,Gallup,NM,87301,Mckinley,LEVEL IV,Level IV,Critical Access,99,N,-108.72988,35.507646,2024-04-22
0003888310,Gerald Champion Regional Medical Center,2669 Scenic Drive,Alamogordo,NM,88310,Otero,LEVEL IV,Level IV,General Acute Care,98,Y,-105.934676,32.924542,2024-04-17
0004487740,Miners' Colfax Medical Center,203 Hospital Drive,Raton,NM,87740,Colfax,LEVEL III,Level III,Critical Access,25,Y,-104.44211,36.862659,2024-04-17
0002788260,Nor - Lea Hospital District,1600 North Main Ave,Lovington,NM,88260,Lea,LEVEL III,Level III,General Acute Care,25,Y,-103.347374,32.965282,2024-04-17
0002288130,Roosevelt General Hospital,42121 Us Highway 70,Portales,NM,88130,Roosevelt,LEVEL III,Level III,General Acute Care,24,Y,-103.362264,34.168903,2024-04-17
0005087401,San Juan Regional Medical Center Inc,801 West Maple Street,Farmington,NM,87401,San Juan,LEVEL III,Level III,General Acute Care,198,Y,-108.216818,36.723835,2024-04-17
0002887901,Sierra Vista Hospital,800 East 9th Avenue,Truth Or Consequences,NM,87901,Sierra,LEVEL II,Level II,Critical Access,25,Y,-107.241937,33.140189,2024-04-17
0003388415,Union County General Hospital,300 Wilson Street,Clayton,NM,88415,Union,LEVEL IV,Level IV,General Acute Care,25,N,-103.193297,36.454229,2024-04-17
0001287106,Unm Hospital,2211 Lomas Boulevard Ne,Albuquerque,NM,87106,Bernalillo,LEVEL I,Level I,General Acute Care,527,Y,-106.617188,35.088153,2024-04-17
0168089146,Dignity Health - St. Rose Dominican Sahara Campus,4980 W Sahara Avenue,Las Vegas,NV,89102,Clark,LEVEL III,Level III,General Acute Care,8,N,-115.209097,36.145936,2024-04-19
0113089128,Mountainview Hospital,3100 N Tenaya Wy,Las Vegas,NV,89128,Clark,LEVEL III,Level III,General Acute Care,425,Y,-115.249107,36.215852,2024-04-19
0005689502,Renown Regional Medical Center,1155 Mill St,Reno,NV,89502,Washoe,LEVEL II,Level II,General Acute Care,808,Y,-119.796486,39.525942,2024-04-19
0196785515,Saint Mary'S Regional Medical Center,235 W 6th St,Reno,NV,89503,Washoe,LEVEL III,Level III,General Acute Care,352,NOT AVAILABLE,-119.818495,39.532531,2024-12-18
0002089052,Saint Rose Dominican Hospitals - Siena Campus,3001 Saint Rose Pkwy,Henderson,NV,89052,Clark,LEVEL III,Level III,General Acute Care,326,Y,-115.115077,36.004372,2024-04-19
0002289169,Sunrise Hospital And Medical Center,3186 S Maryland Pkwy,Las Vegas,NV,89109,Clark,LEVEL II,Level II,General Acute Care,762,Y,-115.135471,36.13261,2024-04-19
0004089102,University Medical Center Of Southern Nevada,1800 W Charleston Blvd,Las Vegas,NV,89102,Clark,LEVEL I,Level I,General Acute Care,541,Y,-115.167457,36.159624,2024-04-19
0002012208,Albany Medical Center Hospital,43 New Scotland Avenue,Albany,NY,12208,Albany,LEVEL I,Level I,General Acute Care,748,Y,-73.776657,42.653408,2024-04-19
0114010016,Bellevue Hospital Center,462 First Avenue,New York,NY,10016,New York,LEVEL I,Level I,General Acute Care,912,N,-73.975382,40.73932,2024-04-19
0016111212,Brookdale Hospital Medical Center,1 Brookdale Plaza,Brooklyn,NY,11212,Kings,LEVEL II,Level II,General Acute Care,530,N,-73.912557,40.655269,2024-04-19
0010713676,Canton - Potsdam Hospital,50 Leroy Street,Potsdam,NY,13676,St. Lawrence,LEVEL III,Level III,General Acute Care,94,N,-74.982116,44.676511,2024-04-19
0193711040,Cohen Children'S Medical Center,269-01 76th Avenue,New Hyde Park,NY,11040,Queens,LEVEL I PEDIATRIC,Pediatric Level I,Children,202,N,-73.708457,40.753005,2024-04-19
0019611373,Elmhurst Hospital Center,79-01 Broadway,Elmhurst,NY,11373,Queens,LEVEL I,Level I,General Acute Care,545,N,-73.88608,40.744827,2024-04-19
0003214215,Erie County Medical Center,462 Grider Street,Buffalo,NY,14215,Erie,LEVEL I,Level I,General Acute Care,573,Y,-78.831146,42.925077,2024-04-19
0009310924,Garnet Health Medical Center,707 East Main Street,Middletown,NY,10940,Orange,LEVEL II,Level II,General Acute Care,383,Y,-74.368312,41.441914,2024-04-19
0012810901,Good Samaritan Hospital Medical Center,1000 Montauk Highway,West Islip,NY,11795,Suffolk,LEVEL II,Level II,General Acute Care,437,Y,-73.294395,40.69388,2024-04-19
0116710037,Harlem Hospital Center,506 Lenox Avenue,New York,NY,10037,New York,LEVEL II,Level II,General Acute Care,268,N,-73.939861,40.814265,2024-04-19
0012211743,Huntington Hospital,270 Park Avenue,Huntington,NY,11743,Suffolk,LEVEL III,Level III,General Acute Care,348,N,-73.4162,40.879329,2024-04-19
0015210036,Jacobi Medical Center,1400 Pelham Parkway,Bronx,NY,10461,Bronx,LEVEL I,Level I,General Acute Care,457,Y,-73.847512,40.856298,2024-04-19
0019711414,Jamaica Hospital Medical Center,89th Avenue And Van Wyck Expressway,Jamaica,NY,11418,Queens,LEVEL I,Level I,General Acute Care,402,N,-73.816115,40.700104,2024-04-19
0193114203,John R. Oishei Children'S Hospital,818 Ellicott Street,Buffalo,NY,14203,Erie,LEVEL I PEDIATRIC,Pediatric Level I,Children,185,N,-78.867492,42.900922,2024-04-19
0016411203,Kings County Hospital Center,451 Clarkson Avenue,Brooklyn,NY,11203,Kings,LEVEL I,Level I,General Acute Care,624,N,-73.944691,40.656616,2024-04-19
0015710451,Lincoln Medical And Mental Health Center,234 East 149th Street,Bronx,NY,10451,Bronx,LEVEL I,Level I,General Acute Care,362,N,-73.924776,40.816086,2024-04-19
0011711772,Long Island Community Hospital,101 Hospital Road,Patchogue,NY,11772,Suffolk,LEVEL III,Level III,General Acute Care,306,Y,-72.977141,40.780057,2024-04-19
0016811219,Maimonides Medical Center,4802 Tenth Avenue,Brooklyn,NY,11219,Kings,LEVEL I,Level I,General Acute Care,711,N,-73.998453,40.639479,2024-04-19
0121013326,Mary Imogene Bassett Hospital,1 Atwell Road,Cooperstown,NY,13326,Otsego,LEVEL III,Level III,General Acute Care,180,N,-74.922956,42.695255,2024-04-19
0118012601,Mid - Hudson Valley Division Of Westchester Medical Center,241 North Road,Poughkeepsie,NY,12601,Dutchess,LEVEL II,Level II,General Acute Care,243,Y,-73.927709,41.717838,2024-04-19
0010110960,Montefiore Nyack,160 North Midland Avenue,Nyack,NY,10960,Rockland,LEVEL III,Level III,General Acute Care,391,N,-73.926018,41.096211,2024-04-19
0118710025,Mount Sinai Morningside,1111 Amsterdam Avenue,New York,NY,10025,New York,LEVEL II,Level II,General Acute Care,495,N,-73.96159,40.804923,2024-04-19
0007011510,Mount Sinai South Nassau,1 Healthy Way,Oceanside,NY,11572,Nassau,LEVEL II,Level II,General Acute Care,455,N,-73.630839,40.650998,2024-04-19
0006511554,Nassau University Medical Center,2201 Hempstead Turnpike,East Meadow,NY,11554,Nassau,LEVEL I,Level I,General Acute Care,530,Y,-73.553738,40.726256,2024-04-19
0020311355,New York - Presbyterian - Queens,56-45 Main Street,Flushing,NY,11355,Queens,LEVEL I,Level I,General Acute Care,535,N,-73.825416,40.746772,2024-04-19
0017011215,New York - Presbyterian Brooklyn Methodist Hospital,506 Sixth Street,Brooklyn,NY,11215,Kings,LEVEL II,Level II,General Acute Care,591,N,-73.978991,40.667762,2024-04-19
0118910021,New York - Presbyterian Hospital - New York Weill Cornell Center,525 East 68th Street,New York,NY,10021,New York,"LEVEL I ADULT, LEVEL II PEDIATRIC",Level I,General Acute Care,744,N,-73.954332,40.76455,2024-04-19
0018610032,New York Presbyterian Morgan Stanley Children'S Hospital,3959 Broadway,New York,NY,10032,New York,LEVEL I PEDIATRIC,Pediatric Level I,Children,190,N,-73.941283,40.839763,2024-04-19
0016911209,Nyu Langone Hospital - Brooklyn,150 55th Street,Brooklyn,NY,11220,Kings,LEVEL I,Level I,General Acute Care,444,N,-74.02058,40.646377,2024-04-19
0120511501,Nyu Langone Hospital - Long Island,259 First Street,Mineola,NY,11501,Nassau,LEVEL I,Level I,General Acute Care,591,N,-73.643008,40.740697,2024-04-19
0012411901,Peconic Bay Medical Center,1 Heroes Way,Riverhead,NY,11901,Suffolk,LEVEL III,Level III,General Acute Care,144,Y,-72.673625,40.934264,2024-04-19
0020610301,Richmond University Medical Center,355 Bard Avenue,Staten Island,NY,10310,Richmond,LEVEL I,Level I,General Acute Care,448,N,-74.105938,40.635902,2024-04-19
0116910457,Sbh Health System,4422 Third Avenue,Bronx,NY,10457,Bronx,LEVEL II,Level II,General Acute Care,422,N,-73.891363,40.852689,2024-04-19
0006111561,South Nassau Communities Hospital Off - Campus Emergency Department,325 East Bay Drive,Long Beach,NY,11561,Nassau,LEVEL II,Level II,General Acute Care,12,N,-73.652228,40.594547,2024-04-19
0007813501,St Elizabeth Medical Center,2209 Genesee St,Utica,NY,13501,Oneida,LEVEL III,Level III,General Acute Care,201,Y,-75.266112,43.082171,2024-04-19
0008712550,St Luke'S Cornwall Hospital - Newburgh,70 Dubois Street,Newburgh,NY,12550,Orange,LEVEL III,Level III,General Acute Care,242,Y,-74.014566,41.503425,2024-04-19
0011811968,Stony Brook Southampton Hospital,240 Meeting House Lane,Southampton,NY,11968,Suffolk,LEVEL III,Level III,General Acute Care,124,N,-72.379944,40.88506,2024-04-19
0003611790,Stony Brook University Hospital,Health Sciences Center Suny,Stony Brook,NY,11794,Suffolk,"LEVEL I ADULT, LEVEL I PEDIATRIC",Level I,General Acute Care,624,Y,-73.115678,40.909194,2024-04-19
0005514607,Strong Memorial Hospital,601 Elmwood Avenue,Rochester,NY,14642,Monroe,LEVEL I,Level I,General Acute Care,886,Y,-77.624259,43.122809,2024-04-19
0004012953,The University Of Vermont Health Network - Alice Hyde Medical Center,133 Park Street,Malone,NY,12953,Franklin,LEVEL I,Level I,General Acute Care,76,N,-74.291292,44.856735,2024-04-19
0118212901,The University Of Vermont Health Network - Champlain Valley Physicians Hospital,75 Beekman St,Plattsburgh,NY,12901,Clinton,LEVEL III,Level III,General Acute Care,300,Y,-73.46942,44.700443,2024-04-19
0000613790,United Health Services Hospitals Inc - Wilson Medical Center,33-57 Harrison Street,Johnson City,NY,13790,Broome,LEVEL II,Level II,General Acute Care,280,Y,-75.958524,42.114199,2024-04-19
0008313210,University Hospital Suny Health Science Center,750 East Adams Street,Syracuse,NY,13210,Onondaga,"LEVEL I, LEVEL I PEDIATRIC",Level I,General Acute Care,438,Y,-76.13983,43.041897,2024-04-19
0008113215,Upstate University Hospital At Community General,4900 Broad Road,Syracuse,NY,13215,Onondaga,LEVEL I,Level I,General Acute Care,314,N,-76.167902,43.008038,2024-04-19
0015110532,Westchester Medical Center,100 Woods Road,Valhalla,NY,10595,Westchester,LEVEL I,Level I,General Acute Care,652,Y,-73.804955,41.086091,2024-04-19
0010244307,Akron General Medical Center,1 Akron General Avenue,Akron,OH,44307,Summit,LEVEL I,Level I,General Acute Care,541,Y,-81.531397,41.078123,2024-04-19
0017445005,Atrium Medical Center,1 Medical Center Drive,Franklin,OH,45005,Warren,LEVEL III,Level III,General Acute Care,313,Y,-84.314251,39.498341,2024-04-19
0007544710,Aultman Hospital,2600 Sixth Street Sw,Canton,OH,44710,Stark,LEVEL II,Level II,General Acute Care,820,Y,-81.403062,40.797319,2024-04-19
0196784137,"Aultman Specialty Hospital, Llc","2600 6th St Sw, 4th Floor",Canton,OH,44710,Stark,LEVEL II,Level II,Special,30,Y,-81.403195,40.796236,2024-04-19
0001145242,Bethesda North Hospital,10500 Montgomery Road,Cincinnati,OH,45242,Hamilton,LEVEL III,Level III,General Acute Care,528,Y,-84.341785,39.25198,2024-04-19
0004845840,Blanchard Valley Regional Hlth Ctr,1900 S Main St,Findlay,OH,45840,Hancock,LEVEL III,Level III,General Acute Care,196,Y,-83.651364,41.017653,2024-04-19
0196784157,Children'S Hosp. Med Ctr Of Akron,1 Perkins Square,Akron,OH,44308,Summit,LEVEL II PEDIATRIC,Pediatric Level II,Children,297,Y,-81.525103,41.079619,2024-04-19
0122145229,Children'S Hosp. Medical Center,3333 Burnet Avenue,Cincinnati,OH,45229,Hamilton,LEVEL I PEDIATRIC,Pediatric Level I,Children,476,Y,-84.502358,39.140906,2024-04-19
0030245040,Cincinnati Children'S Hospital Medical Center At T,4075 Old Western Row Road,Mason,OH,45040,Warren,LEVEL I PEDIATRIC,Pediatric Level I,Psychiatric,16,N,-84.295407,39.33113,2024-04-19
0002444708,Cleveland Clinic Mercy Medical Center,1320 Mercy Drive Nw,Canton,OH,44708,Stark,LEVEL II,Level II,General Acute Care,446,Y,-81.394875,40.812158,2024-04-19
0130045404,Dayton Children'S Hospital,1 Children'S Plaza,Dayton,OH,45404,Montgomery,LEVEL I PEDIATRIC,Pediatric Level I,Children,194,Y,-84.168027,39.774242,2024-04-19
0002043512,Defiance Regional Medical Center,1200 Ralston Avenue,Defiance,OH,43512,Defiance,LEVEL III,Level III,General Acute Care,51,Y,-84.376563,41.298704,2024-04-19
0004444111,Fairview Hospital,18101 Lorain Avenue,Cleveland,OH,44111,Cuyahoga,LEVEL II,Level II,General Acute Care,540,Y,-81.823425,41.450542,2024-04-19
0028244870,Firelands Reg. Med Ctr - Main Campus,1111 Hayes Ave,Sandusky,OH,44870,Erie,LEVEL III,Level III,General Acute Care,287,N,-82.71201,41.436998,2024-04-19
0001844870,Firelands Regional Medical Center,1111 Hayes Avenue,Sandusky,OH,44870,Erie,LEVEL III,Level III,General Acute Care,283,Y,-82.710197,41.445892,2024-04-19
0007844857,Fisher - Titus Medical Center,272 Benedict Avenue,Norwalk,OH,44857,Huron,LEVEL III,Level III,General Acute Care,114,Y,-82.60421,41.225704,2024-04-19
0013645013,Fort Hamilton Hospital,630 Eaton Avenue,Hamilton,OH,45013,Butler,LEVEL III,Level III,General Acute Care,220,Y,-84.572707,39.415548,2024-04-19
0008343701,Genesis Healthcare System,2951 Maple Avenue,Zanesville,OH,43701,Muskingum,LEVEL III,Level III,General Acute Care,321,Y,-82.016501,39.974808,2024-04-19
0010645405,Grandview Hospital,405 Grand Avenue,Dayton,OH,45405,Montgomery,LEVEL III,Level III,General Acute Care,289,N,-84.202234,39.770041,2024-04-19
0001643215,Grant Medical Center,111 South Grant Avenue,Columbus,OH,43215,Franklin,LEVEL I,Level I,General Acute Care,663,Y,-82.991002,39.960973,2024-04-19
0001945385,"Greene Memorial Hospital, Inc",1141 North Monroe Drive,Xenia,OH,45385,Greene,LEVEL III,Level III,General Acute Care,41,Y,-83.927741,39.700125,2024-04-19
0014144124,Hillcrest Hospital,6780 Mayfield Road,Mayfield Hts,OH,44124,Cuyahoga,LEVEL II,Level II,General Acute Care,532,Y,-81.436248,41.5183,2024-04-19
0127645236,Jewish Hospital,4777 E Galbraith Road,Cincinnati,OH,45236,Hamilton,LEVEL II,Level II,General Acute Care,209,Y,-84.380942,39.205951,2024-04-19
0009745429,Kettering Medical Center,3535 Southern Blvd,Kettering,OH,45429,Montgomery,LEVEL II,Level II,General Acute Care,456,Y,-84.19243,39.697287,2024-04-19
0000745804,Lima Memorial Hospital,1001 Bellefontaine Avenue,Lima,OH,45804,Allen,LEVEL II,Level II,General Acute Care,322,Y,-84.085958,40.735746,2024-04-19
0010445750,Marietta Memorial Hospital,401 Matthew Street,Marietta,OH,45750,Washington,LEVEL III,Level III,General Acute Care,221,Y,-81.464164,39.431701,2024-04-19
0009444903,Medcentral Hlth Sys - Mansfield,335 Glessner Avenue,Mansfield,OH,44903,Richland,LEVEL II,Level II,General Acute Care,368,Y,-82.529473,40.752924,2024-04-19
0196784153,"Mercy Health - St. Rita'S Medical Center, Llc",730 W Market Street,Lima,OH,45801,Allen,LEVEL II,Level II,General Acute Care,397,Y,-84.117479,40.740971,2024-04-19
0196785524,"Mercy Health St. Charles Hospital, Llc",2600 Navarre Avenue,Oregon,OH,43616,Lucas,LEVEL III,Level III,General Acute Care,210,NOT AVAILABLE,-83.485191,41.635168,2025-04-08
0001044501,Mercy Health St. Elizabeth Youngstown Hospital,1044 Belmont Avenue,Youngstown,OH,44501,Mahoning,LEVEL I,Level I,General Acute Care,520,Y,-80.657315,41.114015,2024-04-19
0029444484,Mercy Health St. Joseph Warren Hospital,667 Eastland Avenue Se,Warren,OH,44484,Trumbull,LEVEL III,Level III,General Acute Care,220,Y,-80.777084,41.230448,2024-04-19
0006343608,Mercy Health St. Vincent Medical Center,2213 Cherry Street,Toledo,OH,43608,Lucas,"LEVEL I ADULT, LEVEL II PEDIATRIC",Level I,General Acute Care,549,Y,-83.54279,41.66867,2024-04-19
0196784123,Metrohealth Cleveland Heights Hospital,10 Severance Circle,Cleveland Heights,OH,44118,Cuyahoga,"LEVEL I ADULT, LEVEL II PEDIATRIC",Level I,General Acute Care,12,N,-81.550872,41.513899,2024-04-19
0007244109,Metrohealth Medical Center,2500 Metrohealth Drive,Cleveland,OH,44109,Cuyahoga,"LEVEL I, LEVEL II PEDIATRIC",Level I,General Acute Care,731,Y,-81.697602,41.460913,2024-04-19
0196784128,Metrohealth Parma Hospital,12301 Snow Road,Parma,OH,44130,Cuyahoga,LEVEL III,Level III,General Acute Care,16,Y,-81.774446,41.404125,2024-04-19
0017545409,Miami Valley Hospital,1 Wyoming Street,Dayton,OH,45409,Montgomery,LEVEL I,Level I,General Acute Care,948,Y,-84.185909,39.744893,2024-04-19
0000000096,Mount Carmel East,6001 East Broad Street,Columbus,OH,43213,Franklin,LEVEL II,Level II,General Acute Care,483,Y,-82.843308,39.976919,2024-04-19
0124143205,Nationwide Children'S Hospital Inc,700 Children'S Drive,Columbus,OH,43205,Franklin,LEVEL I PEDIATRIC,Pediatric Level I,Children,551,Y,-82.979524,39.952514,2024-04-19
0124744106,Rainbow Babies And Childrens Hospital,11100 Euclid Avenue,Cleveland,OH,44106,Cuyahoga,LEVEL I PEDIATRIC,Pediatric Level I,Children,237,Y,-81.605719,41.504713,2024-04-19
0009643214,Riverside Methodist Hospital,3535 Olentangy River Road,Columbus,OH,43214,Franklin,LEVEL II,Level II,General Acute Care,1173,Y,-83.034017,40.030568,2024-04-19
0126744708,Select Specialty Hosp Neoh Canton,"1320 Mercy Dr Nw, 6th Floor",Canton,OH,44708,Stark,LEVEL II,Level II,Special,30,Y,-81.395872,40.812241,2024-04-19
0017645431,Soin Medical Center,3535 Pentagon Blvd,Beavercreek,OH,45434,Greene,LEVEL III,Level III,General Acute Care,176,Y,-84.063053,39.771044,2024-04-19
0004544130,Southwest Gen. Health Center,18697 Bagley Road,Middleburg Hts,OH,44130,Cuyahoga,LEVEL III,Level III,General Acute Care,352,Y,-81.832078,41.370992,2024-04-19
0196784134,Specialty Hosp. Of Lorain,254 Cleveland Ave,Amherst,OH,44001,Lorain,LEVEL III,Level III,Special,30,Y,-82.223587,41.399197,2024-04-19
0012444309,Summa Health System Akron City Hospital,525 E Market Street,Akron,OH,44304,Summit,LEVEL I,Level I,General Acute Care,649,Y,-81.499819,41.081126,2024-04-19
0028343205,The Ohio State University Hosp - East,181 Taylor Avenue,Columbus,OH,43203,Franklin,LEVEL III,Level III,General Acute Care,384,Y,-82.962876,39.970518,2024-04-19
0010743210,The Ohio State University Hospitals,410 West 10th Avenue,Columbus,OH,43210,Franklin,LEVEL I,Level I,General Acute Care,1142,Y,-83.018565,39.994261,2024-04-19
0006243606,Toledo Hospital,2142 North Cove Blvd,Toledo,OH,43606,Lucas,"LEVEL I ADULT, LEVEL II PEDIATRIC",Level I,General Acute Care,816,Y,-83.595258,41.67235,2024-04-19
0002644024,Uhhs - Geauga Regional Hospital,13207 Ravenna Road,Chardon,OH,44024,Geauga,LEVEL III,Level III,General Acute Care,215,Y,-81.189093,41.509258,2024-04-19
0001744106,University Hospitals Cleveland Medical Center,11100 Euclid Avenue,Cleveland,OH,44106,Cuyahoga,LEVEL I,Level I,General Acute Care,1113,Y,-81.605095,41.506142,2024-04-19
0129545219,"University Of Cincinnati Medicalcenter, Llc",234 Goodman Street,Cincinnati,OH,45219,Hamilton,LEVEL I,Level I,General Acute Care,677,Y,-84.503716,39.138358,2024-04-19
0008443699,University Of Toledo Medical Center,3000 Arlington Avenue,Toledo,OH,43614,Lucas,LEVEL I,Level I,General Acute Care,319,Y,-83.616033,41.618767,2024-04-19
0015245069,West Chester Medical Center,7700 University Drive,West Chester,OH,45069,Butler,LEVEL III,Level III,General Acute Care,216,Y,-84.367565,39.358024,2024-04-19
0132073446,Alliance Health Madill,901 S 5th Ave,Madill,OK,73446,Marshall,LEVEL IV,Level IV,Critical Access,25,Y,-96.777552,34.081097,2023-05-11
0003773601,Alliancehealth Clinton,100 North 30th Street,Clinton,OK,73601,Custer,LEVEL IV,Level IV,General Acute Care,56,Y,-98.997967,35.514908,2023-05-11
0004774701,Alliancehealth Durant,1800 University Boulevard,Durant,OK,74701,Bryan,LEVEL III,Level III,General Acute Care,138,Y,-96.393428,34.007152,2023-05-11
0002973110,Alliancehealth Midwest,2825 Parklawn Drive,Midwest City,OK,73110,Oklahoma,LEVEL III,Level III,Psychiatric,72,Y,-97.393801,35.466746,2023-05-11
0005574601,Alliancehealth Ponca City,1900 North 14th Street,Ponca City,OK,74601,Kay,LEVEL IV,Level IV,General Acute Care,140,Y,-97.068357,36.724659,2023-05-11
0001174868,Alliancehealth Seminole,2401 Wrangler Boulevard,Seminole,OK,74868,Seminole,LEVEL IV,Level IV,General Acute Care,32,Y,-96.698409,35.244975,2023-05-11
0009773801,Alliancehealth Woodward,900 17th Street,Woodward,OK,73801,Woodward,LEVEL IV,Level IV,General Acute Care,87,Y,-99.400337,36.437398,2023-05-11
0010073086,Arbuckle Memorial Hospital Authority,2011 West Broadway,Sulphur,OK,73086,Murray,LEVEL IV,Level IV,Critical Access,25,Y,-96.996137,34.504988,2023-05-11
0012974066,Ascenion St. John Sapulpa,1004 East Bryan,Sapulpa,OK,74066,Creek,LEVEL IV,Level IV,Critical Access,25,Y,-96.100087,35.993012,2023-05-11
0008874102,Ascension St. John Broken Arrow,1000 West Boise Circle,Broken Arrow,OK,74102,Tulsa,LEVEL IV,Level IV,General Acute Care,44,Y,-95.800759,36.078329,2023-05-11
0004474006,Ascension St. John Jane Phillips,3500 East Frank Phillips Boulevard,Bartlesville,OK,74006,Washington,LEVEL III,Level III,General Acute Care,133,Y,-95.938667,36.751994,2023-05-11
0008674104,Ascension St. John Medical Center,1923 S Utica Ave,Tulsa,OK,74104,Tulsa,LEVEL II,Level II,General Acute Care,677,Y,-95.96422,36.1342,2023-05-11
0011274048,Ascension St. John Nowata,237 South Locust,Nowata,OK,74048,Nowata,LEVEL IV,Level IV,Critical Access,25,N,-95.630281,36.696685,2023-05-11
0009074055,Ascension St. John Owasso,12451 East 100th Street North,Owasso,OK,74055,Tulsa,LEVEL IV,Level IV,General Acute Care,36,Y,-95.83553,36.299173,2023-05-11
0010174525,Atoka County Medical Center,1590 West Liberty Road,Atoka,OK,74525,Atoka,LEVEL IV,Level IV,Critical Access,25,Y,-96.151441,34.392532,2023-05-11
0001274055,"Bailey Medical Center, Llc",10502 North 110th East Avenue,Owasso,OK,74055,Tulsa,LEVEL IV,Level IV,General Acute Care,73,N,-95.85275,36.304808,2023-05-11
0010273932,Beaver County Memorial Hospital,212 East 8th Street,Beaver,OK,73932,Beaver,LEVEL IV,Level IV,Critical Access,24,Y,-100.516276,36.810785,2023-05-11
0001374010,Bristow Medical Center,"700 West 7th Avenue, Suite 6",Bristow,OK,74010,Creek,LEVEL IV,Level IV,General Acute Care,55,Y,-96.401438,35.834026,2023-05-11
0010373015,Carnegie Tri - County Municipal Hospital,102 North Broadway,Carnegie,OK,73015,Caddo,LEVEL IV,Level IV,Critical Access,17,Y,-98.605193,35.107416,2023-05-11
0001574743,Choctaw Memorial Hospital,1405 East Kirk Road,Hugo,OK,74743,Choctaw,LEVEL IV,Level IV,General Acute Care,34,Y,-95.49665,34.012372,2023-05-11
0010773933,Cimarron Memorial Hospital,100 South Ellis,Boise City,OK,73933,Cimarron,LEVEL IV,Level IV,Critical Access,25,N,-102.518065,36.728673,2023-05-11
0010574020,Cleveland Area Hospital,1401 West Pawnee,Cleveland,OK,74020,Pawnee,LEVEL IV,Level IV,Critical Access,14,Y,-96.481742,36.309325,2023-05-11
0001773505,Comanche County Memorial Hospital,3401 West Gore Boulevard,Lawton,OK,73505,Comanche,LEVEL III,Level III,General Acute Care,265,Y,-98.434261,34.609785,2023-05-11
0000173159,"Community Hospital, Llc",3100 Southwest 89th Street,Oklahoma City,OK,73159,Cleveland,LEVEL IV,Level IV,General Acute Care,45,N,-97.570534,35.375911,2023-05-11
0010473632,Cordell Memorial Hospital,1220 N Glenn English Street,Cordell,OK,73632,Washita,LEVEL IV,Level IV,Critical Access,14,Y,-98.988551,35.303049,2023-05-11
0010674859,Creek Nation Community Hospital,1800 E Coplin,Okemah,OK,74859,Okfuskee,LEVEL IV,Level IV,Critical Access,24,Y,-96.277809,35.422352,2023-05-11
0011074030,Drumright Regional Hospital,610 West Bypass,Drumright,OK,74030,Creek,LEVEL IV,Level IV,Critical Access,15,Y,-96.605967,35.998107,2023-05-11
0005973534,"Duncan Regional Hospital, Inc",1407 North Whisenant Drive,Duncan,OK,73534,Stephens,LEVEL III,Level III,General Acute Care,110,Y,-97.975948,34.520318,2023-05-11
0002474953,Eastern Oklahoma Medical Center,105 Wall Street,Poteau,OK,74953,Le Flore,LEVEL IV,Level IV,Critical Access,33,N,-94.611926,35.043809,2023-05-11
0000473651,Elkview General Hospital,429 West Elm Street,Hobart,OK,73651,Kiowa,LEVEL IV,Level IV,General Acute Care,38,Y,-99.098607,35.037776,2023-05-11
0010874637,Fairfax Community Hospital,40 Hospital Road,Fairfax,OK,74637,Osage,LEVEL IV,Level IV,Critical Access,15,Y,-96.707034,36.563321,2023-05-11
0010973737,Fairview Regional Medical Center Authority,523 East State Road,Fairview,OK,73737,Major,LEVEL IV,Level IV,Critical Access,25,Y,-98.474523,36.275988,2023-05-11
0002773018,Grady Memorial Hospital Authority,2220 Iowa Avenue,Chickasha,OK,73018,Grady,LEVEL III,Level III,General Acute Care,57,Y,-97.961733,35.048034,2023-05-11
0003073644,Great Plains Regional Medical Center,1801 West Third Street,Elk City,OK,73644,Beckham,LEVEL IV,Level IV,General Acute Care,62,Y,-99.426251,35.413983,2023-05-11
0003173550,Harmon Memorial Hospital,400 East Chestnut,Hollis,OK,73550,Harmon,LEVEL IV,Level IV,Critical Access,22,Y,-99.914289,34.69221,2023-05-11
0011373834,Harper County Community Hospital,1003 Us Highway 64 North,Buffalo,OK,73834,Harper,LEVEL IV,Level IV,Critical Access,25,N,-99.628448,36.844727,2023-05-11
0011774462,Haskell Regional Hospital,"401 Northwest ""H"" Street",Stigler,OK,74462,Haskell,LEVEL IV,Level IV,Critical Access,25,N,-95.128752,35.261165,2023-05-11
0000574017,Hillcrest Hospital Claremore,1202 North Muskogee Place,Claremore,OK,74017,Rogers,LEVEL IV,Level IV,General Acute Care,49,Y,-95.604675,36.322645,2023-05-11
0000674023,Hillcrest Hospital Cushing,1027 East Cherry Street,Cushing,OK,74023,Payne,LEVEL IV,Level IV,General Acute Care,99,Y,-96.756692,35.978743,2023-05-11
0130974437,Hillcrest Hospital Henryetta,2401 West Main,Henryetta,OK,74437,Okmulgee,LEVEL IV,Level IV,General Acute Care,30,Y,-96.015662,35.438095,2023-05-11
0000774133,Hillcrest Hospital South,8801 South 101st East Avenue,Tulsa,OK,74133,Tulsa,LEVEL III,Level III,General Acute Care,180,Y,-95.86356,36.035316,2023-05-11
0000874104,Hillcrest Medical Center,1120 South Utica Avenue,Tulsa,OK,74104,Tulsa,LEVEL III,Level III,General Acute Care,626,Y,-95.968511,36.147161,2023-05-11
0011174848,Holdenville General Hospital,100 Mcdougal Drive,Holdenville,OK,74848,Hughes,LEVEL IV,Level IV,Critical Access,25,Y,-96.378596,35.089059,2023-05-11
0003373112,"Integris Baptist Medical Center, Inc",3300 Northwest Expressway,Oklahoma City,OK,73112,Oklahoma,LEVEL III,Level III,General Acute Care,892,Y,-97.576135,35.529379,2023-05-11
0006373702,Integris Bass Baptist Health Center,600 South Monroe,Enid,OK,73702,Garfield,LEVEL III,Level III,General Acute Care,183,Y,-97.887426,36.390165,2023-05-11
0003673099,Integris Canadian Valley Hospital,1201 Health Center Parkway,Yukon,OK,73099,Canadian,LEVEL III,Level III,General Acute Care,75,Y,-97.763155,35.485114,2023-05-11
0002173112,Integris Deaconess,5501 North Portland Avenue,Oklahoma City,OK,73112,Oklahoma,LEVEL III,Level III,General Acute Care,238,N,-97.584131,35.526907,2023-05-11
0003874344,Integris Grove Hospital,1001 East 18th Street,Grove,OK,74344,Delaware,LEVEL IV,Level IV,General Acute Care,58,Y,-94.758577,36.581287,2023-05-11
0004073034,"Integris Health Edmond, Inc",4801 Integris Parkway,Edmond,OK,73034,Oklahoma,LEVEL III,Level III,General Acute Care,64,Y,-97.41836,35.644635,2023-05-11
0003574354,Integris Miami Hospital,200 2nd Avenue Southwest,Miami,OK,74354,Ottawa,LEVEL IV,Level IV,General Acute Care,117,Y,-94.880179,36.87267,2023-05-11
0004373521,Jackson County Memorial Hospital Authority,1200 East Pecan,Altus,OK,73521,Jackson,LEVEL IV,Level IV,General Acute Care,49,Y,-99.318039,34.63524,2023-05-11
0011973573,Jefferson County Hospital,Intersection Us Highways 81 And 70,Waurika,OK,73573,Jefferson,LEVEL IV,Level IV,Critical Access,18,Y,-97.979515,34.157312,2023-05-11
0001874578,Latimer County General Hospital,806 Highway 2 North,Wilburton,OK,74578,Latimer,LEVEL IV,Level IV,General Acute Care,33,Y,-95.320856,34.919476,2023-05-11
0004673052,Lindsay Municipal Hospital,"1305 West Cherokee Street, Hwy 19w",Lindsay,OK,73052,Garvin,LEVEL IV,Level IV,General Acute Care,26,Y,-97.626244,34.838997,2023-05-11
0131074538,Mary Hurley Hospital,6 North Covington Avenue,Coalgate,OK,74538,Coal,LEVEL IV,Level IV,Critical Access,20,Y,-96.223731,34.539347,2023-05-11
0006474501,Mcalester Regional Health Center,1 Clark Bass Boulevard,Mcalester,OK,74501,Pittsburg,LEVEL III,Level III,General Acute Care,149,Y,-95.750806,34.936874,2023-05-11
0002073114,Mcbride Orthopedic Hospital,9600 N Broadway Extension,Oklahoma City,OK,73114,Oklahoma,LEVEL IV,Level IV,Special,68,N,-97.511756,35.56823,2023-05-11
0002374745,Mccurtain Memorial Hospital,1301 Lincoln Road,Idabel,OK,74745,Mccurtain,LEVEL IV,Level IV,Critical Access,25,Y,-94.811162,33.882828,2023-05-11
0004874960,Memorial Hospital,1401 West Locust Street,Stilwell,OK,74960,Adair,LEVEL IV,Level IV,General Acute Care,67,Y,-94.643153,35.809322,2023-05-11
0004973942,Memorial Hospital Of Texas County Authority,520 Medical Drive,Guymon,OK,73942,Texas,LEVEL IV,Level IV,Critical Access,33,Y,-101.475995,36.690972,2023-05-11
0011573448,Mercy Health Love County,300 Wanda Street,Marietta,OK,73448,Love,LEVEL IV,Level IV,Critical Access,25,Y,-97.130909,33.943041,2023-05-11
0131174820,Mercy Hospital Ada,430 North Monta Vista,Ada,OK,74820,Pontotoc,LEVEL III,Level III,General Acute Care,144,Y,-96.633453,34.778581,2023-05-11
0002873401,"Mercy Hospital Ardmore, Inc",1011 14th Avenue Nw,Ardmore,OK,73401,Carter,LEVEL III,Level III,General Acute Care,190,Y,-97.140395,34.188956,2023-05-11
0005073036,Mercy Hospital El Reno,2115 Parkview Drive,El Reno,OK,73036,Canadian,LEVEL IV,Level IV,General Acute Care,48,N,-97.980558,35.529932,2023-05-11
0012373438,"Mercy Hospital Healdton, Inc",3462 Hospital Road,Healdton,OK,73438,Carter,LEVEL IV,Level IV,Critical Access,22,Y,-97.491466,34.222868,2023-05-11
0132373750,Mercy Hospital Kingfisher,1000 Kingfisher Hospital Drive,Kingfisher,OK,73750,Kingfisher,LEVEL IV,Level IV,Critical Access,25,Y,-97.944913,35.810239,2023-05-11
0011673044,"Mercy Hospital Logan County, Inc",200 S Academy Rd,Guthrie,OK,73044,Logan,LEVEL IV,Level IV,Critical Access,25,Y,-97.462026,35.876331,2023-05-11
0012073460,Mercy Hospital Tishomingo,1000 South Byrd St,Tishomingo,OK,73460,Johnston,LEVEL IV,Level IV,Critical Access,25,Y,-96.674781,34.222565,2023-05-11
0012173772,Mercy Hospital Watonga,500 North Clarence Nash Boulevard,Watonga,OK,73772,Blaine,LEVEL IV,Level IV,Critical Access,25,Y,-98.418631,35.849558,2023-05-11
0131274447,Muscogee - Creek - Nation Medical Center,1401 Morris Drive,Okmulgee,OK,74447,Okmulgee,LEVEL IV,Level IV,General Acute Care,66,Y,-95.952485,35.611188,2023-05-11
0005373858,"Newman Memorial Hospital, Inc",905 South Main Street,Shattuck,OK,73858,Ellis,LEVEL IV,Level IV,Critical Access,25,Y,-99.882023,36.268004,2023-05-11
0006773070,Norman Regional Hospital,901 North Porter Street,Norman,OK,73070,Cleveland,LEVEL III,Level III,Psychiatric,20,Y,-97.439135,35.230684,2023-05-11
0131474464,Northeastern Health System,1400 East Downing Street,Tahlequah,OK,74465,Cherokee,LEVEL III,Level III,Psychiatric,10,Y,-94.950854,35.913533,2023-05-11
0005173120,Okc - Amg Specialty Hospital,"4300 West Memorial Rd, 2nd Floor",Oklahoma City,OK,73120,Oklahoma,LEVEL III,Level III,General Acute Care,18,Y,-97.599428,35.606776,2023-05-11
0012873763,Okeene Municipal Hospital,207 East F Street,Okeene,OK,73763,Blaine,LEVEL IV,Level IV,Critical Access,17,Y,-98.315345,36.116799,2023-05-11
0005873120,"Oklahoma Heart Hospital, Llc",4050 West Memorial Road,Oklahoma City,OK,73120,Oklahoma,LEVEL IV,Level IV,Special,97,N,-97.597054,35.607967,2023-05-11
0007374127,Oklahoma State University Medical Center,744 West 9th Street,Tulsa,OK,74127,Tulsa,LEVEL III,Level III,General Acute Care,235,Y,-95.999844,36.146705,2023-05-11
0130473104,Ou Health University Of Oklahoma Medical Center,700 Ne 13th Street,Oklahoma City,OK,73104,Oklahoma,LEVEL I,Level I,General Acute Care,874,Y,-97.501559,35.48078,2023-05-11
0006973104,Ou Medical Center -The Children'S Hospital,1200 Children'S Ave,Oklahoma City,OK,73104,Oklahoma,LEVEL I PEDIATRIC,Pediatric Level I,Children,314,Y,-97.496105,35.481653,2023-05-11
0000000078,Ou Medical Center Edmond-Er,1 S Bryant Ave,Edmond,OK,73034,Oklahoma,LEVEL I,Level I,General Acute Care,54,Y,-97.46151,35.654658,2023-05-11
0007173075,Pauls Valley Hospital,100 Valley Drive,Pauls Valley,OK,73075,Garvin,LEVEL IV,Level IV,General Acute Care,43,Y,-97.214789,34.719404,2023-05-11
0012474056,"Pawhuska Hospital, Inc",1101 East 15th Street,Pawhuska,OK,74056,Osage,LEVEL IV,Level IV,Critical Access,25,Y,-96.325513,36.673506,2023-05-11
0012574864,Prague Regional Memorial Hospital,1322 Klabzuba Avenue,Prague,OK,74864,Lincoln,LEVEL IV,Level IV,Critical Access,25,N,-96.684313,35.490145,2023-05-11
0007473080,Purcell Municipal Hospital,1500 North Green Avenue,Purcell,OK,73080,Mcclain,LEVEL IV,Level IV,General Acute Care,39,Y,-97.364622,35.028601,2023-05-11
0007574523,Pushmataha County Town Of Antlers Hospital Authority,510 East Main Street,Antlers,OK,74523,Pushmataha,LEVEL IV,Level IV,General Acute Care,23,Y,-95.614739,34.231232,2023-05-11
0131873628,Roger Mills Memorial Hospital,501 South Ll Males Avenue,Cheyenne,OK,73628,Roger Mills,LEVEL IV,Level IV,Critical Access,15,Y,-99.671531,35.609431,2023-05-11
0002274401,Saint Francis Hospital Muskogee,300 Rockefeller Drive,Muskogee,OK,74401,Muskogee,LEVEL III,Level III,General Acute Care,320,Y,-95.406094,35.752405,2023-05-11
0005774133,"Saint Francis Hospital South, Llc",10501 East 91st Street South,Tulsa,OK,74133,Tulsa,LEVEL III,Level III,General Acute Care,104,Y,-95.85732,36.033582,2023-05-11
0001974301,Saint Francis Hospital Vinita,735 North Foreman,Vinita,OK,74301,Craig,LEVEL IV,Level IV,General Acute Care,50,Y,-95.156294,36.653409,2023-05-11
0007674136,"Saint Francis Hospital, Inc",6161 South Yale Avenue,Tulsa,OK,74136,Tulsa,LEVEL II,Level II,General Acute Care,1088,Y,-95.918984,36.072766,2023-05-11
0007773662,Sayre Memorial Hospital,911 Hospital Drive,Sayre,OK,73662,Beckham,LEVEL IV,Level IV,General Acute Care,31,N,-99.632387,35.307243,2023-05-11
0132473663,Seiling Municipal Hospital,809 Ne Hwy 60,Seiling,OK,73663,Dewey,LEVEL IV,Level IV,Critical Access,18,Y,-98.923073,36.154796,2023-05-11
0008274955,Sequoyah County - City Of Sallisaw Hospital Authority,213 East Redwood,Sallisaw,OK,74955,Sequoyah,LEVEL IV,Level IV,General Acute Care,41,Y,-94.78831,35.463906,2023-05-11
0006573717,Share Medical Center,800 Share Drive,Alva,OK,73717,Woods,LEVEL IV,Level IV,Critical Access,25,Y,-98.671222,36.787221,2023-05-11
0007973505,Southwestern Medical Center,5602 Southwest Lee Boulevard,Lawton,OK,73505,Comanche,LEVEL IV,Level IV,General Acute Care,199,Y,-98.46274,34.592635,2023-05-11
0008173102,Ssm Health St. Anthony Hospital - Oklahoma City,1000 North Lee Street,Oklahoma City,OK,73102,Oklahoma,LEVEL III,Level III,General Acute Care,773,Y,-97.52343,35.47791,2023-05-11
0008774804,Ssm Health St. Anthony Hospital - Shawnee,1102 West Macarthur,Shawnee,OK,74804,Pottawatomie,LEVEL IV,Level IV,General Acute Care,96,Y,-96.937546,35.36299,2023-05-11
0009273701,St. Mary'S Regional Medical Center,305 S Fifth Street,Enid,OK,73701,Garfield,LEVEL III,Level III,General Acute Care,229,N,-97.871286,36.393753,2023-05-11
0001074631,Stillwater Medical - Blackwell,710 South 13th Street,Blackwell,OK,74631,Kay,LEVEL IV,Level IV,General Acute Care,25,Y,-97.299987,36.798038,2023-05-11
0005473077,Stillwater Medical - Perry,501 14th St,Perry,OK,73077,Noble,LEVEL IV,Level IV,General Acute Care,26,Y,-97.299495,36.288393,2023-05-11
0008974074,Stillwater Medical Center,1323 West 6th Avenue,Stillwater,OK,74074,Payne,LEVEL III,Level III,General Acute Care,117,Y,-97.075102,36.115011,2023-05-11
0013474079,Stroud Regional Medical Center,2308 Highway 66 West,Stroud,OK,74079,Lincoln,LEVEL IV,Level IV,Critical Access,25,Y,-96.683346,35.748485,2023-05-11
0013173005,The Physicians' Hospital In Anadarko,1002 E Central Blvd,Anadarko,OK,73005,Caddo,LEVEL IV,Level IV,Critical Access,25,Y,-98.228325,35.070502,2023-05-11
0009974467,Wagoner Community Hospital,1200 W Cherokee St,Wagoner,OK,74467,Wagoner,LEVEL IV,Level IV,General Acute Care,100,Y,-95.39243,35.961524,2023-05-11
0013273096,"Weatherford Regional Hospital, Inc Of Weatherford, Oklahoma",3701 East Main,Weatherford,OK,73096,Custer,LEVEL IV,Level IV,Critical Access,25,Y,-98.662302,35.539277,2023-05-11
0006197141,Adventist Health Tillamook,1000 Third Street,Tillamook,OR,97141,Tillamook,LEVEL IV,Level IV,Critical Access,49,Y,-123.854331,45.456611,2024-04-22
0000297520,Asante Ashland Community Hospital,280 Maple Street,Ashland,OR,97520,Jackson,LEVEL IV,Level IV,General Acute Care,49,N,-122.724948,42.205923,2024-04-22
0132697504,Asante Rogue Regional Medical Center,2825 E Barnett Road,Medford,OR,97504,Jackson,LEVEL II,Level II,General Acute Care,378,Y,-122.830801,42.318067,2024-04-22
0132997527,Asante Three Rivers Medical Center,500 Sw Ramsey Avenue,Grants Pass,OR,97527,Josephine,LEVEL IV,Level IV,General Acute Care,125,N,-123.342841,42.421378,2024-04-22
0000397420,Bay Area Hospital,1775 Thompson Road,Coos Bay,OR,97420,Coos,LEVEL III,Level III,General Acute Care,174,Y,-124.232995,43.383407,2024-04-22
0000497845,Blue Mountain Hospital,170 Ford Road,John Day,OR,97845,Grant,LEVEL IV,Level IV,Critical Access,25,N,-118.959691,44.417113,2024-04-22
0000797103,Columbia Memorial Hospital,2111 Exchange Street,Astoria,OR,97103,Clatsop,LEVEL IV,Level IV,Critical Access,49,Y,-123.818592,46.188002,2024-04-22
0000897423,Coquille Valley Hospital District,940 East 5th Street,Coquille,OR,97423,Coos,LEVEL IV,Level IV,Critical Access,25,Y,-124.179386,43.179443,2024-04-22
0001197330,Good Samaritan Regional Medical Center,3600 Nw Samaritan Drive,Corvallis,OR,97330,Benton,LEVEL II,Level II,General Acute Care,188,Y,-123.252624,44.603223,2024-04-22
0001297838,Good Shepherd Medical Center,610 Nw 11th Street,Hermiston,OR,97838,Umatilla,LEVEL III,Level III,Critical Access,49,Y,-119.308512,45.847119,2024-04-22
0001397850,Grande Ronde Hospital,900 Sunset Drive,La Grande,OR,97850,Union,LEVEL IV,Level IV,Critical Access,25,Y,-118.10607,45.319427,2024-04-22
0001497720,Harney District Hospital,557 W Washington Street,Burns,OR,97720,Harney,LEVEL IV,Level IV,Critical Access,25,N,-119.060724,43.588208,2024-04-22
0001697630,Lake District Hospital,700 South J Street,Lakeview,OR,97630,Lake,LEVEL IV,Level IV,Critical Access,24,Y,-120.352111,42.181295,2024-04-22
0001797227,Legacy Emanuel Medical Center,2801 N Gantenbein Avenue,Portland,OR,97227,Multnomah,LEVEL I,Level I,General Acute Care,554,Y,-122.670222,45.543286,2024-04-22
0005197381,Legacy Silverton Medical Center,342 Fairview Street,Silverton,OR,97381,Marion,LEVEL IV,Level IV,General Acute Care,48,Y,-122.790073,45.004666,2024-04-22
0002297467,Lower Umpqua Hospital District,600 Ranch Road,Reedsport,OR,97467,Douglas,LEVEL IV,Level IV,Critical Access,16,Y,-124.136302,43.69459,2024-04-22
0002397477,Mckenzie - Willamette Medical Center,1460 G Street,Springfield,OR,97477,Lane,LEVEL III,Level III,General Acute Care,113,Y,-123.00369,44.053484,2024-04-22
0002497471,Mercy Medical Center,2700 Nw Stewart Parkway,Roseburg,OR,97471,Douglas,LEVEL III,Level III,General Acute Care,174,Y,-123.366711,43.241562,2024-04-22
0002597015,Mid - Columbia Medical Center,1700 E 19th Street,The Dalles,OR,97058,Wasco,LEVEL III,Level III,General Acute Care,49,Y,-121.16452,45.587272,2024-04-22
0002797223,Ohsu Hospital And Clinics,3181 Sw Sam Jackson Park Road,Portland,OR,97239,Multnomah,LEVEL I,Level I,General Acute Care,576,Y,-122.686112,45.49894,2024-04-22
0003097439,Peace Harbor Medical Center,400 9th Street,Florence,OR,97439,Lane,LEVEL IV,Level IV,Critical Access,21,N,-124.117478,43.973142,2024-04-22
0003197836,Pioneer Memorial Hospital,564 E Pioneer Drive,Heppner,OR,97836,Morrow,LEVEL IV,Level IV,Critical Access,21,N,-119.548659,45.355899,2024-04-22
0003397031,Providence Hood River Memorial Hospital,810 12th Street,Hood River,OR,97031,Hood River,LEVEL III,Level III,Critical Access,25,N,-121.523909,45.704832,2024-04-22
0003497504,Providence Medford Medical Center,1111 Crater Lake Avenue,Medford,OR,97504,Jackson,LEVEL III,Level III,General Acute Care,168,Y,-122.86272,42.339625,2024-04-22
0004297477,Sacred Heart Medical Center - Riverbend,3333 Riverbend Drive,Springfield,OR,97477,Lane,LEVEL II,Level II,General Acute Care,347,Y,-123.026742,44.081362,2024-04-22
0004397401,Sacred Heart University District,1255 Hilyard Street,Eugene,OR,97401,Lane,LEVEL II,Level II,General Acute Care,104,Y,-123.081708,44.046021,2024-04-22
0005497814,"Saint Alphonsus Medical Center - Baker City, Inc",3325 Pocahontas Road,Baker City,OR,97814,Baker,LEVEL IV,Level IV,Critical Access,25,Y,-117.847123,44.795151,2024-04-22
0003397914,"Saint Alphonsus Medical Center - Ontario, Inc",351 Sw 9th Street,Ontario,OR,97914,Malheur,LEVEL IV,Level IV,General Acute Care,49,Y,-116.977692,44.025333,2024-04-22
0006797338,Salem Health West Valley,525 Se Washington Street,Dallas,OR,97338,Polk,LEVEL IV,Level IV,Critical Access,25,N,-123.310338,44.918786,2024-04-22
0004497301,Salem Hospital,890 Oak Street Se,Salem,OR,97301,Marion,LEVEL II,Level II,General Acute Care,494,Y,-123.034071,44.932709,2024-04-22
0004597321,Samaritan Albany General Hospital,1046 6th Avenue Sw,Albany,OR,97321,Linn,LEVEL III,Level III,General Acute Care,79,Y,-123.116324,44.631673,2024-04-22
0004697355,Samaritan Lebanon Community Hospital,525 N Santiam Highway,Lebanon,OR,97355,Linn,LEVEL IV,Level IV,Critical Access,49,Y,-122.906964,44.551327,2024-04-22
0004797367,Samaritan North Lincoln Hospital,3043 Ne 28th Street,Lincoln City,OR,97367,Lincoln,LEVEL IV,Level IV,Critical Access,25,Y,-123.995181,44.986061,2024-04-22
0004897365,Samaritan Pacific Community Hospital,930 Sw Abbey Street,Newport,OR,97365,Lincoln,LEVEL IV,Level IV,Critical Access,25,Y,-124.059611,44.629393,2024-04-22
0004997383,Santiam Hospital,1401 N 10th Avenue,Stayton,OR,97383,Marion,LEVEL IV,Level IV,General Acute Care,40,Y,-122.784763,44.80511,2024-04-22
0005297601,Sky Lakes Medical Center,2865 Daggett Avenue,Klamath Falls,OR,97601,Klamath,LEVEL III,Level III,General Acute Care,176,Y,-121.785191,42.253161,2024-04-22
0133697801,St Anthony Hospital,2801 St Anthony Way,Pendleton,OR,97801,Umatilla,LEVEL IV,Level IV,Critical Access,25,Y,-118.811237,45.649306,2024-04-22
0005797701,St Charles Bend,2500 Ne Neff Road,Bend,OR,97701,Deschutes,LEVEL II,Level II,General Acute Care,292,Y,-121.269134,44.067915,2024-04-22
0132897741,St Charles Madras,470 Ne A Street,Madras,OR,97741,Jefferson,LEVEL IV,Level IV,Critical Access,25,Y,-121.120725,44.637874,2024-04-22
0008297754,St Charles Prineville,384 Se Combs Flat Road,Prineville,OR,97754,Crook,LEVEL IV,Level IV,Critical Access,16,Y,-120.825077,44.298028,2024-04-22
0005897756,St Charles Redmond,1253 Nw Canal Blvd,Redmond,OR,97756,Deschutes,LEVEL III,Level III,General Acute Care,48,Y,-121.169855,44.287967,2024-04-22
0005997415,Sutter Coast Hospital,555 5th Street,Brookings,OR,97415,Curry,LEVEL IV,Level IV,General Acute Care,49,N,-124.2885,42.057873,2024-04-22
0006697828,Wallowa Memorial Hospital,601 Medical Parkway,Enterprise,OR,97828,Wallowa,LEVEL IV,Level IV,Critical Access,25,Y,-117.284461,45.432365,2024-04-22
0006897128,Willamette Valley Medical Center,2700 Se Stratus Ave,Mcminnville,OR,97128,Yamhill,LEVEL IV,Level IV,General Acute Care,60,Y,-123.164673,45.199038,2024-04-22
0017519001,Abington Hospital,1200 Old York Road,Abington,PA,19001,Montgomery,LEVEL II,Level II,General Acute Care,667,Y,-75.120999,40.118895,2024-04-19
0017619141,Albert Einstein Medical Center,5501 Old York Road,Philadelphia,PA,19141,Philadelphia,LEVEL I,Level I,General Acute Care,738,Y,-75.143342,40.036737,2024-04-19
0022515212,Allegheny General Hospital,320 East North Avenue,Pittsburgh,PA,15212,Allegheny,LEVEL I,Level I,General Acute Care,572,Y,-80.003402,40.457063,2024-04-19
0003615905,Conemaugh Memorial Medical Center,1086 Franklin Street,Johnstown,PA,15905,Cambria,LEVEL I,Level I,General Acute Care,507,Y,-78.918362,40.30575,2024-04-19
0009816646,Conemaugh Miners Medical Center,290 Haida Avenue,Hastings,PA,16646,Cambria,LEVEL IV,Level IV,General Acute Care,25,Y,-78.70527,40.658073,2024-04-19
0004519013,Crozer - Chester Medical Center,1 Medical Center Boulevard,Upland,PA,19013,Delaware,LEVEL II,Level II,General Acute Care,473,Y,-75.367645,39.856498,2024-04-19
0018815146,Forbes Hospital,2570 Haymaker Road,Monroeville,PA,15146,Allegheny,LEVEL II,Level II,General Acute Care,315,Y,-79.747652,40.428443,2024-04-19
0004418510,Geisinger - Community Medical Center,1800 Mulberry Street,Scranton,PA,18510,Lackawanna,LEVEL II,Level II,General Acute Care,293,Y,-75.646223,41.400206,2024-04-19
0008817044,Geisinger - Lewistown Hospital,400 Highland Avenue,Lewistown,PA,17044,Mifflin,LEVEL IV,Level IV,General Acute Care,167,Y,-77.568018,40.617723,2024-04-19
0008217740,Geisinger Jersey Shore Hospital,1020 Thompson Street,Jersey Shore,PA,17740,Lycoming,LEVEL IV,Level IV,General Acute Care,25,N,-77.267931,41.201836,2024-04-19
0006017822,Geisinger Medical Center,100 North Academy Avenue,Danville,PA,17822,Montour,"LEVEL I ADULT, LEVEL II PEDIATRIC",Level I,General Acute Care,553,N,-76.605256,40.968145,2024-04-19
0196784782,Geisinger St. Luke'S Hospital,100 Paramount Blvd,Orwigsburg,PA,17961,Schuylkill,LEVEL IV,Level IV,General Acute Care,40,Y,-76.092002,40.641724,2024-04-19
0010718711,Geisinger Wyoming Valley Medical Center,1000 East Mountain Boulevard,Wilkes-Barre,PA,18711,Luzerne,LEVEL II,Level II,General Acute Care,310,Y,-75.80899,41.257365,2024-04-19
0000118017,Good Shepherd Specialty Hospital,2545 Schoenersville Road,Bethlehem,PA,18017,Lehigh,LEVEL II,Level II,Long Term Care,32,N,-75.408063,40.644616,2024-04-19
0005918960,Grand View Health,700 Lawn Avenue,Sellersville,PA,18960,Bucks,LEVEL II,Level II,General Acute Care,169,Y,-75.32604,40.362922,2024-04-19
0014216127,Grove City Hospital,631 North Broad Street Ext,Grove City,PA,16127,Mercer,LEVEL IV,Level IV,General Acute Care,67,Y,-80.085172,41.170999,2024-04-19
0006819102,Hahnemann University Hospital,230 North Broad Street,Philadelphia,PA,19102,Philadelphia,LEVEL I,Level I,General Acute Care,496,Y,-75.16303,39.957537,2024-04-19
0005419114,Jefferson Health - Northeast,10800 Knights Road,Philadelphia,PA,19114,Philadelphia,LEVEL II,Level II,General Acute Care,464,Y,-74.983109,40.071722,2024-04-19
0008619096,Lankenau Medical Center,100 Lancaster Avenue,Wynnewood,PA,19096,Montgomery,LEVEL II,Level II,General Acute Care,370,Y,-75.260865,39.988434,2024-04-19
0022618105,Lehigh Valley Hospital,1200 S Cedar Crest Blvd,Allentown,PA,18103,Lehigh,"LEVEL I ADULT, LEVEL II PEDIATRIC",Level I,General Acute Care,1171,Y,-75.522881,40.56644,2024-04-19
0007318201,Lehigh Valley Hospital - Hazleton,700 East Broad Street,Hazleton,PA,18201,Luzerne,LEVEL IV,Level IV,General Acute Care,150,Y,-75.964829,40.949176,2024-04-19
0006618301,Lehigh Valley Hospital - Pocono,206 East Brown Street,East Stroudsburg,PA,18301,Monroe,LEVEL III,Level III,General Acute Care,264,Y,-75.174535,40.992799,2024-04-19
0011019301,Paoli Hospital,255 West Lancaster Avenue,Paoli,PA,19301,Chester,LEVEL II,Level II,General Acute Care,231,Y,-75.501087,40.044189,2024-04-19
0020819104,Penn Presbyterian Medical Center,51 North 39th Street,Philadelphia,PA,19104,Philadelphia,LEVEL I,Level I,General Acute Care,350,Y,-75.199264,39.958872,2024-04-19
0019117011,Penn State Health Holy Spirit Medical Center,503 North 21st Street,Camp Hill,PA,17011,Cumberland,LEVEL II,Level II,General Acute Care,306,Y,-76.92195,40.254072,2024-04-19
0020919612,Reading Hospital,420 S Fifth Avenue,West Reading,PA,19611,Berks,LEVEL I,Level I,General Acute Care,737,Y,-75.950164,40.330517,2024-04-19
0021518015,"Saint Luke'S Hospital Of Bethlehem, Pennsylvania",801 Ostrum Street,Bethlehem,PA,18015,Lehigh,LEVEL I,Level I,General Acute Care,563,Y,-75.393363,40.609357,2024-04-19
0012419134,St. Christopher'S Hospital For Children,160 East Erie Ave,Philadelphia,PA,19134,Philadelphia,LEVEL I PEDIATRIC,Pediatric Level I,Children,188,Y,-75.124377,40.00657,2024-04-19
0028418045,St. Luke'S Hospital - Anderson Campus,1872 St Luke'S Blvd,Easton,PA,18045,Northampton,LEVEL II,Level II,General Acute Care,181,N,-75.287821,40.649148,2024-04-19
0196784786,St. Luke'S Hospital - Carbon Campus,500 St Lukes Drive,Lehighton,PA,18235,Carbon,LEVEL IV,Level IV,General Acute Care,80,N,-75.671113,40.84464,2024-04-19
0004218218,St. Luke'S Hospital - Miners Campus,360 W Ruddle Street,Coaldale,PA,18218,Schuylkill,LEVEL IV,Level IV,General Acute Care,49,Y,-75.91403,40.821388,2024-04-19
0179418360,St. Luke'S Hospital - Monroe Campus,100 St Luke'S Lane,Stroudsburg,PA,18360,Monroe,LEVEL IV,Level IV,General Acute Care,98,Y,-75.259981,40.997531,2024-04-19
0196784785,St. Luke'S Hospital - Upper Bucks Campus,3000 St Luke'S Drive,Quakertown,PA,18951,Bucks,LEVEL IV,Level IV,General Acute Care,79,N,-75.375607,40.444452,2024-04-19
0024719047,St. Mary Medical Center,1201 Langhorne-Newtown Road,Langhorne,PA,19047,Bucks,LEVEL II,Level II,General Acute Care,373,Y,-74.923847,40.202759,2024-04-19
0013519140,"Temple University Hospital, Inc","3401 North Broad Street, Hospital Administration Suite D",Philadelphia,PA,19140,Philadelphia,LEVEL I,Level I,General Acute Care,879,Y,-75.150902,40.004835,2024-04-19
0023019104,The Children'S Hospital Of Philadelphia,3401 Civic Center Blvd,Philadelphia,PA,19104,Philadelphia,LEVEL I PEDIATRIC,Pediatric Level I,Children,595,Y,-75.193806,39.948542,2024-04-19
0005717233,The Fulton County Medical Center,214 Peach Orchard Road,Mcconnellsburg,PA,17233,Fulton,LEVEL IV,Level IV,General Acute Care,21,Y,-78.00687,39.93719,2024-04-19
0019219104,The Hospital Of The University Of Pennsylvania,3400 Spruce Street,Philadelphia,PA,19104,Philadelphia,LEVEL I,Level I,General Acute Care,807,Y,-75.194203,39.949969,2024-04-19
0008717604,The Lancaster General Hospital,555 North Duke Street,Lancaster,PA,17602,Lancaster,LEVEL I,Level I,General Acute Care,620,Y,-76.304079,40.047293,2024-04-19
0009317033,The Milton S. Hershey Medical Center,500 University Drive,Hershey,PA,17033,Dauphin,"LEVEL I ADULT, LEVEL I PEDIATRIC",Level I,General Acute Care,639,Y,-76.674842,40.263754,2024-04-19
0021118840,The Robert Packer Hospital,1 Guthrie Square,Sayre,PA,18840,Bradford,LEVEL II,Level II,General Acute Care,267,Y,-76.520727,41.98023,2024-04-19
0013619107,"Thomas Jefferson University Hospitals, Inc",111 South 11th Street,Philadelphia,PA,19107,Philadelphia,LEVEL I,Level I,General Acute Care,926,Y,-75.157946,39.949708,2024-04-19
0028516947,"Troy Community Hospital, Inc",275 Guthrie Drive,Troy,PA,16947,Bradford,LEVEL IV,Level IV,General Acute Care,25,Y,-76.79429,41.793611,2024-04-19
0001916601,Upmc Altoona,620 Howard Avenue,Altoona,PA,16601,Blair,LEVEL II,Level II,General Acute Care,398,Y,-78.398698,40.521821,2024-04-19
0196784789,Upmc Children'S Hospital Of Pittsburgh,"1 Children'S Hospital Drive, 4401 Penn Avenue, Admin Office Bldg, Suite 6400",Pittsburgh,PA,15224,Allegheny,LEVEL I PEDIATRIC,Pediatric Level I,Children,313,Y,-79.953107,40.467566,2024-04-19
0018115224,Upmc Children'S Hospital Of Pittsburgh - Transplant Center,"1 Children'S Hospital Drive, 4401 Penn Avenue",Pittsburgh,PA,15224,Allegheny,LEVEL I,Level I,Children,313,Y,-79.95299,40.466529,2024-04-19
0006916550,Upmc Hamot,201 State Street,Erie,PA,16550,Erie,LEVEL II,Level II,General Acute Care,423,N,-80.085363,42.135112,2024-04-19
0009715219,Upmc Mercy,1400 Locust Street,Pittsburgh,PA,15219,Allegheny,LEVEL I,Level I,General Acute Care,435,Y,-79.985114,40.436099,2024-04-19
0023416346,Upmc Northwest,100 Fairfield Drive,Seneca,PA,16346,Venango,LEVEL III,Level III,General Acute Care,151,Y,-79.700628,41.361383,2024-04-19
0011315213,Upmc Presbyterian Shadyside,200 Lothrop Street,Pittsburgh,PA,15213,Allegheny,LEVEL I,Level I,General Acute Care,1504,Y,-79.960707,40.442784,2024-04-19
0016917701,Upmc Williamsport,700 High Street,Williamsport,PA,17701,Lycoming,LEVEL II,Level II,General Acute Care,255,Y,-77.015967,41.247011,2024-04-19
0016118431,Wayne Memorial Hospital,601 Park Street,Honesdale,PA,18431,Wayne,LEVEL IV,Level IV,General Acute Care,106,N,-75.260329,41.576561,2024-04-19
0017217405,Wellspan York Hospital,1001 South George Street,York,PA,17403,York,LEVEL I,Level I,General Acute Care,596,Y,-76.718501,39.945698,2024-04-19
0001502903,Hasbro Childrens Hospital,593 Eddy Street,Providence,RI,02903,Providence,LEVEL I,Level I,Children,,Y,-71.408906,41.81115,2024-04-19
0001002903,Rhode Island Hospital,593 Eddy Street,Providence,RI,02903,Providence,LEVEL I,Level I,General Acute Care,719,Y,-71.409129,41.811881,2024-04-19
0000529621,Anmed Health Medical Center,800 N Fant St,Anderson,SC,29621,Anderson,LEVEL III,Level III,General Acute Care,461,Y,-82.646487,34.511484,2024-04-22
0002829526,Conway Hospital,300 Singleton Ridge Rd,Conway,SC,29526,Horry,LEVEL III,Level III,General Acute Care,222,Y,-79.001828,33.785522,2024-04-22
0007629572,Grand Strand Medical Center,809 82nd Pkwy,Myrtle Beach,SC,29572,Horry,LEVEL I,Level I,General Acute Care,403,Y,-78.820107,33.758439,2024-04-22
0002429169,Lexington Medical Center,2720 Sunset Blvd,West Columbia,SC,29169,Lexington,LEVEL III,Level III,General Acute Care,557,Y,-81.114199,34.005962,2024-04-22
0000929506,Mcleod Regional Medical Center Of The Pee Dee,555 E Cheves St,Florence,SC,29506,Florence,LEVEL III,Level III,General Acute Care,517,Y,-79.758975,34.197115,2024-04-22
0007429505,Musc Health Florence Medical Center,805 Pamplico Hwy,Florence,SC,29505,Florence,LEVEL III,Level III,General Acute Care,310,Y,-79.752055,34.160066,2024-04-22
0006929425,Musc Medical Center,169 Ashley Ave,Charleston,SC,29425,Charleston,"LEVEL I ADULT, LEVEL I PEDIATRIC",Level I,General Acute Care,790,N,-79.947921,32.785882,2024-04-22
0001729732,Piedmont Medical Center,222 S Herlong Ave,Rock Hill,SC,29732,York,LEVEL III,Level III,General Acute Care,288,Y,-81.051774,34.956609,2024-04-22
0000129605,Prisma Health Greenville Memorial Hospital,701 Grove Rd,Greenville,SC,29605,Greenville,LEVEL I,Level I,General Acute Care,864,Y,-82.412649,34.818644,2024-04-22
0001429203,Prisma Health Richland,5 Richland Medical Park Dr,Columbia,SC,29203,Richland,LEVEL I,Level I,General Acute Care,641,Y,-81.033054,34.028602,2024-04-22
0007929118,Regional Medical Center Of Orangeburg And Calhoun Counties,3000 Saint Matthews Rd,Orangeburg,SC,29118,Orangeburg,LEVEL III,Level III,General Acute Care,286,Y,-80.830458,33.540267,2024-04-22
0001529646,Self Regional Healthcare,1325 Spring St,Greenwood,SC,29646,Greenwood,LEVEL III,Level III,General Acute Care,358,N,-82.156578,34.175644,2024-04-22
0007229303,Spartanburg Medical Center,101 E Wood St,Spartanburg,SC,29303,Spartanburg,LEVEL I,Level I,General Acute Care,516,Y,-81.939464,34.9666,2024-04-22
0004129406,Trident Medical Center,9330 Medical Plaza Dr,Charleston,SC,29406,Charleston,LEVEL II,Level II,General Acute Care,321,Y,-80.073075,32.975963,2024-04-22
0004057022,Avera Dells Area Hospital,909 N Iowa Ave,Dell Rapids,SD,57022,Minnehaha,TRH,Other designation,Critical Access,23,Y,-96.71581,43.828585,2024-04-22
0002557231,Avera Desmet Memorial Hospital,306 Prairie Ave Sw,De Smet,SD,57231,Kingsbury,TRH,Other designation,Critical Access,6,N,-97.561297,44.385946,2024-04-22
0004457028,Avera Flandreau Hospital,214 N Prairie St,Flandreau,SD,57028,Moody,TRH,Other designation,Critical Access,18,Y,-96.591463,44.051352,2024-04-22
0001957533,Avera Gregory Hospital,400 Park Avenue,Gregory,SD,57533,Gregory,TRH,Other designation,Critical Access,25,Y,-99.435849,43.229555,2024-04-22
0002157362,Avera Hand County Memorial Hospital And Clinic,300 W 5th St,Miller,SD,57362,Hand,TRH,Other designation,Critical Access,11,N,-98.992282,44.520054,2024-04-22
0006157105,Avera Mckennan Hospital And University Health Center,1325 S Cliff Ave,Sioux Falls,SD,57117,Minnehaha,LEVEL II,Level II,General Acute Care,572,Y,-96.714322,43.534238,2024-04-22
0005157442,Avera Missouri River Health Center,606 E Garfield Ave,Gettysburg,SD,57442,Potter,TRH,Other designation,Critical Access,7,Y,-99.947791,45.013085,2024-04-22
0001257301,Avera Queen Of Peace,525 N Foster,Mitchell,SD,57301,Davison,TRH,Other designation,General Acute Care,50,Y,-98.008021,43.714342,2024-04-22
0005857078,Avera Sacred Heart Hospital,501 Summit,Yankton,SD,57078,Yankton,TRH,Other designation,General Acute Care,99,Y,-97.408191,42.873255,2024-04-22
0002357366,Avera St. Benedict Health Center,401 W Glynn Dr,Parkston,SD,57366,Hutchinson,TRH,Other designation,Critical Access,25,N,-97.991241,43.39969,2024-04-22
0000657401,Avera St. Luke'S,305 S State St,Aberdeen,SD,57401,Brown,LEVEL III,Level III,General Acute Care,60,Y,-98.478512,45.46151,2024-04-22
0002257501,Avera St. Mary'S Hospital,801 E Sioux,Pierre,SD,57501,Hughes,CTH,Other designation,General Acute Care,50,N,-100.342627,44.359804,2024-04-22
0002457382,Avera Weskota Memorial Medical Center,604 1st St Ne,Wessington Springs,SD,57382,Jerauld,TRH,Other designation,Critical Access,16,Y,-98.563742,44.081086,2024-04-22
0000557551,Bennett County Hospital And Nursing Home,102 Major Allen,Martin,SD,57551,Bennett,TRH,Other designation,Critical Access,14,N,-101.730725,43.169754,2024-04-22
0001757428,Bowdle Hospital,8001 W 5th,Bowdle,SD,57428,Edmunds,TRH,Other designation,Critical Access,12,N,-99.661627,45.447978,2024-04-22
0005957006,Brookings Health System,300 22nd Ave,Brookings,SD,57006,Brookings,TRH,Other designation,General Acute Care,49,Y,-96.766967,44.307878,2024-04-22
0006457523,Community Memorial Hospital,809 Jackson,Burke,SD,57523,Gregory,TRH,Other designation,Critical Access,16,N,-99.29401,43.182093,2024-04-22
0005357469,Community Memorial Hospital,111 W 10th Ave,Redfield,SD,57469,Spink,TRH,Other designation,Critical Access,25,Y,-98.520922,44.871567,2024-04-22
0005257262,Coteau Des Prairies Health Care System,205 Orchard Drive,Sisseton,SD,57262,Roberts,TRH,Other designation,Critical Access,25,Y,-97.050157,45.657492,2024-04-22
0001657313,Douglas County Memorial Hospital,708 8th St,Armour,SD,57313,Douglas,TRH,Other designation,Critical Access,11,Y,-98.345279,43.325316,2024-04-22
0003457437,Eureka Community Health Services,200 J Ave,Eureka,SD,57437,Mcpherson,TRH,Other designation,Critical Access,4,N,-99.623019,45.772172,2024-04-22
0007557747,Fall River Hospital,1201 Highway 71 So,Hot Springs,SD,57747,Fall River,TRH,Other designation,Critical Access,25,Y,-103.480089,43.417208,2024-04-22
0003557438,Faulkton Area Medical Center,1300 Oak Street,Faulkton,SD,57438,Faulk,TRH,Other designation,Critical Access,12,Y,-99.132638,45.030656,2024-04-22
0000257029,Freeman Medical Center,510 E 8th St,Freeman,SD,57029,Hutchinson,TRH,Other designation,Critical Access,25,N,-97.431081,43.347966,2024-04-22
0002057567,Hans P. Peterson Memorial Hospital,503 W Pine Street,Philip,SD,57567,Haakon,TRH,Other designation,Critical Access,18,N,-101.671477,44.039809,2024-04-22
0000457350,Huron Regional Medical Center,172 Fourth St Se,Huron,SD,57350,Beadle,CTH,Other designation,Critical Access,25,N,-98.21106,44.361531,2024-04-22
0007157059,Landmann - Jungman Memorial Hospital,600 Billars,Scotland,SD,57059,Bon Homme,TRH,Other designation,Critical Access,20,Y,-97.729045,43.149036,2024-04-22
0007657042,Madison Regional Health System,323 Sw 10th St,Madison,SD,57042,Lake,TRH,Other designation,Critical Access,22,Y,-97.118142,43.991373,2024-04-22
0003157430,Marshall County Healthcare Center,413 9th St,Britton,SD,57430,Marshall,TRH,Other designation,Critical Access,20,Y,-97.746139,45.788584,2024-04-22
0000357252,Milbank Area Hospital - Avera Health,301 Flynn Drive,Milbank,SD,57252,Grant,TRH,Other designation,Critical Access,25,N,-96.627174,45.222458,2024-04-22
0005757601,Mobridge Regional Hospital,1401 10th Ave W,Mobridge,SD,57601,Walworth,CTH,Other designation,Critical Access,25,Y,-100.44896,45.546217,2024-04-22
0001157730,Monument Health Custer Hospital,1220 Montgomery St,Custer,SD,57730,Custer,TRH,Other designation,Critical Access,12,Y,-103.590527,43.772401,2024-04-22
0002757732,Monument Health Lead - Deadwood Hospital,61 Charles St,Deadwood,SD,57732,Lawrence,TRH,Other designation,Critical Access,18,N,-103.728268,44.369627,2024-04-22
0004957701,Monument Health Rapid City Hospital,353 Fairmont Blvd,Rapid City,SD,57701,Pennington,LEVEL II,Level II,General Acute Care,417,Y,-103.22525,44.057749,2024-04-22
0002957783,Monument Health Spearfish Hospital,1440 N Main St,Spearfish,SD,57783,Lawrence,CTH,Other designation,General Acute Care,44,Y,-103.860645,44.498064,2024-04-22
0005557070,Pioneer Memorial Hospital,315 N Washington,Viborg,SD,57070,Turner,TRH,Other designation,Critical Access,12,N,-97.084043,43.175381,2024-04-22
0006657369,Platte Health Center,601 East 7th St,Platte,SD,57369,Charles Mix,TRH,Other designation,Critical Access,17,Y,-98.836156,43.384648,2024-04-22
0001057201,Prairie Lakes Hospital,401 9th Ave Nw,Watertown,SD,57201,Codington,CTH,Other designation,General Acute Care,81,Y,-97.121237,44.910975,2024-04-22
0007757401,Sanford Aberdeen Medical Center,2905 3rd Ave Se,Aberdeen,SD,57401,Brown,CTH,Other designation,General Acute Care,48,Y,-98.446084,45.463025,2024-04-22
0007057013,Sanford Canton - Inwood Medical Center,440 N Hiawatha Dr,Canton,SD,57013,Lincoln,TRH,Other designation,Critical Access,11,N,-96.55756,43.304498,2024-04-22
0000857325,Sanford Chamberlain Medical Center,300 S Byron Blvd,Chamberlain,SD,57325,Brule,TRH,Other designation,Critical Access,25,Y,-99.324716,43.786133,2024-04-22
0001457226,Sanford Clear Lake Medical Center,701 3rd Ave South,Clear Lake,SD,57226,Deuel,TRH,Other designation,Critical Access,10,Y,-96.683136,44.752725,2024-04-22
0001357274,Sanford Hospital Webster,1401 W First St,Webster,SD,57274,Day,TRH,Other designation,Critical Access,25,Y,-97.521955,45.339773,2024-04-22
0004257105,Sanford Usd Medical Center,1305 W 18th St,Sioux Falls,SD,57105,Minnehaha,"LEVEL II ADULT, LEVEL II PEDIATRIC",Level II,General Acute Care,545,Y,-96.742106,43.535516,2024-04-22
0006757069,Sanford Vermillion Hospital,20 S Plum Street,Vermillion,SD,57069,Clay,TRH,Other designation,Critical Access,25,Y,-96.919299,42.778658,2024-04-22
0006557066,St. Michael'S Hospital,410 W 16th Ave,Tyndall,SD,57066,Bon Homme,TRH,Other designation,Critical Access,25,Y,-97.867525,42.991571,2024-04-22
0000957380,Wagner Community Memorial Hospital,513 3rd St Sw,Wagner,SD,57380,Charles Mix,TRH,Other designation,Critical Access,20,Y,-98.302003,43.078375,2024-04-22
0005457580,Winner Regional Healthcare Center,745 E 8th St,Winner,SD,57580,Tripp,CTH,Other designation,Critical Access,25,Y,-99.847295,43.36993,2024-04-22
0015037804,Blount Memorial Hospital,907 East Lamar Alexander Parkway,Maryville,TN,37804,Blount,LEVEL III,Level III,General Acute Care,304,Y,-83.958715,35.756462,2024-04-20
0011337620,Bristol Regional Medical Center,1 Medical Park Blvd,Bristol,TN,37620,Sullivan,LEVEL II,Level II,General Acute Care,312,Y,-82.256923,36.585516,2024-04-20
0002737403,Erlanger Medical Center,975 East Third Street,Chattanooga,TN,37403,Hamilton,LEVEL I,Level I,General Acute Care,848,Y,-85.290047,35.048894,2024-04-20
0011537660,Holston Valley Medical Center,130 West Ravine Road,Kingsport,TN,37660,Sullivan,LEVEL III,Level III,General Acute Care,505,Y,-82.554607,36.554103,2024-04-20
0010237604,Johnson City Medical Center,400 North State Of Franklin Road,Johnson City,TN,37604,Washington,LEVEL I,Level I,General Acute Care,585,Y,-82.384563,36.307843,2024-04-20
0009038103,Le Bonheur Children'S Hospital,848 Adams Avenue,Memphis,TN,38103,Shelby,LEVEL I,Level I,Children,1593,Y,-90.031801,35.145051,2024-04-20
0005438570,Livingston Regional Hospital,315 Oak Street,Livingston,TN,38570,Overton,LEVEL III,Level III,General Acute Care,114,Y,-85.327584,36.385229,2024-04-20
0009138104,Methodist Healthcare - Memphis Hospitals,1265 Union Avenue,Memphis,TN,38104,Shelby,LEVEL I,Level I,General Acute Care,1593,Y,-90.019468,35.136669,2024-04-20
0009538103,Regional One Health,877 Jefferson Avenue,Memphis,TN,38103,Shelby,LEVEL I,Level I,General Acute Care,625,Y,-90.031829,35.141804,2024-04-20
0017138103,Regional One Health Extended Care Hospital,890 Madison Avenue 4th Floor,Memphis,TN,38103,Shelby,LEVEL I,Level I,Long Term Care,30,Y,-90.031953,35.140843,2024-04-20
0014837371,Starr Regional Medical Center,1114 West Madison Street,Athens,TN,37303,Mcminn,LEVEL III,Level III,General Acute Care,190,Y,-84.607353,35.440815,2024-04-20
0014737331,Starr Regional Medical Center Etowah,886 Highway 411 North,Etowah,TN,37331,Mcminn,LEVEL III,Level III,General Acute Care,190,Y,-84.522719,35.345099,2024-04-20
0009937066,Sumner Regional Medical Center,555 Hartsville Pike,Gallatin,TN,37066,Sumner,LEVEL III,Level III,General Acute Care,167,Y,-86.434096,36.390014,2024-04-20
0004137920,The University Of Tennessee Medical Center,1924 Alcoa Highway,Knoxville,TN,37920,Knox,LEVEL I,Level I,General Acute Care,710,Y,-83.943884,35.940447,2024-04-20
0011837075,Tristar Hendersonville Medical Center,355 New Shackle Island Road,Hendersonville,TN,37075,Sumner,LEVEL III,Level III,General Acute Care,159,Y,-86.622234,36.324819,2024-04-20
0016037055,Tristar Horizon Medical Center,111 Highway 70 East,Dickson,TN,37055,Dickson,LEVEL III,Level III,General Acute Care,158,Y,-87.375727,36.073306,2024-04-20
0002237207,Tristar Skyline Medical Center,3441 Dickerson Pike,Nashville,TN,37207,Davidson,LEVEL II,Level II,General Acute Care,407,Y,-86.749619,36.245341,2024-04-20
0010737167,Tristar Stonecrest Medical Center,200 Stonecrest Blvd,Smyrna,TN,37167,Rutherford,LEVEL III,Level III,General Acute Care,115,Y,-86.565202,35.975034,2024-04-20
0003237076,Tristar Summit Medical Center,5655 Frist Boulevard,Hermitage,TN,37076,Davidson,LEVEL III,Level III,General Acute Care,218,Y,-86.608375,36.176379,2024-04-20
0015837232,Vanderbilt University Medical Center,1211 Medical Center Drive,Nashville,TN,37232,Davidson,LEVEL I,Level I,General Acute Care,1175,Y,-86.802167,36.140836,2024-04-20
0032376549,Adventhealth Central Texas,2201 South Clear Creek Road,Killeen,TX,76549,Bell,LEVEL IV,Level IV,General Acute Care,170,Y,-97.801671,31.11345,2024-03-08
0033676550,Adventhealth Rollins Brook,608 North Key Avenue,Lampasas,TX,76550,Lampasas,LEVEL IV,Level IV,Critical Access,25,Y,-98.186225,31.072186,2024-03-08
0036578648,Ascension Seton Edgar B Davis,130 Hays Street,Luling,TX,78648,Caldwell,LEVEL IV,Level IV,Critical Access,24,Y,-97.6545,29.673175,2024-03-08
0032978640,Ascension Seton Hays,6001 Kyle Parkway,Kyle,TX,78640,Hays,LEVEL II,Level II,General Acute Care,154,Y,-97.852977,30.00841,2024-03-08
0009778611,Ascension Seton Highland Lakes,3201 South Water Street,Burnet,TX,78611,Burnet,LEVEL IV,Level IV,Critical Access,25,Y,-98.236859,30.733058,2024-03-08
0002478705,Ascension Seton Medical Center Austin,1201 West 38th Street,Austin,TX,78705,Travis,LEVEL IV,Level IV,General Acute Care,524,Y,-97.745608,30.305002,2024-03-08
0003778759,Ascension Seton Northwest,11113 Research Boulevard,Austin,TX,78759,Travis,LEVEL IV,Level IV,General Acute Care,117,Y,-97.743605,30.404928,2024-03-08
0050378957,Ascension Seton Smithville,1201 Hill Road,Smithville,TX,78957,Bastrop,LEVEL IV,Level IV,General Acute Care,8,Y,-97.13604,30.003901,2024-03-08
0003878737,Ascension Seton Southwest,7900 Fm 1826,Austin,TX,78737,Travis,LEVEL IV,Level IV,General Acute Care,28,Y,-97.892092,30.226584,2024-03-08
0045078665,Ascension Seton Williamson,201 Seton Parkway,Round Rock,TX,78665,Williamson,LEVEL II,Level II,General Acute Care,149,Y,-97.651387,30.566762,2024-03-08
0007076821,Ballinger Memorial Hospital District,608 Avenue B,Ballinger,TX,76821,Runnels,LEVEL IV,Level IV,Critical Access,25,Y,-99.96291,31.749973,2024-03-08
0007277704,Baptist Hospitals Of Southeast Texas,3080 College Street,Beaumont,TX,77701,Jefferson,LEVEL IV,Level IV,General Acute Care,363,Y,-94.12004,30.070609,2024-03-08
0045778205,Baptist Medical Center,111 Dallas Street,San Antonio,TX,78205,Bexar,LEVEL IV,Level IV,General Acute Care,607,Y,-98.492641,29.433589,2024-03-08
0000679106,Baptist St Anthonys Hospital,1600 Wallace Blvd,Amarillo,TX,79106,Potter,LEVEL IV,Level IV,General Acute Care,445,Y,-101.920316,35.196452,2024-03-08
0196785563,Baylor Scott & White Medical Center - Waxahachie,2400 N Ih 35 E,Waxahachie,TX,75165,Ellis,LEVEL IV,Level IV,General Acute Care,122,Y,-96.857954,32.427424,2025-01-10
0020176101,Baylor Scott And White All Saints Medical Center - Fort Worth,1400 8th Ave,Fort Worth,TX,76104,Tarrant,LEVEL III,Level III,General Acute Care,538,Y,-97.345542,32.730224,2024-03-08
0050776502,Baylor Scott And White Mclane Childrens Medical Center,1901 Sw H K Dodgen Loop,Temple,TX,76502,Bell,LEVEL II,Level II,Children,64,Y,-97.375465,31.07255,2024-03-08
0007677833,Baylor Scott And White Medical Center - Brenham,700 Medical Pkwy,Brenham,TX,77833,Washington,LEVEL IV,Level IV,General Acute Care,60,Y,-96.399321,30.145673,2024-03-08
0021575035,Baylor Scott And White Medical Center - Centennial,12505 Lebanon Rd,Frisco,TX,75035,Collin,LEVEL III,Level III,General Acute Care,118,Y,-96.770915,33.114274,2024-03-08
0141177845,Baylor Scott And White Medical Center - College Station,700 Scott And White Dr,College Station,TX,77845,Brazos,LEVEL III,Level III,General Acute Care,142,Y,-96.279395,30.582318,2024-03-08
0022676051,Baylor Scott And White Medical Center - Grapevine,1650 W College St,Grapevine,TX,76051,Tarrant,LEVEL II,Level II,General Acute Care,302,Y,-97.094383,32.93443,2024-03-08
0000000051,Baylor Scott And White Medical Center - Hillcrest,100 Hillcrest Medical Blv,Waco,TX,76712,Mclennan,LEVEL II,Level II,General Acute Care,260,Y,-97.157543,31.489183,2024-03-08
0045275088,Baylor Scott And White Medical Center - Lake Pointe,6800 Scenic Drive,Rowlett,TX,75088,Rockwall,LEVEL III,Level III,General Acute Care,176,Y,-96.508719,32.918019,2024-03-08
0139878738,Baylor Scott And White Medical Center - Lakeway,100 Medical Pkwy,Lakeway,TX,78738,Travis,LEVEL IV,Level IV,General Acute Care,106,Y,-97.97153,30.332941,2024-03-08
0072778654,Baylor Scott And White Medical Center - Marble Falls,810 W Highway 71,Marble Falls,TX,78654,Burnet,LEVEL IV,Level IV,General Acute Care,46,Y,-98.304538,30.512811,2024-03-08
0134475071,Baylor Scott And White Medical Center - Mckinney,5252 W University Dr,Mckinney,TX,75071,Collin,LEVEL III,Level III,General Acute Care,143,Y,-96.682601,33.220972,2024-03-08
0044878665,Baylor Scott And White Medical Center - Round Rock,300 University Blvd,Round Rock,TX,78665,Williamson,LEVEL IV,Level IV,General Acute Care,101,Y,-97.684782,30.563396,2024-03-08
0051276574,Baylor Scott And White Medical Center - Taylor,305 Mallard Ln,Taylor,TX,76574,Williamson,LEVEL IV,Level IV,Critical Access,25,Y,-97.415382,30.590944,2024-03-08
0051476508,Baylor Scott And White Medical Center - Temple,2401 S 31st St,Temple,TX,76508,Bell,LEVEL I,Level I,General Acute Care,574,Y,-97.363448,31.077447,2024-03-08
0168275246,Baylor University Medical Center,3500 Gaston Avenue,Dallas,TX,75246,Dallas,LEVEL I,Level I,General Acute Care,914,Y,-96.780273,32.789585,2024-03-08
0006277514,Bayside Community Hospital,200 Hospital Drive,Anahuac,TX,77514,Chambers,LEVEL IV,Level IV,Critical Access,14,Y,-94.687447,29.752557,2024-03-08
0007477418,Bellville Medical Center,44 North Cummings Street,Bellville,TX,77418,Austin,LEVEL IV,Level IV,General Acute Care,30,Y,-96.260098,29.953158,2024-03-08
0005479830,Big Bend Regional Medical Center,2600 Highway 118 North,Alpine,TX,79830,Brewster,LEVEL IV,Level IV,Critical Access,25,N,-103.670481,30.383944,2024-03-08
0000000025,Brooke Army Medical Center,"3551 Roger Brooke Drive, Building 3600",Fort Sam Houston,TX,78234,Bexar,LEVEL I,Level I,Military,483,Y,-98.415591,29.460096,2024-04-22
0008979316,Brownfield Regional Medical Center,705 East Felt Street,Brownfield,TX,79316,Terry,LEVEL IV,Level IV,General Acute Care,48,Y,-102.267414,33.18773,2024-03-08
0000000004,Carl R. Darnall Army Medical Center,36065 Santa Fe Avenue,Fort Hood,TX,76544,Bell,LEVEL III,Level III,Military,128,N,-97.77429,31.130906,2024-04-22
0010078613,Cedar Park Regional Medical Center,1401 Medical Parkway,Cedar Park,TX,78613,Williamson,LEVEL IV,Level IV,General Acute Care,126,Y,-97.812191,30.532363,2024-03-08
0011377842,Chi St Joseph Health - College Station Hospital,1604 Rock Prairie Road,College Station,TX,77845,Brazos,LEVEL III,Level III,General Acute Care,147,Y,-96.28999,30.581324,2024-03-08
0009877836,Chi St Joseph Health Burleson Hospital,1101 Woodson Drive,Caldwell,TX,77836,Burleson,LEVEL IV,Level IV,Critical Access,25,Y,-96.716287,30.52023,2024-03-08
0039977868,Chi St Joseph Health Grimes Hospital,210 South Judson,Navasota,TX,77868,Grimes,LEVEL IV,Level IV,Critical Access,25,Y,-96.077672,30.392449,2024-03-08
0036777864,Chi St Joseph Health Madison Hospital,100 West Cross Street,Madisonville,TX,77864,Madison,LEVEL IV,Level IV,Critical Access,25,Y,-95.911106,30.942082,2024-03-08
0033077566,Chi St Lukes Health - Brazosport,100 Medical Drive,Lake Jackson,TX,77566,Brazoria,LEVEL III,Level III,General Acute Care,154,Y,-95.452745,29.029501,2024-03-08
0034677351,Chi St Lukes Health - Memorial Livingston,1717 Highway 59 Bypass,Livingston,TX,77351,Polk,LEVEL IV,Level IV,General Acute Care,66,Y,-94.939392,30.730872,2024-03-08
0036475902,Chi St Lukes Health Memorial Lufkin,1201 W Frank Ave,Lufkin,TX,75904,Angelina,LEVEL IV,Level IV,General Acute Care,279,Y,-94.741855,31.336191,2024-03-08
0134878207,Childrens Hospital Of San Antonio,333 North Santa Rosa Street,San Antonio,TX,78207,Bexar,LEVEL III,Level III,Children,652,Y,-98.498376,29.428037,2024-03-08
0014075235,Childrens Medical Center Of Dallas,1935 Medical District Drive,Dallas,TX,75235,Dallas,LEVEL I,Level I,Children,490,Y,-96.837474,32.809186,2024-03-08
0073175024,Childrens Medical Center Plano,7601 Preston Road,Plano,TX,75024,Collin,LEVEL IV,Level IV,Children,72,Y,-96.800445,33.07853,2024-03-08
0010579201,Childress Regional Medical Center,901 Us Highway 83 N,Childress,TX,79201,Childress,LEVEL IV,Level IV,Children,39,Y,-100.226733,34.439267,2024-03-08
0034875601,Christus Good Shepherd Medical Center - Longview,700 E Marshall Avenue,Longview,TX,75601,Gregg,LEVEL III,Level III,General Acute Care,425,Y,-94.729854,32.50075,2024-03-08
0037175671,Christus Good Shepherd Medical Center - Marshall,811 South Washington,Marshall,TX,75670,Harrison,LEVEL IV,Level IV,General Acute Care,149,N,-94.369462,32.536806,2024-03-08
0031275766,Christus Mother Frances Hospital - Jacksonville,2026 South Jackson,Jacksonville,TX,75766,Cherokee,LEVEL IV,Level IV,Critical Access,25,Y,-95.247774,31.938526,2024-03-08
0052575483,Christus Mother Frances Hospital - Sulphur Springs,115 Airport Road,Sulphur Springs,TX,75482,Hopkins,LEVEL IV,Level IV,General Acute Care,96,Y,-95.600145,33.157628,2024-03-08
0053375701,Christus Mother Frances Hospital - Tyler,800 East Dawson,Tyler,TX,75701,Smith,LEVEL II,Level II,General Acute Care,553,Y,-95.29164,32.342769,2024-03-08
0057375494,Christus Mother Frances Hospital - Winnsboro,719 West Coke Road,Winnsboro,TX,75494,Wood,LEVEL IV,Level IV,Critical Access,25,Y,-95.30728,32.944538,2024-03-08
0071778209,Christus Santa Rosa Hospital - Alamo Heights,403 Treeline Park,San Antonio,TX,78209,Bexar,LEVEL IV,Level IV,General Acute Care,36,N,-98.476048,29.505802,2024-03-08
0134978229,Christus Santa Rosa Hospital - Medical Center,2827 Babcock Road,San Antonio,TX,78229,Bexar,LEVEL IV,Level IV,General Acute Care,174,Y,-98.590137,29.512813,2024-03-08
0136578130,Christus Santa Rosa Hospital - New Braunfels,600 North Union Avenue,New Braunfels,TX,78130,Comal,LEVEL IV,Level IV,General Acute Care,132,Y,-98.123088,29.715355,2024-03-08
0048278666,Christus Santa Rosa Hospital - San Marcos,1301 Wonder World Drive,San Marcos,TX,78666,Hays,LEVEL IV,Level IV,General Acute Care,170,Y,-97.945904,29.852482,2024-03-08
0000000047,Christus Santa Rosa Hospital - Westover Hills,11212 State Highway 151,San Antonio,TX,78251,Bexar,LEVEL IV,Level IV,General Acute Care,150,Y,-98.69591,29.466734,2024-03-08
0031375951,Christus Southeast Texas - Jasper Memorial,1275 Marvin Hancock Drive,Jasper,TX,75951,Jasper,LEVEL IV,Level IV,General Acute Care,59,Y,-94.009553,30.907895,2024-03-08
0007377726,Christus Southeast Texas - St Elizabeth And St Mary,2830 Calder,Beaumont,TX,77702,Jefferson,LEVEL III,Level III,General Acute Care,425,Y,-94.131808,30.087342,2024-03-08
0000378332,Christus Spohn Hospital Alice,2500 East Main Street,Alice,TX,78332,Jim Wells,LEVEL IV,Level IV,General Acute Care,135,Y,-98.041726,27.764016,2024-03-08
0005878102,Christus Spohn Hospital Beeville,1500 East Houston Highway,Beeville,TX,78102,Bee,LEVEL IV,Level IV,General Acute Care,69,Y,-97.731544,28.407428,2024-03-08
0012478412,Christus Spohn Hospital Corpus Christi,2606 Hospital Boulevard,Corpus Christi,TX,78405,Nueces,LEVEL II,Level II,Special,100,Y,-97.416365,27.77989,2024-03-08
0079478404,Christus Spohn Hospital Corpus Christi Shoreline,600 Elizabeth Street,Corpus Christi,TX,78404,Nueces,LEVEL II,Level II,General Acute Care,787,Y,-97.394748,27.778094,2024-03-08
0000000039,Christus Spohn Hospital Corpus Christi South,5950 Saratoga Boulevard,Corpus Christi,TX,78414,Nueces,LEVEL IV,Level IV,General Acute Care,153,Y,-97.377533,27.684068,2024-03-08
0032778364,Christus Spohn Hospital Kleberg,1311 East General Cavazos Boulevard,Kingsville,TX,78363,Kleberg,LEVEL IV,Level IV,General Acute Care,96,Y,-97.850654,27.490073,2024-03-08
0053075504,Christus St Michael Health System,2600 St Michael Drive,Texarkana,TX,75503,Bowie,LEVEL III,Level III,General Acute Care,311,Y,-94.075493,33.464179,2024-03-08
0006575551,Christus St Michael Hospital - Atlanta,1007 South William Street,Atlanta,TX,75551,Cass,LEVEL IV,Level IV,General Acute Care,43,Y,-94.16312,33.105433,2024-03-08
0054777901,Citizens Medical Center,2701 Hospital Drive,Victoria,TX,77901,Victoria,LEVEL III,Level III,General Acute Care,317,Y,-96.977739,28.812877,2024-03-08
0049779549,Cogdell Memorial Hospital,1700 Cogdell Blvd,Snyder,TX,79549,Scurry,LEVEL IV,Level IV,Critical Access,25,Y,-100.917093,32.687932,2024-03-08
0011276834,Coleman County Medical Center Company,310 South Pecos Street,Coleman,TX,76834,Coleman,LEVEL IV,Level IV,Critical Access,25,N,-99.425623,31.828543,2024-03-08
0056179095,Collingsworth General Hospital,1013 15th Street,Wellington,TX,79095,Collingsworth,LEVEL IV,Level IV,Critical Access,13,Y,-100.212192,34.848601,2024-03-08
0011578934,Columbus Community Hospital,110 Shult Dr,Columbus,TX,78934,Colorado,LEVEL IV,Level IV,General Acute Care,40,Y,-96.543311,29.694518,2024-03-08
0011776442,Comanche County Medical Center,10201 Highway 16 North,Comanche,TX,76442,Comanche,LEVEL IV,Level IV,Critical Access,25,Y,-98.561568,31.984291,2024-03-08
0017276837,Concho County Hospital,614 Eaker Street,Eden,TX,76837,Concho,LEVEL IV,Level IV,Critical Access,16,Y,-99.848114,31.221293,2024-03-08
0019778114,Connally Memorial Medical Center,499 10th Street,Floresville,TX,78114,Wilson,LEVEL IV,Level IV,General Acute Care,44,Y,-98.174973,29.158501,2024-03-08
0019676104,Cook Childrens Medical Center,801 Seventh Avenue,Fort Worth,TX,76104,Tarrant,LEVEL II,Level II,Children,444,Y,-97.341405,32.737072,2024-03-08
0013775204,Coon Memorial Hospital And Home,1411 Denver Avenue,Dalhart,TX,79022,Hartley,LEVEL IV,Level IV,Critical Access,21,N,-102.521484,36.051261,2024-03-08
0135478414,Corpus Christi Rehabilitation Hospital,5726 Esplanade Drive,Corpus Christi,TX,78414,Nueces,LEVEL IV,Level IV,Rehabilitation,35,Y,-97.378055,27.688449,2024-03-08
0022476528,Coryell Memorial Hospital,1507 West Main Street,Gatesville,TX,76528,Coryell,LEVEL IV,Level IV,Critical Access,25,Y,-97.779199,31.435137,2024-03-08
0035579408,Covenant Childrens Hospital,4015 22nd Place,Lubbock,TX,79410,Lubbock,LEVEL II,Level II,Children,227,Y,-101.900592,33.573403,2024-03-08
0034179336,Covenant Hospital Levelland,1900 College Avenue,Levelland,TX,79336,Hockley,LEVEL IV,Level IV,General Acute Care,48,Y,-102.368897,33.572687,2024-03-08
0041979072,Covenant Hospital Plainview,2601 Dimmit Road,Plainview,TX,79072,Hale,LEVEL IV,Level IV,General Acute Care,68,Y,-101.732946,34.206757,2024-03-08
0035279408,Covenant Medical Center,3615 19th Street,Lubbock,TX,79410,Lubbock,LEVEL II,Level II,General Acute Care,381,Y,-101.891995,33.576939,2024-03-08
0013879022,Cuero Regional Hospital,2550 North Esplanade,Cuero,TX,77954,Dewitt,LEVEL IV,Level IV,General Acute Care,49,Y,-97.283341,29.112615,2024-03-08
0054479855,Culberson Hospital,Eisenhower-Fm 2185,Van Horn,TX,79855,Culberson,LEVEL IV,Level IV,Critical Access,14,Y,-104.827509,31.049173,2024-03-08
0059375381,Dallas Medical Center,7 Medical Parkway,Dallas,TX,75234,Dallas,LEVEL IV,Level IV,General Acute Care,155,N,-96.869796,32.915261,2024-03-08
0037975149,Dallas Regional Medical Center,1011 North Galloway Ave,Mesquite,TX,75149,Dallas,LEVEL IV,Level IV,General Acute Care,202,Y,-96.60051,32.77879,2024-03-08
0075279925,Del Sol Medical Center A Campus Of Lpds Healthcare,10301 Gateway Boulevard West,El Paso,TX,79925,El Paso,LEVEL II,Level II,General Acute Care,315,Y,-106.349952,31.756492,2024-03-08
0006878746,Dell Childrens Medical Center,4900 Mueller Blvd,Austin,TX,78723,Travis,LEVEL I,Level I,Children,227,Y,-97.707022,30.303111,2024-03-08
0171078701,Dell Seton Medical Center At The University Of Texas,1500 Red River Street,Austin,TX,78701,Travis,LEVEL I,Level I,General Acute Care,210,Y,-97.733848,30.27639,2024-03-08
0054877902,Detar Healthcare System,506 East San Antonio Street,Victoria,TX,77901,Victoria,LEVEL III,Level III,General Acute Care,163,Y,-96.998344,28.80807,2024-03-08
0081977904,Detar Healthcare System,101 Medical Drive,Victoria,TX,77904,Victoria,LEVEL IV,Level IV,General Acute Care,115,Y,-97.019686,28.85434,2024-03-08
0010178834,Dimmit Regional Hospital,704 Hospital Drive,Carrizo Springs,TX,78834,Dimmit,LEVEL IV,Level IV,Critical Access,25,Y,-99.863398,28.519235,2024-03-08
0017578539,Doctors Hospital At Renaissance,5501 South Mccoll,Edinburg,TX,78539,Hidalgo,LEVEL I,Level I,General Acute Care,235,N,-98.204954,26.252712,2024-03-08
0033378045,Doctors Hospital Of Laredo,10700 Mcpherson Road,Laredo,TX,78045,Webb,LEVEL III,Level III,General Acute Care,171,Y,-99.478476,27.606914,2024-03-08
0012378404,Driscoll Childrens Hospital,3533 South Alameda,Corpus Christi,TX,78411,Nueces,LEVEL III,Level III,Children,191,Y,-97.386285,27.74851,2024-03-08
0017176448,Eastland Memorial Hospital,304 South Daugherty,Eastland,TX,76448,Eastland,LEVEL IV,Level IV,General Acute Care,52,Y,-98.821142,32.399821,2024-03-08
0017777437,El Campo Memorial Hospital,303 Sandy Corner Road,El Campo,TX,77437,Wharton,LEVEL IV,Level IV,General Acute Care,49,Y,-96.29119,29.2185,2024-03-08
0015579930,El Paso Va Health Care System,5001 N Piedras,El Paso,TX,79930,El Paso,LEVEL III,Level III,Military,,Y,-106.462482,31.820796,2024-04-22
0019276360,Electra Memorial Hospital,1207 South Bailey Street,Electra,TX,76360,Wichita,LEVEL IV,Level IV,Critical Access,19,N,-98.924898,34.018027,2024-03-08
0019375119,Ennis Regional Medical Center,2201 West Lampasas Street,Ennis,TX,75119,Ellis,LEVEL IV,Level IV,General Acute Care,60,Y,-96.641491,32.306725,2024-03-08
0078676458,Faith Community Hospital,215 Chisholm Trail,Jacksboro,TX,76458,Jack,LEVEL IV,Level IV,General Acute Care,17,Y,-98.166939,33.230668,2024-03-08
0037076661,Falls Community Hospital And Clinic,322 Coleman Street,Marlin,TX,76661,Falls,LEVEL IV,Level IV,General Acute Care,36,N,-96.894003,31.307202,2024-03-08
0044979546,Fisher County Hospital District,774 State Hwy 70 North,Rotan,TX,79546,Fisher,LEVEL IV,Level IV,Critical Access,14,Y,-100.436043,32.83344,2024-03-08
0017078852,Fort Duncan Regional Medical Center,3333 North Foster Maldonado,Eagle Pass,TX,78852,Maverick,LEVEL IV,Level IV,General Acute Care,101,Y,-100.455701,28.712992,2024-03-08
0019475840,Freestone Medical Center,125 Newman Street,Fairfield,TX,75840,Freestone,LEVEL IV,Level IV,General Acute Care,37,Y,-96.170598,31.725344,2024-03-08
0042878061,Frio Regional Hospital,200 S Ih-35,Pearsall,TX,78061,Frio,LEVEL IV,Level IV,Critical Access,22,Y,-99.117257,28.896305,2024-03-08
0137479007,Golden Plains Community Hospital,100 Medical Drive,Borger,TX,79007,Hutchinson,LEVEL IV,Level IV,Critical Access,25,Y,-101.409181,35.655138,2024-03-08
0011176634,Goodall - Witcher Hospital,101 Posey Ave,Clifton,TX,76634,Bosque,LEVEL IV,Level IV,Critical Access,25,Y,-97.588926,31.776853,2024-03-08
0023376450,Graham Hospital District,1301 Montgomery Road,Graham,TX,76450,Young,LEVEL IV,Level IV,General Acute Care,25,Y,-98.583967,33.089582,2024-03-08
0048378155,Guadalupe Regional Medical Center,1215 East Court Street,Seguin,TX,78155,Guadalupe,LEVEL IV,Level IV,General Acute Care,153,Y,-97.947237,29.567845,2024-03-08
0023876531,Hamilton General Hospital,400 North Brown Avenue,Hamilton,TX,76531,Hamilton,LEVEL IV,Level IV,Critical Access,25,Y,-98.11378,31.70438,2024-03-08
0040776374,Hamilton Hospital,901 West Hamilton Street,Olney,TX,76374,Young,LEVEL IV,Level IV,Critical Access,25,Y,-98.764305,33.369365,2024-03-08
0049879081,Hansford County Hospital,707 South Roland,Spearman,TX,79081,Hansford,LEVEL IV,Level IV,Critical Access,14,N,-101.199614,36.190277,2024-03-08
0043779252,Hardeman County Memorial Hospital,402 Mercer Street,Quanah,TX,79252,Hardeman,LEVEL IV,Level IV,Critical Access,24,Y,-99.741548,34.296194,2024-03-08
0023978550,Harlingen Medical Center,5501 South Expressway 77,Harlingen,TX,78550,Cameron,LEVEL IV,Level IV,General Acute Care,112,Y,-97.675303,26.15745,2024-03-08
0026777030,Harris Health System Ben Taub Hospital,1504 Taub Loop,Houston,TX,77030,Harris,LEVEL I,Level I,General Acute Care,402,Y,-95.394552,29.710982,2024-03-08
0000000053,Harris Health System Lyndon B Johnson Hospital,5656 Kelley Street,Houston,TX,77026,Harris,LEVEL III,Level III,General Acute Care,215,N,-95.311882,29.811933,2024-03-08
0055577598,Hca Houston Healthcare Clear Lake,500 Medical Center Boulevard,Webster,TX,77598,Harris,LEVEL II,Level II,General Acute Care,532,Y,-95.127815,29.541307,2024-03-08
0011877304,Hca Houston Healthcare Conroe,504 Medical Center Boulevard,Conroe,TX,77304,Montgomery,LEVEL II,Level II,General Acute Care,328,Y,-95.468005,30.284724,2024-03-08
0033177339,Hca Houston Healthcare Kingwood,22999 Us Highway 59,Kingwood,TX,77339,Montgomery,LEVEL III,Level III,General Acute Care,457,Y,-95.255076,30.050068,2024-03-08
0051577591,Hca Houston Healthcare Mainland,6801 Emmett F Lowery Expressway,Texas City,TX,77591,Galveston,LEVEL IV,Level IV,General Acute Care,222,Y,-94.986049,29.394087,2024-03-08
0025777090,Hca Houston Healthcare Northwest,710 Cypress Creek Parkway,Houston,TX,77090,Harris,LEVEL III,Level III,General Acute Care,417,Y,-95.442714,30.020441,2024-03-08
0072577584,Hca Houston Healthcare Pearland,11100 Shadow Creek Parkway,Pearland,TX,77584,Brazoria,LEVEL IV,Level IV,General Acute Care,53,Y,-95.390198,29.577792,2024-03-08
0041577504,Hca Houston Healthcare Southeast,4000 Spencer Highway,Pasadena,TX,77504,Harris,LEVEL III,Level III,General Acute Care,341,Y,-95.183815,29.66106,2024-03-08
0052377375,Hca Houston Healthcare Tomball,605 Holderrieth Boulevard,Tomball,TX,77375,Harris,LEVEL III,Level III,General Acute Care,350,Y,-95.623696,30.087304,2024-03-08
0026177082,Hca Houston Healthcare West,12141 Richmond Avenue,Houston,TX,77082,Harris,LEVEL IV,Level IV,General Acute Care,273,Y,-95.594484,29.729342,2024-03-08
0003578756,Heart Hospital Of Austin - A Campus Of St Davids Medical Center,3801 North Lamar,Austin,TX,78756,Travis,LEVEL IV,Level IV,General Acute Care,58,Y,-97.741104,30.305829,2024-03-08
0008476825,Heart Of Texas Healthcare System,2008 Nine Road,Brady,TX,76825,Mcculloch,LEVEL IV,Level IV,Critical Access,25,Y,-99.346854,31.117689,2024-03-08
0009579014,Hemphill County Hospital,1020 South 4th Street,Canadian,TX,79014,Hemphill,LEVEL IV,Level IV,General Acute Care,26,N,-100.388257,35.903393,2024-03-08
0002079601,Hendrick Medical Center,1900 Pine,Abilene,TX,79601,Taylor,LEVEL III,Level III,General Acute Care,540,Y,-99.733954,32.472176,2024-03-08
0009476804,Hendrick Medical Center Brownwood,1501 Burnett Rd,Brownwood,TX,76801,Brown,LEVEL IV,Level IV,General Acute Care,188,Y,-98.993834,31.677344,2024-03-08
0005079606,Hendrick Medical Center South,6250 Us Highway 83,Abilene,TX,79606,Taylor,LEVEL IV,Level IV,General Acute Care,231,Y,-99.743728,32.375069,2024-03-08
0137779045,Hereford Regional Medical Center,540 West 15th Street,Hereford,TX,79045,Deaf Smith,LEVEL IV,Level IV,General Acute Care,42,Y,-102.413987,34.839519,2024-03-08
0022078624,Hill Country Memorial Hospital,1020 State Highway 16 South,Fredericksburg,TX,78624,Gillespie,LEVEL IV,Level IV,General Acute Care,84,Y,-98.881843,30.262519,2024-03-08
0024876645,Hill Regional Hospital,101 Circle Drive,Hillsboro,TX,76645,Hill,LEVEL IV,Level IV,Critical Access,25,Y,-97.09926,32.012631,2024-03-08
0023075401,Hunt Regional Medical Center Greenville,4215 Joe Ramsey Boulevard,Greenville,TX,75401,Hunt,LEVEL IV,Level IV,General Acute Care,167,Y,-96.123971,33.122314,2024-03-08
0030377338,Huntsville Memorial Hospital,110 Memorial Hospital Drive,Huntsville,TX,77340,Walker,LEVEL IV,Level IV,General Acute Care,123,Y,-95.558987,30.69855,2024-03-08
0030679744,Iraan General Hospital,600 Highway 349 North,Iraan,TX,79744,Pecos,LEVEL IV,Level IV,Critical Access,14,Y,-101.907444,30.914831,2024-03-08
0017677957,Jackson County Hospital,1013 South Wells Street,Edna,TX,77957,Jackson,LEVEL IV,Level IV,Critical Access,25,Y,-96.635887,28.969105,2024-03-08
0020076104,John Peter Smith Hospital,1500 S Main St,Fort Worth,TX,76104,Tarrant,LEVEL I,Level I,General Acute Care,542,Y,-97.327101,32.72708,2024-03-08
0031576849,Kimble Hospital,349 Reid Road,Junction,TX,76849,Kimble,LEVEL IV,Level IV,Critical Access,15,Y,-99.780561,30.498473,2024-03-08
0056278599,Knapp Medical Center,1401 East Eighth Street,Weslaco,TX,78596,Hidalgo,LEVEL III,Level III,General Acute Care,227,Y,-97.977619,26.153228,2024-03-08
0033279529,Knox County Hospital,701 Southeast 5th Street,Knox City,TX,79529,Knox,LEVEL IV,Level IV,Critical Access,25,N,-99.811553,33.413805,2024-03-08
0022576048,Lake Granbury Medical Center,1310 Paluxy Road,Granbury,TX,76048,Hood,LEVEL IV,Level IV,General Acute Care,73,Y,-97.803848,32.432489,2024-03-08
0034479339,Lamb Healthcare Center,1500 South Sunset,Littlefield,TX,79339,Lamb,LEVEL IV,Level IV,General Acute Care,75,Y,-102.344295,33.911707,2024-03-08
0033878044,Laredo Medical Center,1700 East Saunders Street,Laredo,TX,78041,Webb,LEVEL III,Level III,General Acute Care,326,Y,-99.478292,27.53286,2024-03-08
0018079902,Las Palmas Medical Center A Campus Of Lpds Healthcare,1801 North Oregon Street,El Paso,TX,79902,El Paso,LEVEL III,Level III,General Acute Care,296,Y,-106.499076,31.769836,2024-03-08
0023777964,Lavaca Medical Center,1400 North Texana Street,Hallettsville,TX,77964,Lavaca,LEVEL IV,Level IV,Critical Access,25,Y,-96.938213,29.457403,2024-03-08
0050476950,Lillian M Hudspeth Memorial Hospital,308 Hudspeth Avenue,Sonora,TX,76950,Sutton,LEVEL IV,Level IV,Critical Access,12,Y,-100.634436,30.563409,2024-03-08
0023576642,Limestone Medical Center,701 Mcclintic,Groesbeck,TX,76642,Limestone,LEVEL IV,Level IV,Critical Access,20,N,-96.531211,31.532711,2024-03-08
0035075607,Longview Regional Medical Center,2901 North Fourth Street,Longview,TX,75605,Gregg,LEVEL III,Level III,General Acute Care,224,Y,-94.730514,32.532885,2024-03-08
0052779373,Lynn County Hospital District,2600 Lockwood,Tahoka,TX,79373,Lynn,LEVEL IV,Level IV,Critical Access,24,Y,-101.816151,33.167282,2024-03-08
0004877414,Matagorda Regional Medical Center,104 7th Street,Bay City,TX,77414,Matagorda,LEVEL IV,Level IV,General Acute Care,58,Y,-95.991677,28.980047,2024-03-08
0033579331,Medical Arts Hospital,2200 North Bryan Avenue,Lamesa,TX,79331,Dawson,LEVEL IV,Level IV,General Acute Care,21,Y,-101.967542,32.749201,2024-03-08
0196784843,Medical Center Hospital,500 W 4th St,Odessa,TX,79761,Ector,LEVEL III,Level III,General Acute Care,402,Y,-102.373685,31.84526,2024-03-08
0080876177,Medical City Alliance,3101 N Tarrant Pkwy,Fort Worth,TX,76177,Tarrant,LEVEL III,Level III,General Acute Care,99,Y,-97.313929,32.900293,2024-03-08
0004176015,Medical City Arlington,3301 Matlock Rd,Arlington,TX,76015,Tarrant,LEVEL II,Level II,General Acute Care,431,Y,-97.112716,32.692325,2024-03-08
0058375230,Medical City Dallas Hospital,7777 Forest Ln,Dallas,TX,75230,Dallas,LEVEL IV,Level IV,General Acute Care,899,Y,-96.774074,32.911933,2024-03-08
0015776210,Medical City Denton,3535 South I-35 East,Denton,TX,76210,Denton,LEVEL II,Level II,General Acute Care,208,Y,-97.091433,33.177875,2024-03-08
0196785556,Medical City Frisco A Medical Center Of Plano Facility,5500 Frisco Square Blvd,Frisco,TX,75034,Collin,LEVEL III,Level III,General Acute Care,69,NOT AVAILABLE,-96.838952,33.151036,2025-01-10
0030875039,Medical City Las Colinas,6800 N Macarthur Blvd,Irving,TX,75039,Dallas,LEVEL III,Level III,General Acute Care,99,Y,-96.956565,32.901733,2024-03-08
0034075057,Medical City Lewisville,500 W Main St,Lewisville,TX,75057,Denton,LEVEL III,Level III,General Acute Care,186,Y,-97.004763,33.045246,2024-03-08
0037475069,Medical City Mckinney,4500 Medical Center Dr,Mckinney,TX,75069,Collin,LEVEL III,Level III,General Acute Care,281,Y,-96.636693,33.159727,2024-03-08
0040276180,Medical City North Hills,4401 Booth Calloway Road,North Richland Hills,TX,76180,Tarrant,LEVEL III,Level III,General Acute Care,164,Y,-97.213506,32.829081,2024-03-08
0073375070,Medical City Of Mckinney - Wysong Campus,130 South Central Expressway,Mckinney,TX,75070,Collin,LEVEL III,Level III,Psychiatric,103,N,-96.640532,33.197297,2024-03-08
0042275075,Medical City Plano,3901 W 15th St,Plano,TX,75075,Collin,LEVEL I,Level I,General Acute Care,603,Y,-96.766015,33.020893,2024-03-08
0055776086,Medical City Weatherford,713 E Anderson St,Weatherford,TX,76086,Parker,LEVEL IV,Level IV,General Acute Care,103,Y,-97.785811,32.748118,2024-03-08
0025278861,Medina Regional Hospital,3100 Avenue E,Hondo,TX,78861,Medina,LEVEL IV,Level IV,Critical Access,25,N,-99.134483,29.334623,2024-03-08
0025577030,Memorial Hermann - Texas Medical Center,6411 Fannin,Houston,TX,77030,Harris,LEVEL I,Level I,General Acute Care,1220,Y,-95.396282,29.714551,2024-03-08
0196784233,Memorial Hermann Cypress Hospital,27800 Northwest Freeway,Cypress,TX,77433,Harris,LEVEL III,Level III,General Acute Care,105,Y,-95.732286,29.986435,2024-03-08
0026277008,Memorial Hermann Greater Heights Hospital,1635 North Loop West,Houston,TX,77008,Harris,LEVEL III,Level III,General Acute Care,260,Y,-95.430336,29.810736,2024-03-08
0031677494,Memorial Hermann Katy Hospital,23900 Katy Freeway,Katy,TX,77494,Harris,LEVEL III,Level III,General Acute Care,208,Y,-95.786255,29.787311,2024-03-08
0026677024,Memorial Hermann Memorial City Medical Center,921 Gessner Road,Houston,TX,77024,Harris,LEVEL IV,Level IV,General Acute Care,444,Y,-95.54676,29.781447,2024-03-08
0072477584,Memorial Hermann Pearland Hospital,16100 South Freeway,Pearland,TX,77584,Brazoria,LEVEL IV,Level IV,General Acute Care,64,Y,-95.38868,29.5635,2024-03-08
0026877089,Memorial Hermann Southeast Hospital,11800 Astoria Boulevard,Houston,TX,77089,Harris,LEVEL III,Level III,General Acute Care,295,Y,-95.207421,29.582485,2024-03-08
0027177074,Memorial Hermann Southwest Hospital,7600 Beechnut,Houston,TX,77074,Harris,LEVEL IV,Level IV,General Acute Care,543,Y,-95.521153,29.692718,2024-03-08
0050277479,Memorial Hermann Sugar Land Hospital,17500 West Grand Parkway South,Sugar Land,TX,77479,Fort Bend,LEVEL IV,Level IV,General Acute Care,179,Y,-95.690373,29.564402,2024-03-08
0051977380,Memorial Hermann The Woodlands Medical Center,9250 Pinecroft,The Woodlands,TX,77380,Montgomery,LEVEL III,Level III,General Acute Care,397,Y,-95.454342,30.174335,2024-03-08
0023178629,Memorial Hospital,1110 N Sarah Dewitt Drive,Gonzales,TX,78629,Gonzales,LEVEL IV,Level IV,General Acute Care,33,Y,-97.429343,29.517592,2024-03-08
0048479360,Memorial Hospital,209 Nw 8th Street,Seminole,TX,79360,Gaines,LEVEL IV,Level IV,Critical Access,33,Y,-102.654879,32.721628,2024-03-08
0016879029,Memorial Hospital,224 East Second Street,Dumas,TX,79029,Moore,LEVEL IV,Level IV,Critical Access,25,N,-101.970558,35.864496,2024-03-08
0043677979,Memorial Medical Center,815 North Virginia Street,Port Lavaca,TX,77979,Calhoun,LEVEL IV,Level IV,Critical Access,25,Y,-96.632351,28.620303,2024-03-08
0058475237,Methodist Charlton Medical Center,3500 W Wheatland Rd,Dallas,TX,75237,Dallas,LEVEL III,Level III,General Acute Care,314,Y,-96.876849,32.645762,2024-03-08
0059275265,Methodist Dallas Medical Center,1441 North Beckley Avenue,Dallas,TX,75203,Dallas,LEVEL I,Level I,General Acute Care,592,Y,-96.826024,32.760374,2024-03-08
0046278229,Methodist Hospital,7700 Floyd Curl Drive,San Antonio,TX,78229,Bexar,LEVEL III,Level III,General Acute Care,996,Y,-98.572478,29.508213,2024-03-08
0047878258,Methodist Hospital - Stone Oak,1139 East Sonterra Blvd,San Antonio,TX,78258,Bexar,LEVEL III,Level III,General Acute Care,242,Y,-98.474435,29.615862,2024-03-08
0031478026,Methodist Hospital South,1905 Highway 97 East,Jourdanton,TX,78026,Atascosa,LEVEL IV,Level IV,General Acute Care,67,Y,-98.526285,28.932985,2024-03-08
0036976063,Methodist Mansfield Medical Center,2700 E Broad St,Mansfield,TX,76063,Tarrant,LEVEL III,Level III,General Acute Care,262,Y,-97.094445,32.56799,2024-03-08
0000000049,Methodist Specialty And Transplant Hospital,8026 Floyd Curl Drive,San Antonio,TX,78229,Bexar,LEVEL IV,Level IV,General Acute Care,383,N,-98.575599,29.514224,2024-03-08
0047978201,Methodist Texsan Hospital - A Methodist Hospital Facility,6700 Ih-10 West,San Antonio,TX,78201,Bexar,LEVEL IV,Level IV,General Acute Care,120,Y,-98.547573,29.489864,2024-03-08
0000000048,Metropolitan Methodist Hospital,1310 Mccullough Avenue,San Antonio,TX,78212,Bexar,LEVEL IV,Level IV,General Acute Care,378,Y,-98.490984,29.441803,2024-03-08
0034578643,Mid Coast Medical Center - Central,200 W Ollie St,Llano,TX,78643,Llano,LEVEL IV,Level IV,Critical Access,25,Y,-98.677656,30.74265,2024-03-08
0038179701,Midland Memorial Hospital,400 Rosalind Redfern Grover Pkwy,Midland,TX,79701,Midland,LEVEL III,Level III,General Acute Care,540,Y,-102.099503,31.99592,2024-03-08
0038978572,Mission Regional Medical Center,900 South Bryan Road,Mission,TX,78572,Hidalgo,LEVEL IV,Level IV,General Acute Care,297,Y,-98.314317,26.196348,2024-03-08
0000000043,Mission Trail Baptist Hospital,3333 Research Plaza,San Antonio,TX,78235,Bexar,LEVEL IV,Level IV,General Acute Care,110,Y,-98.438487,29.344789,2024-03-08
0011479512,Mitchell County Hospital,997 West I-20,Colorado City,TX,79512,Mitchell,LEVEL IV,Level IV,Critical Access,25,Y,-100.875935,32.406437,2024-03-08
0039576252,Muenster Memorial Hospital,605 North Maple Street,Muenster,TX,76252,Cooke,LEVEL IV,Level IV,Critical Access,18,Y,-97.380323,33.653957,2024-03-08
0040375965,Nacogdoches Medical Center,4920 N E Stallings Drive,Nacogdoches,TX,75965,Nacogdoches,LEVEL IV,Level IV,General Acute Care,161,Y,-94.653873,31.653144,2024-03-08
0039775961,Nacogdoches Memorial Hospital,1204 North Mound Street,Nacogdoches,TX,75961,Nacogdoches,LEVEL III,Level III,General Acute Care,210,Y,-94.648877,31.612641,2024-03-08
0013575835,Navarro Regional Hospital,3201 West Highway 22,Corsicana,TX,75110,Navarro,LEVEL IV,Level IV,General Acute Care,162,Y,-96.503599,32.083631,2024-03-08
0040176255,Nocona General Hospital,100 Park Road,Nocona,TX,76255,Montague,LEVEL IV,Level IV,General Acute Care,22,Y,-97.732701,33.777274,2024-03-08
0006778758,North Austin Medical Center,12221 Mopac Expressway North,Austin,TX,78758,Travis,LEVEL IV,Level IV,General Acute Care,395,Y,-97.706227,30.411488,2024-03-08
0000000045,North Central Baptist Hospital,520 Madison Oak,San Antonio,TX,78258,Bexar,LEVEL III,Level III,General Acute Care,443,Y,-98.491428,29.620379,2024-03-08
0021876240,North Texas Medical Center,1900 Hospital Boulevard,Gainesville,TX,76240,Cooke,LEVEL IV,Level IV,General Acute Care,60,Y,-97.162732,33.646363,2024-03-08
0000000046,Northeast Baptist Hospital,8811 Village Drive,San Antonio,TX,78217,Bexar,LEVEL IV,Level IV,General Acute Care,347,N,-98.429058,29.519597,2024-03-08
0000000042,Northeast Methodist Hospital,12412 Judson Road,San Antonio,TX,78233,Bexar,LEVEL IV,Level IV,General Acute Care,207,Y,-98.348261,29.552465,2024-03-08
0005979175,Northwest Texas Hospital,1501 S Coulter Street,Amarillo,TX,79106,Potter,LEVEL III,Level III,General Acute Care,385,Y,-101.920235,35.199669,2024-03-08
0044377469,Oakbend Medical Center,1705 Jackson Street,Richmond,TX,77469,Fort Bend,LEVEL IV,Level IV,General Acute Care,168,Y,-95.770937,29.576329,2024-03-08
0075677479,Oakbend Medical Center,22003 Southwest Freeway,Richmond,TX,77469,Fort Bend,LEVEL IV,Level IV,General Acute Care,61,Y,-95.713926,29.555153,2024-03-08
0042479070,Ochiltree General Hospital,3101 Garrett Drive,Perryton,TX,79070,Ochiltree,LEVEL IV,Level IV,Critical Access,25,Y,-100.798789,36.369886,2024-03-08
0040579760,Odessa Regional Medical Center,520 East Sixth Street,Odessa,TX,79761,Ector,LEVEL IV,Level IV,General Acute Care,211,Y,-102.364203,31.851728,2024-03-08
0032178119,Otto Kaiser Memorial Hospital,3349 S Highway 181,Kenedy,TX,78119,Karnes,LEVEL IV,Level IV,Critical Access,25,Y,-97.878255,28.850657,2024-03-08
0041175801,Palestine Regional Medical Center,2900 South Loop 256,Palestine,TX,75801,Anderson,LEVEL IV,Level IV,General Acute Care,90,Y,-95.627228,31.732597,2024-03-08
0038876067,Palo Pinto General Hospital,400 Southwest 25th Avenue,Mineral Wells,TX,76067,Palo Pinto,LEVEL IV,Level IV,General Acute Care,74,Y,-98.145091,32.798921,2024-03-08
0041479065,Pampa Regional Medical Center,1 Medical Plaza,Pampa,TX,79065,Gray,LEVEL IV,Level IV,General Acute Care,109,Y,-100.964796,35.572472,2024-03-08
0140975461,Paris Regional Medical Center North Campus,865 Deshong Drive,Paris,TX,75460,Lamar,LEVEL III,Level III,General Acute Care,154,Y,-95.547608,33.687735,2024-03-08
0014175235,Parkland Memorial Hospital,5200 - 5201 Harry Hines Boulevard,Dallas,TX,75235,Dallas,LEVEL I,Level I,General Acute Care,882,Y,-96.838091,32.810655,2024-03-08
0056979096,Parkview Hospital,901 Sweetwater Street,Wheeler,TX,79096,Wheeler,LEVEL IV,Level IV,Critical Access,16,Y,-100.27036,35.43934,2024-03-08
0038376667,Parkview Regional Hospital,600 South Bonham,Mexia,TX,76667,Limestone,LEVEL IV,Level IV,General Acute Care,58,N,-96.480937,31.675289,2024-03-08
0021679035,Parmer Medical Center,1307 Cleveland Street,Friona,TX,79035,Parmer,LEVEL IV,Level IV,Critical Access,25,Y,-102.721824,34.644274,2024-03-08
0019879735,Pecos County Memorial Hospital,387 West I H 10,Fort Stockton,TX,79735,Pecos,LEVEL IV,Level IV,Critical Access,25,Y,-102.880407,30.905379,2024-03-08
0006379714,Permian Regional Medical Center,720 Hospital Drive,Andrews,TX,79714,Andrews,LEVEL IV,Level IV,General Acute Care,36,Y,-102.54599,32.338043,2024-03-08
0016779027,Plains Memorial Hospital,310 West Halsell,Dimmitt,TX,79027,Castro,LEVEL IV,Level IV,Critical Access,17,Y,-102.31596,34.55609,2024-03-08
0080076932,Reagan Memorial Hospital,1300 N Main Ave,Big Lake,TX,76932,Reagan,LEVEL IV,Level IV,Critical Access,7,Y,-101.461018,31.204013,2024-03-08
0044078377,Refugio County Memorial Hospital District,107 Swift Street,Refugio,TX,78377,Refugio,LEVEL IV,Level IV,Critical Access,20,Y,-97.279861,28.306797,2024-03-08
0073878130,Resolute Health,555 Creekside Crossing,New Braunfels,TX,78130,Comal,LEVEL IV,Level IV,General Acute Care,128,Y,-98.069997,29.722006,2024-03-08
0016977434,Rice Medical Center,600 South Austin Road,Eagle Lake,TX,77434,Colorado,LEVEL IV,Level IV,Critical Access,25,Y,-96.345285,29.587759,2024-03-08
0037278503,Rio Grande Regional Hospital,101 E Ridge Road,Mcallen,TX,78503,Hidalgo,LEVEL III,Level III,General Acute Care,320,Y,-98.220774,26.186362,2024-03-08
0052679556,Rolling Plains Memorial Hospital,200 East Arizona,Sweetwater,TX,79556,Nolan,LEVEL IV,Level IV,General Acute Care,86,Y,-100.397317,32.453212,2024-03-08
0044678681,Round Rock Medical Center,2400 Round Rock Avenue,Round Rock,TX,78681,Williamson,LEVEL II,Level II,General Acute Care,175,Y,-97.713608,30.511108,2024-03-08
0024575948,Sabine County Hospital,2301 Worth St,Hemphill,TX,75948,Sabine,LEVEL IV,Level IV,Critical Access,25,Y,-93.862965,31.333809,2024-03-08
0007879720,Scenic Mountain Medical Center - A Steward Family Hospital,1601 West Eleventh Place,Big Spring,TX,79720,Howard,LEVEL IV,Level IV,General Acute Care,146,Y,-101.491676,32.236378,2024-03-08
0019176936,Schleicher County Medical Center,102 North Highway 277,Eldorado,TX,76936,Schleicher,LEVEL IV,Level IV,Critical Access,14,Y,-100.602994,30.863002,2024-03-08
0140776548,Seton Medical Center Harker Heights,850 West Central Texas Expressway,Harker Heights,TX,76548,Bell,LEVEL IV,Level IV,General Acute Care,83,Y,-97.682925,31.072604,2024-03-08
0048576380,Seymour Hospital,200 Stadium Drive,Seymour,TX,76380,Baylor,LEVEL IV,Level IV,General Acute Care,25,Y,-99.248697,33.590171,2024-03-08
0048679079,Shamrock General Hospital,1000 South Main,Shamrock,TX,79079,Wheeler,LEVEL IV,Level IV,Critical Access,25,Y,-100.248119,35.198967,2024-03-08
0045476902,Shannon Medical Center,120 E Harris Ave,San Angelo,TX,76903,Tom Green,LEVEL III,Level III,General Acute Care,333,Y,-100.434893,31.465248,2024-03-08
0045576904,Shannon Medical Center South,3501 Knickerbocker Rd,San Angelo,TX,76904,Tom Green,LEVEL III,Level III,General Acute Care,171,Y,-100.469814,31.418277,2024-03-08
0017378539,South Texas Health System Edinburg,1102 West Trenton Road,Edinburg,TX,78539,Hidalgo,LEVEL IV,Level IV,General Acute Care,235,Y,-98.182667,26.261191,2024-03-08
0196784197,South Texas Health System Heart,1900 South D Street,Mcallen,TX,78503,Hidalgo,LEVEL IV,Level IV,Special,60,Y,-98.218307,26.183815,2024-03-08
0078178503,South Texas Health System Mcallen,301 West Expressway 83,Mcallen,TX,78503,Hidalgo,LEVEL II,Level II,General Acute Care,431,Y,-98.225945,26.18695,2024-03-08
0046478224,Southwest General Hospital,7400 Barlite Boulevard,San Antonio,TX,78224,Bexar,LEVEL IV,Level IV,General Acute Care,327,Y,-98.544708,29.353537,2024-03-08
0000000044,St Davids Georgetown Hospital - A St Davids Medical Center Facility,2000 Scenic Drive,Georgetown,TX,78626,Williamson,LEVEL IV,Level IV,General Acute Care,114,Y,-97.688712,30.626095,2024-03-08
0002378705,St Davids Medical Center,919 E 32nd Street,Austin,TX,78705,Travis,LEVEL IV,Level IV,General Acute Care,371,Y,-97.726046,30.289892,2024-03-08
0002578704,St Davids South Austin Medical Center,901 W Ben White Blvd,Austin,TX,78704,Travis,LEVEL II,Level II,General Acute Care,368,Y,-97.774596,30.22593,2024-03-08
0025377002,St Joseph Medical Center,1401 St Joseph Parkway,Houston,TX,77002,Harris,LEVEL III,Level III,General Acute Care,744,Y,-95.366148,29.748116,2024-03-08
0008277802,St Joseph Regional Health Center,2801 Franciscan Drive,Bryan,TX,77802,Brazos,LEVEL II,Level II,General Acute Care,235,Y,-96.345973,30.656137,2024-03-08
0000000050,St Lukes Baptist Hospital,7930 Floyd Curl Drive,San Antonio,TX,78229,Bexar,LEVEL IV,Level IV,General Acute Care,287,N,-98.574911,29.512549,2024-03-08
0044478582,Starr County Memorial Hospital,128 North Fm Road 3167,Rio Grande City,TX,78582,Starr,LEVEL IV,Level IV,General Acute Care,48,Y,-98.858359,26.376432,2024-03-08
0008676424,Stephens Memorial Hospital,200 South Geneva,Breckenridge,TX,76424,Stephens,LEVEL IV,Level IV,General Acute Care,40,Y,-98.887211,32.753956,2024-03-08
0006479502,Stonewall Memorial Hospital,821 N Broadway,Aspermont,TX,79502,Stonewall,LEVEL IV,Level IV,Critical Access,20,Y,-100.229184,33.15056,2024-03-08
0050177480,Sweeny Community Hospital,305 North Mckinney Street,Sweeny,TX,77480,Brazoria,LEVEL IV,Level IV,Critical Access,20,N,-95.691831,29.047835,2024-03-08
0053579088,Swisher Memorial Hospital,539 Se 2nd St,Tulia,TX,79088,Swisher,LEVEL IV,Level IV,Critical Access,20,Y,-101.755605,34.53596,2024-03-08
0025877030,Texas Childrens Hospital,6621 Fannin Street,Houston,TX,77030,Harris,LEVEL I,Level I,Children,737,Y,-95.401653,29.707778,2024-03-08
0169277384,Texas Childrens Hospital - The Woodlands,17600 Interstate 45 South,The Woodlands,TX,77384,Montgomery,LEVEL IV,Level IV,Children,74,Y,-95.457574,30.200519,2024-03-08
0077777094,Texas Childrens Hospital West Campus,18200 Katy Freeway,Houston,TX,77094,Harris,LEVEL IV,Level IV,Children,86,Y,-95.69305,29.787756,2024-03-08
0001276012,Texas Health Arlington Memorial Hospital,800 W Randol Mill Rd,Arlington,TX,76012,Tarrant,LEVEL IV,Level IV,General Acute Care,369,Y,-97.11582,32.748897,2024-03-08
0142076244,Texas Health Harris Methodist Hospital Alliance,10864 Texas Health Trl,Fort Worth,TX,76244,Tarrant,LEVEL III,Level III,General Acute Care,151,Y,-97.309912,32.930681,2024-03-08
0004276020,Texas Health Harris Methodist Hospital Azle,108 Denver Trl,Azle,TX,76020,Tarrant,LEVEL IV,Level IV,General Acute Care,36,Y,-97.533099,32.880966,2024-03-08
0010876033,Texas Health Harris Methodist Hospital Cleburne,201 Walls Drive,Cleburne,TX,76033,Johnson,LEVEL IV,Level IV,General Acute Care,137,Y,-97.43856,32.331998,2024-03-08
0019976104,Texas Health Harris Methodist Hospital Fort Worth,1301 Pennsylvania Ave,Fort Worth,TX,76104,Tarrant,LEVEL II,Level II,General Acute Care,707,Y,-97.338997,32.736756,2024-03-08
0005676022,Texas Health Harris Methodist Hospital Hurst - Euless - Bedford,1600 Hospital Pkwy,Bedford,TX,76022,Tarrant,LEVEL III,Level III,General Acute Care,252,Y,-97.123137,32.835155,2024-03-08
0050976401,Texas Health Harris Methodist Hospital Stephenville,411 N Belknap St,Stephenville,TX,76401,Erath,LEVEL IV,Level IV,General Acute Care,98,Y,-98.2044,32.222964,2024-03-08
0020376115,Texas Health Huguley Hospital,11801 South Freeway,Burleson,TX,76028,Tarrant,LEVEL IV,Level IV,General Acute Care,327,Y,-97.316955,32.586628,2024-03-08
0000475013,Texas Health Presbyterian Hospital Allen,1105 Central Expy N,Allen,TX,75013,Collin,LEVEL IV,Level IV,General Acute Care,88,Y,-96.673101,33.115977,2024-03-08
0058175231,Texas Health Presbyterian Hospital Dallas,8200 Walnut Hill Ln,Dallas,TX,75231,Dallas,LEVEL II,Level II,General Acute Care,875,Y,-96.762438,32.881134,2024-03-08
0031975142,Texas Health Presbyterian Hospital Kaufman,850 Ed Hall Drive,Kaufman,TX,75142,Kaufman,LEVEL IV,Level IV,General Acute Care,91,Y,-96.31852,32.59217,2024-03-08
0042375093,Texas Health Presbyterian Hospital Plano,6200 W Parker Rd,Plano,TX,75093,Collin,LEVEL II,Level II,General Acute Care,338,Y,-96.836471,33.043664,2024-03-08
0014475390,Texas Vista Medical Center,7400 Barlite Boulevard,San Antonio,TX,78224,Dallas,LEVEL IV,Level IV,General Acute Care,325,Y,-96.839731,32.81198,2024-03-08
0015875020,Texoma Medical Center,5016 South Us Highway 75,Denison,TX,75020,Grayson,LEVEL III,Level III,General Acute Care,333,Y,-96.585087,33.709718,2024-03-08
0012578404,The Corpus Christi Medical Center - Bay Area,7101 South Padre Island Drive,Corpus Christi,TX,78412,Nueces,LEVEL III,Level III,General Acute Care,152,Y,-97.345414,27.693281,2024-03-08
0000000038,The Corpus Christi Medical Center - Doctors Regional,3315 South Alameda,Corpus Christi,TX,78411,Nueces,LEVEL IV,Level IV,General Acute Care,250,N,-97.389192,27.752771,2024-03-08
0079578410,The Corpus Christi Medical Center - Northwest,13725 Northwest Blvd,Corpus Christi,TX,78410,Nueces,LEVEL IV,Level IV,Rehabilitation,89,N,-97.635423,27.854917,2024-03-08
0079678413,The Corpus Christi Medical Center - The Heart Hospital,7002 Williams Drive,Corpus Christi,TX,78413,Nueces,LEVEL IV,Level IV,Special,72,Y,-97.345762,27.692735,2024-03-08
0025477008,The Heights Hospital,1917 Ashland Street,Houston,TX,77008,Harris,LEVEL IV,Level IV,General Acute Care,46,N,-95.404146,29.803672,2024-03-08
0019079938,The Hospitals Of Providence East Campus,3280 Joe Battle Boulevard,El Paso,TX,79938,El Paso,LEVEL III,Level III,General Acute Care,182,Y,-106.264506,31.790371,2024-03-08
0017979902,The Hospitals Of Providence Memorial Campus,2001 North Oregon Street,El Paso,TX,79902,El Paso,LEVEL III,Level III,General Acute Care,480,Y,-106.499873,31.771004,2024-03-08
0018179902,The Hospitals Of Providence Sierra Campus,1625 Medical Center Drive,El Paso,TX,79902,El Paso,LEVEL IV,Level IV,General Acute Care,283,Y,-106.480867,31.777492,2024-03-08
0169079911,The Hospitals Of Providence Transmountain Campus,2000 Transmountain Rd,El Paso,TX,79911,El Paso,LEVEL IV,Level IV,General Acute Care,108,Y,-106.564963,31.904574,2024-03-08
0043577640,The Medical Center Of Southeast Texas,2555 Jimmy Johnson Blvd,Port Arthur,TX,77640,Jefferson,LEVEL IV,Level IV,General Acute Care,204,Y,-93.989535,29.935502,2024-03-08
0027077054,The Womans Hospital Of Texas,7600 Fannin Street,Houston,TX,77054,Harris,LEVEL IV,Level IV,General Acute Care,403,Y,-95.402404,29.69295,2024-03-08
0053176483,Throckmorton County Memorial Hospital,802 North Minter Avenue,Throckmorton,TX,76483,Throckmorton,LEVEL IV,Level IV,Critical Access,14,Y,-99.176649,33.189904,2024-03-08
0039275455,Titus Regional Medical Center,2001 North Jefferson,Mount Pleasant,TX,75455,Titus,LEVEL III,Level III,General Acute Care,174,Y,-94.971175,33.175599,2024-03-08
0007975418,Tmc Bonham Hospital,504 Lipscomb,Bonham,TX,75418,Fannin,LEVEL IV,Level IV,Critical Access,25,Y,-96.166646,33.578328,2024-03-08
0057575979,Tyler County Hospital,1100 West Bluff Street,Woodville,TX,75979,Tyler,LEVEL IV,Level IV,Special,49,Y,-94.427636,30.776036,2024-03-08
0029677070,United Memorial Medical Center,510 West Tidwell Road,Houston,TX,77091,Harris,LEVEL IV,Level IV,General Acute Care,117,Y,-95.408458,29.847813,2024-03-08
0056676301,United Regional Health Care System,1600 11th Street,Wichita Falls,TX,76301,Wichita,LEVEL II,Level II,General Acute Care,275,Y,-98.501981,33.902431,2024-03-08
0045878229,University Hospital,4502 Medical Drive,San Antonio,TX,78229,Bexar,LEVEL I,Level I,General Acute Care,1034,Y,-98.578337,29.50701,2024-03-08
0035479415,University Medical Center,602 Indiana Avenue,Lubbock,TX,79415,Lubbock,LEVEL I,Level I,General Acute Care,495,Y,-101.891299,33.587967,2024-03-08
0017879998,University Medical Center Of El Paso,4815 Alameda Avenue,El Paso,TX,79905,El Paso,LEVEL I,Level I,General Acute Care,354,Y,-106.435355,31.771611,2024-03-08
0053875708,University Of Texas Health Science Center At Tyler,11937 Us-271,Tyler,TX,75708,Smith,LEVEL IV,Level IV,General Acute Care,,Y,-95.213086,32.42603,2024-03-08
0022277550,University Of Texas Medical Branch - Galveston,301 University Blvd,Galveston,TX,77555,Galveston,LEVEL I,Level I,General Acute Care,749,Y,-94.777122,29.310808,2024-03-08
0004575751,Ut Health East Texas Athens Hospital,2000 South Palestine Street,Athens,TX,75751,Henderson,LEVEL IV,Level IV,General Acute Care,127,Y,-95.846234,32.169445,2024-03-08
0010275633,Ut Health East Texas Carthage Hospital,409 Cottage Road,Carthage,TX,75633,Panola,LEVEL IV,Level IV,General Acute Care,42,Y,-94.346596,32.165883,2024-03-08
0024675652,Ut Health East Texas Henderson Hospital,300 Wilson Street,Henderson,TX,75652,Rusk,LEVEL IV,Level IV,General Acute Care,96,Y,-94.795618,32.16095,2024-03-08
0031175766,Ut Health East Texas Jacksonville Hospital,501 South Ragsdale Street,Jacksonville,TX,75766,Cherokee,LEVEL IV,Level IV,General Acute Care,72,Y,-95.2704,31.960286,2024-03-08
0042675686,Ut Health East Texas Pittsburg Hospital,2701 Us Highway 271 North,Pittsburg,TX,75686,Camp,LEVEL IV,Level IV,Critical Access,25,Y,-94.959054,33.033046,2024-03-08
0043875783,Ut Health East Texas Quitman Hospital,117 N Winnsboro Street,Quitman,TX,75783,Wood,LEVEL IV,Level IV,Critical Access,25,Y,-95.442918,32.797069,2024-03-08
0053975711,Ut Health East Texas Tyler Regional Hospital,1000 South Beckham Avenue,Tyler,TX,75701,Smith,LEVEL I,Level I,General Acute Care,424,Y,-95.290768,32.33848,2024-03-08
0001177515,Utmb Health Angleton Danbury Campus,132 East Hospital Drive,Angleton,TX,77515,Brazoria,LEVEL IV,Level IV,General Acute Care,25,Y,-95.405382,29.183994,2024-03-08
0196784917,Utmb Health Clear Lake Campus Hospital,200 Blossom St,Webster,TX,77598,Harris,LEVEL III,Level III,General Acute Care,149,N,-95.125621,29.544839,2024-03-08
0054378801,Uvalde Memorial Hospital,1025 Garner Field Road,Uvalde,TX,78801,Uvalde,LEVEL IV,Level IV,Critical Access,25,Y,-99.767837,29.21412,2024-03-08
0015678840,Val Verde Regional Medical Center,801 Bedell Avenue,Del Rio,TX,78840,Val Verde,LEVEL IV,Level IV,General Acute Care,93,Y,-100.892664,29.374963,2024-03-08
0024178551,Valley Baptist Medical Center,2101 Pease St,Harlingen,TX,78550,Cameron,LEVEL II,Level II,General Acute Care,578,Y,-97.669957,26.174965,2024-03-08
0009078523,Valley Baptist Medical Center - Brownsville,1040 W Jefferson St,Brownsville,TX,78520,Cameron,LEVEL III,Level III,General Acute Care,240,Y,-97.510697,25.917848,2024-03-08
0009178523,Valley Regional Medical Center,100a E Alton Gloor Blvd,Brownsville,TX,78526,Cameron,LEVEL III,Level III,General Acute Care,214,Y,-97.514801,25.977613,2024-03-08
0051775501,Wadley Regional Medical Center,1000 Pine,Texarkana,TX,75501,Bowie,LEVEL III,Level III,General Acute Care,370,Y,-94.047627,33.428914,2024-03-08
0039079756,Ward Memorial Hospital,406 South Gary Street,Monahans,TX,79756,Ward,LEVEL IV,Level IV,Critical Access,25,N,-102.883187,31.593784,2024-03-08
0054576384,Wilbarger General Hospital,920 Hillcrest Drive,Vernon,TX,76384,Wilbarger,LEVEL IV,Level IV,General Acute Care,28,Y,-99.315161,34.158615,2024-03-08
0196784559,William Beaumont Army Medical Center,18511 Highlander Medics Street,Fort Bliss,TX,79918,El Paso,LEVEL III,Level III,Military,,Y,-106.326348,31.834522,2024-04-22
0048975092,Wilson N Jones Regional Medical Center,500 N Highland Ave,Sherman,TX,75092,Grayson,LEVEL III,Level III,General Acute Care,214,Y,-96.623822,33.637097,2024-03-08
0082676234,Wise Health System,2000 South Fm 51,Decatur,TX,76234,Wise,LEVEL IV,Level IV,Rehabilitation,51,Y,-97.597661,33.217813,2024-03-08
0036075904,Woodland Heights Medical Center,505 South John Redditt Drive,Lufkin,TX,75904,Angelina,LEVEL IV,Level IV,General Acute Care,149,Y,-94.754059,31.328399,2024-03-08
0057677995,Yoakum Community Hospital,1200 Carl Ramert Drive,Yoakum,TX,77995,Lavaca,LEVEL IV,Level IV,Critical Access,23,Y,-97.129159,29.306959,2024-03-08
0016579323,Yoakum County Hospital,412 Mustang Avenue,Denver City,TX,79323,Yoakum,LEVEL IV,Level IV,Critical Access,24,Y,-102.835862,32.968576,2024-03-08
0001984003,American Fork Hospital,170 North 1100 East,American Fork,UT,84003,Utah,LEVEL IV,Level IV,General Acute Care,89,Y,-111.766599,40.380291,2024-04-22
0004884078,Ashley Regional Medical Center,150 West 100 North,Vernal,UT,84078,Uintah,LEVEL IV,Level IV,General Acute Care,39,Y,-109.531585,40.457799,2024-04-22
0003984337,Bear River Valley Hospital,905 North 1000 West,Tremonton,UT,84337,Box Elder,LEVEL IV,Level IV,General Acute Care,16,Y,-112.182577,41.724149,2024-04-22
0000384302,Brigham City Community Hospital,950 South Medical Drive,Brigham City,UT,84302,Box Elder,LEVEL IV,Level IV,General Acute Care,49,Y,-112.025756,41.491227,2024-04-22
0001384341,Cache Valley Hospital,2380 North 400 East,North Logan,UT,84341,Cache,LEVEL IV,Level IV,General Acute Care,28,Y,-111.82123,41.775566,2024-04-22
0001084721,Cedar City Hospital,1303 North Main Street,Cedar City,UT,84721,Iron,LEVEL IV,Level IV,General Acute Care,48,Y,-113.066675,37.69976,2024-04-22
0002184624,Delta Community Hospital,126 South White Sage Avenue,Delta,UT,84624,Millard,LEVEL V,Level V,Critical Access,18,Y,-112.561096,39.350052,2024-04-22
0000484631,Fillmore Community Hospital,674 South Highway 99,Fillmore,UT,84631,Millard,LEVEL V,Level V,Critical Access,19,Y,-112.340277,38.954777,2024-04-22
0001184032,Heber Valley Hospital,454 East Medical Way,Heber City,UT,84032,Wasatch,LEVEL V,Level V,Critical Access,19,Y,-111.406201,40.490005,2024-04-22
0002384107,Intermountain Medical Center,5121 South Cottonwood Street,Murray,UT,84107,Salt Lake,LEVEL I,Level I,General Acute Care,510,Y,-111.890836,40.65969,2024-04-22
0001484088,Jordan Valley Medical Center,3580 West 9000 South,West Jordan,UT,84088,Salt Lake,LEVEL III,Level III,General Acute Care,172,Y,-111.97497,40.590362,2024-04-22
0001584010,Lakeview Hospital,630 East Medical Drive,Bountiful,UT,84010,Davis,LEVEL III,Level III,General Acute Care,125,Y,-111.86882,40.885943,2024-04-22
0004084341,Logan Regional Hospital,500 East 1400 North,Logan,UT,84341,Cache,LEVEL III,Level III,General Acute Care,146,Y,-111.822183,41.755681,2024-04-22
0002884403,Mckay Dee Hospital,4401 Harrison Boulevard,Ogden,UT,84403,Weber,LEVEL II,Level II,General Acute Care,319,Y,-111.953373,41.182658,2024-04-22
0000684651,Mountain View Hospital,1000 East 100 North,Payson,UT,84651,Utah,LEVEL IV,Level IV,General Acute Care,124,Y,-111.714285,40.044046,2024-04-22
0001884405,Ogden Regional Medical Center,5475 South 500 East,Ogden,UT,84405,Weber,LEVEL II,Level II,General Acute Care,238,Y,-111.97039,41.164378,2024-04-22
0005784060,Park City Hospital,900 Round Valley Drive,Park City,UT,84060,Summit,LEVEL IV,Level IV,General Acute Care,37,Y,-111.469482,40.687454,2024-04-22
0005084113,Primary Children'S Hospital,100 North Mario Capecchi Drive,Salt Lake City,UT,84113,Salt Lake,LEVEL I,Level I,Children,308,Y,-111.838805,40.771287,2024-04-22
0004584647,Sanpete Valley Hospital - Cah,1100 South Medical Drive,Mount Pleasant,UT,84647,Sanpete,LEVEL IV,Level IV,Critical Access,18,Y,-111.461095,39.531237,2024-04-22
0004984790,St George Regional Hospital,1380 East Medical Center Drive,St George,UT,84790,Washington,LEVEL II,Level II,General Acute Care,284,Y,-113.553743,37.097767,2024-04-22
0005184124,St Mark'S Hospital,1200 East 3900 South,Salt Lake City,UT,84124,Salt Lake,LEVEL II,Level II,General Acute Care,308,Y,-111.857141,40.685958,2024-04-22
0002784057,Timpanogos Regional Hospital,750 West 800 North,Orem,UT,84057,Utah,LEVEL IV,Level IV,General Acute Care,122,Y,-111.713691,40.313594,2024-04-22
0004284066,Uintah Basin Medical Center,250 West 300 North,Roosevelt,UT,84066,Duchesne,LEVEL IV,Level IV,General Acute Care,49,Y,-109.99647,40.304385,2024-04-22
0003384112,University Of Utah Hospitals And Clinics,50 North Medical Drive,Salt Lake City,UT,84132,Salt Lake,LEVEL I,Level I,General Acute Care,977,Y,-111.836113,40.771273,2024-04-22
0001284604,Utah Valley Hospital,1034 North 500 West,Provo,UT,84604,Utah,LEVEL II,Level II,General Acute Care,395,Y,-111.665808,40.247921,2024-04-22
0009723805,Bon Secours Southside Medical Center,200 Medical Park Boulevard,Petersburg,VA,23805,Petersburg,LEVEL III,Level III,General Acute Care,300,Y,-77.359254,37.182493,2024-04-22
0007924014,Carilion Medical Center,1906 Belleview Avenue,Roanoke,VA,24014,Roanoke,LEVEL I,Level I,General Acute Care,752,Y,-79.942544,37.251198,2024-04-22
0007224073,Carilion New River Valley,2900 Lamb Circle,Christiansburg,VA,24073,Montgomery,LEVEL III,Level III,General Acute Care,146,Y,-80.505441,37.089102,2024-04-22
0007124134,Carilion Roanoke Memorial Hospital,1906 Belleview Ave,Roanoke,VA,24014,Giles,LEVEL I,Level I,General Acute Care,703,Y,-79.942544,37.251198,2024-04-22
0012723507,Children'S Hospital Of The King'S Daughters,601 Children'S Lane,Norfolk,VA,23507,Norfolk,LEVEL I,Level I,Children,206,Y,-76.301676,36.862521,2024-04-22
0196784884,Chippenham Hospital,7101 Jahnke Road,Richmond,VA,23225,Richmond,LEVEL I,Level I,General Acute Care,,Y,-77.526455,37.513847,2024-04-22
0011023225,Cjw Medical Center,7101 Jahnke Road,Richmond,VA,23225,Richmond,LEVEL II,Level II,General Acute Care,853,Y,-77.52658,37.514379,2024-04-22
0003122042,Inova Fairfax Hospital,3300 Gallows Road,Falls Church,VA,22042,Fairfax,LEVEL I,Level I,General Acute Care,1043,Y,-77.22768,38.858199,2024-04-22
0004020176,Inova Loudoun Hospital,44045 Riverside Parkway,Leesburg,VA,20176,Loudoun,LEVEL III,Level III,General Acute Care,323,Y,-77.478022,39.073951,2024-04-22
0008523235,Johnston - Willis Hospital,1401 Johnston-Willis Dr,Richmond,VA,23235,Chesterfield,LEVEL III,Level III,General Acute Care,292,Y,-77.594941,37.510688,2024-04-22
0144624060,Lewisgale Hospital Montgomery,3700 South Main Street,Blacksburg,VA,24060,Montgomery,LEVEL III,Level III,General Acute Care,184,Y,-80.411012,37.187206,2024-04-22
0004824153,Lewisgale Medical Center,1900 Electric Road,Salem,VA,24153,Salem,LEVEL III,Level III,General Acute Care,532,Y,-80.031669,37.263332,2024-04-22
0144124501,Lynchburg General Hospital,1901 Tate Springs Road,Lynchburg,VA,24501,Lynchburg,LEVEL II,Level II,General Acute Care,358,Y,-79.171578,37.417015,2024-04-22
0001222401,Mary Washington Hospital,1001 Sam Perry Boulevard,Fredericksburg,VA,22401,Fredericksburg,LEVEL II,Level II,General Acute Care,981,Y,-77.483229,38.311522,2024-04-22
0003620190,Reston Hospital Center,1850 Town Center Parkway,Reston,VA,20190,Fairfax,LEVEL II,Level II,General Acute Care,369,Y,-77.364166,38.962224,2024-04-22
0014123601,Riverside Regional Medical Center,500 J Clyde Morris Boulevard,Newport News,VA,23601,Newport News,LEVEL II,Level II,General Acute Care,576,Y,-76.483034,37.064243,2024-04-22
0013223507,Sentara Norfolk General Hospital,600 Gresham Drive,Norfolk,VA,23507,Norfolk,LEVEL I,Level I,General Acute Care,907,Y,-76.302844,36.86218,2024-04-22
0004322191,Sentara Northern Virginia Medical Center,2300 Opitz Boulevard,Woodbridge,VA,22191,Prince William,LEVEL III,Level III,General Acute Care,239,Y,-77.286349,38.637073,2024-04-22
0015323454,Sentara Virginia Beach General Hospital,1060 First Colonial Road,Virginia Beach,VA,23454,Virginia Beach,LEVEL III,Level III,General Acute Care,320,Y,-76.026494,36.864574,2024-04-22
0002222908,University Of Virginia Medical Center,1215 Lee Street,Charlottesville,VA,22903,Charlottesville,LEVEL I,Level I,General Acute Care,643,Y,-78.498687,38.03134,2024-04-22
0000922601,Valley Health Winchester Medical Center,1840 Amherst Street,Winchester,VA,22601,Winchester,LEVEL II,Level II,General Acute Care,545,Y,-78.193225,39.194281,2024-04-22
0011423298,Vcu Health System - West,1200 E Broad S,Richmond,VA,23219,Richmond,LEVEL I,Level I,General Acute Care,779,Y,-77.430683,37.539539,2024-04-22
0195023298,Vcu Medical Center - Main,1250 East Marshall Street,Richmond,VA,23298,Richmond,LEVEL I,Level I,General Acute Care,815,N,-77.430459,37.540612,2024-04-22
0002622205,Virginia Hospital Center,1701 N George Mason Drive,Arlington,VA,22205,Arlington,LEVEL II,Level II,General Acute Care,465,N,-77.127278,38.888882,2024-04-22
0000505401,"University Of Vermont Medical Center, Inc",111 Colchester Avenue,Burlington,VT,05401,Chittenden,LEVEL I,Level I,General Acute Care,562,N,-73.194121,44.47974,2024-03-11
0196785569,Va Medical Center,215 North Main Street,White River Junction,VT,05009,Windsor,TRF,Other designation,General Acute Care,,NOT AVAILABLE,-72.343498,43.648486,2025-03-07
0000898356,Arbor Health - Morton General Hospital,521 Adams St,Morton,WA,98356,Lewis,LEVEL V,Level V,Critical Access,17,N,-122.280354,46.555675,2024-01-10
0008598944,Astria Sunnyside Hospital,1016 Tacoma Avenue,Sunnyside,WA,98944,Yakima,LEVEL IV,Level IV,Critical Access,37,Y,-120.006682,46.32248,2024-01-10
0004698948,Astria Toppenish Hospital,502 4th Ave W,Toppenish,WA,98948,Yakima,LEVEL IV,Level IV,General Acute Care,40,Y,-120.317058,46.370845,2024-01-10
0007298826,Cascade Medical,817 Commercial St,Leavenworth,WA,98826,Chelan,LEVEL V,Level V,Critical Access,9,Y,-120.660787,47.594451,2024-01-10
0005298223,Cascade Valley Hospital,330 Stillaguamish Ave S,Arlington,WA,98223,Snohomish,LEVEL IV,Level IV,General Acute Care,30,Y,-122.118946,48.18892,2024-01-10
0007398823,Columbia Basin Hospital,200 Southeast Blvd,Ephrata,WA,98823,Grant,LEVEL V,Level V,Critical Access,25,Y,-119.546428,47.314494,2024-01-10
0002798807,Confluence Health - Central Washington Hospital,1201 South Miller Street,Wenatchee,WA,98807,Chelan,LEVEL III,Level III,General Acute Care,176,Y,-120.321031,47.406605,2024-01-10
0006998801,Confluence Health - Wenatchee Valley Hospital,820 N Chelan Avenue,Wenatchee,WA,98801,Chelan,LEVEL II REHAB,Other designation,General Acute Care,11,N,-120.323087,47.433529,2024-01-10
0006499133,Coulee Medical Center,411 Fortuyn Rd,Grand Coulee,WA,99133,Grant,LEVEL IV,Level IV,Critical Access,25,Y,-119.007593,47.94245,2024-01-10
0007499328,Dayton General Hospital,1012 S 3rd St,Dayton,WA,99328,Columbia,LEVEL V,Level V,Critical Access,16,Y,-117.970254,46.312105,2024-01-10
0002899169,East Adams Rural Healthcare,903 South Adams St,Ritzville,WA,99169,Adams,LEVEL V,Level V,Critical Access,16,Y,-118.371887,47.121219,2024-01-10
0005498033,Evergreenhealth Medical Center,12040 128th St Ne,Kirkland,WA,98033,King,LEVEL III,Level III,General Acute Care,216,Y,-122.178401,47.715891,2024-01-10
0010598272,Evergreenhealth Monroe,14701 179th Ave Se,Monroe,WA,98272,Snohomish,LEVEL IV,Level IV,General Acute Care,31,Y,-121.98997,47.86414,2024-01-10
0005599166,Ferry County Memorial Hospital,36 North Klondike Road,Republic,WA,99166,Ferry,LEVEL V,Level V,Critical Access,13,Y,-118.731401,48.653041,2024-01-10
0007598331,Forks Community Hospital,530 Bogachiel Way,Forks,WA,98331,Clallam,LEVEL IV,Level IV,Critical Access,16,Y,-124.392588,47.946207,2024-01-10
0008798310,Franciscan Health Harrison Medical Center,2520 Cherry Ave,Bremerton,WA,98310,Kitsap,LEVEL III,Level III,General Acute Care,212,Y,-122.625046,47.583153,2024-01-10
0000698405,Franciscan Health St Joseph Medical Center,1717 South J St,Tacoma,WA,98405,Pierce,LEVEL II,Level II,General Acute Care,366,Y,-122.448175,47.245991,2024-01-10
0011898332,Franciscan Health St. Anthony Hospital,11567 Canterwood Blvd Nw,Gig Harbor,WA,98332,Pierce,LEVEL IV,Level IV,General Acute Care,112,N,-122.613238,47.363563,2024-01-10
0011498499,Franciscan Health St. Clare Hospital,11315 Bridgeport Way Sw,Lakewood,WA,98499,Pierce,LEVEL IV,Level IV,General Acute Care,103,N,-122.50204,47.15431,2024-01-10
0010998022,Franciscan Health St. Elizabeth Hospital,1455 Battersby Avenue,Enumclaw,WA,98022,King,LEVEL V,Level V,Critical Access,28,Y,-121.987747,47.209176,2024-01-10
0011598003,Franciscan Health St. Francis Hospital,34515 9th Avenue South,Federal Way,WA,98003,King,LEVEL IV,Level IV,General Acute Care,112,N,-122.327392,47.292698,2024-01-10
0007199347,Garfield County Public Hospital District,66 N 6th Street,Pomeroy,WA,99347,Garfield,LEVEL V,Level V,Critical Access,25,Y,-117.602948,46.475499,2024-01-10
0007698520,Grays Harbor Community Hospital,915 Anderson Dr,Aberdeen,WA,98520,Grays Harbor,LEVEL III,Level III,General Acute Care,43,Y,-123.847186,46.979236,2024-01-10
0011198166,Highline Community Hospital,16251 Sylvester Rd Sw,Burien,WA,98166,King,LEVEL IV,Level IV,General Acute Care,124,Y,-122.343212,47.457436,2024-01-10
0007798221,Island Hospital,1211 24th St,Anacortes,WA,98221,Skagit,LEVEL II,Level II,General Acute Care,43,Y,-122.615667,48.501929,2024-01-10
0007898368,Jefferson Healthcare,834 Sheridan St,Port Townsend,WA,98368,Jefferson,LEVEL IV,Level IV,Critical Access,39,Y,-122.789273,48.106043,2024-01-10
0007999352,Kadlec Regional Medical Center,888 Swift Blvd,Richland,WA,99352,Benton,LEVEL III,Level III,General Acute Care,300,Y,-119.281956,46.281343,2024-01-10
0003098926,Kittitas Valley Healthcare,603 Chestnut St S,Ellensburg,WA,98926,Kittitas,LEVEL IV,Level IV,Critical Access,25,Y,-120.537896,46.987094,2024-01-10
0003198620,Klickitat Valley Health,310 South Roosevelt Ave,Goldendale,WA,98620,Klickitat,LEVEL IV,Level IV,Critical Access,15,Y,-120.811106,45.82018,2024-01-10
0001298816,Lake Chelan Community Hospital,503 Highland Ave E,Chelan,WA,98816,Chelan,LEVEL IV,Level IV,Critical Access,29,N,-120.009613,47.84497,2024-01-10
0008099122,Lincoln Hospital,10 Nichols St,Davenport,WA,99122,Lincoln,LEVEL V,Level V,Critical Access,25,Y,-118.14536,47.657928,2024-01-10
0003299301,Lourdes Medical Center,520 4th Ave N,Pasco,WA,99301,Franklin,LEVEL IV,Level IV,Critical Access,25,Y,-119.095386,46.235026,2024-01-10
0000298431,Madigan Army Medical Center,Ft Lewis,Tacoma,WA,98431,Pierce,LEVEL II,Level II,General Acute Care,222,Y,-122.55227,47.10867,2024-01-10
0000798584,Mason General Hospital,901 Mountain View Drive,Shelton,WA,98584,Mason,LEVEL IV,Level IV,Critical Access,27,Y,-123.114415,47.225891,2024-01-10
0000598841,Mid - Valley Hospital,810 Valley Way,Omak,WA,98841,Okanogan,LEVEL IV,Level IV,Critical Access,23,Y,-119.546526,48.396567,2024-01-10
0011798411,Multicare Allenmore Hospital,1901 S Union Ave,Tacoma,WA,98411,Pierce,LEVEL IV,Level IV,General Acute Care,66,N,-122.481055,47.241646,2024-01-10
0004498002,Multicare Auburn Medical Center,202 North Division St,Auburn,WA,98002,King,LEVEL III,Level III,General Acute Care,161,Y,-122.229036,47.308914,2024-01-10
0003599210,Multicare Deaconess Hospital,800 West Fifth Avenue,Spokane,WA,99210,Spokane,LEVEL III,Level III,General Acute Care,262,Y,-117.423436,47.6518,2024-01-10
0010698372,Multicare Good Samaritan Hospital,407 14th Ave Se,Puyallup,WA,98372,Pierce,LEVEL III,Level III,General Acute Care,361,Y,-122.28953,47.17918,2024-01-10
0008898405,Multicare Mary Bridge Children'S Hospital And Health Center,317 Martin Luther King Jr Way,Tacoma,WA,98405,Pierce,LEVEL II PEDIATRIC,Pediatric Level II,Children,82,Y,-122.452868,47.259811,2024-01-10
0010898405,Multicare Tacoma General Hospital,315 Martin Luther King Jr Way,Tacoma,WA,98405,Pierce,LEVEL II,Level II,General Acute Care,385,Y,-122.452636,47.259486,2024-01-10
0003999216,Multicare Valley Hospital,12606 Mission Ave E,Spokane Valley,WA,99216,Spokane,LEVEL III,Level III,General Acute Care,123,Y,-117.235471,47.670764,2024-01-10
0007099156,Newport Hospital And Health Services,714 West Pine St,Newport,WA,99156,Pend Oreille,LEVEL IV,Level IV,Critical Access,24,Y,-117.049198,48.182422,2024-01-10
0001398855,North Valley Hospital,2nd And Western,Tonasket,WA,98855,Okanogan,LEVEL IV,Level IV,Critical Access,18,Y,-119.438731,48.707002,2024-01-10
0001498624,Ocean Beach Hospital,174 1st Ave North,Ilwaco,WA,98624,Pacific,LEVEL IV,Level IV,Critical Access,8,Y,-124.042631,46.311434,2024-01-10
0002099159,Odessa Memorial Healthcare Center,502 Amende Dr E,Odessa,WA,99159,Lincoln,LEVEL V,Level V,Critical Access,25,N,-118.682504,47.331189,2024-01-10
0000000134,Olympic Memorial Hospital,939 Caroline St,Port Angeles,WA,98362,Clallam,LEVEL III,Level III,General Acute Care,67,Y,-123.111196,48.089553,2024-01-10
0002199344,Othello Community Hospital,315 14th Ave N,Othello,WA,99344,Adams,LEVEL V,Level V,Critical Access,14,Y,-119.155261,46.830409,2024-01-10
0010098004,Overlake Medical Center,1035 116th Ave Ne,Bellevue,WA,98004,King,LEVEL III,Level III,General Acute Care,263,Y,-122.187175,47.620491,2024-01-10
0015298250,Peacehealth Peace Island Medical Center,1117 Spring Street,Friday Harbor,WA,98250,San Juan,LEVEL IV,Level IV,Critical Access,15,N,-123.029601,48.526779,2024-01-10
0003798668,Peacehealth Southwest Medical Center,400 Ne Mother Joseph Place,Vancouver,WA,98668,Clark,LEVEL II,Level II,General Acute Care,234,Y,-122.580727,45.624438,2024-01-10
0002298632,Peacehealth St. John Medical Center,1615 Delaware St,Longview,WA,98632,Cowlitz,LEVEL III,Level III,General Acute Care,87,Y,-122.941749,46.130694,2024-01-10
0008398225,Peacehealth St. Joseph Medical Center,2901 Squalicum Parkway,Bellingham,WA,98225,Whatcom,LEVEL II,Level II,General Acute Care,179,Y,-122.472979,48.773268,2024-01-10
0000398204,Peacehealth United General Medical Center,2000 Hospital Drive,Sedro-Woolley,WA,98204,Skagit,LEVEL IV,Level IV,Critical Access,6,Y,-122.276318,48.496086,2024-01-10
0006599350,Prosser Memorial Health,723 Memorial St,Prosser,WA,99350,Benton,LEVEL IV,Level IV,Critical Access,25,Y,-119.763911,46.208092,2024-01-10
0006698531,Providence Centralia Hospital,914 South Scheuber Road,Centralia,WA,98531,Lewis,LEVEL IV,Level IV,General Acute Care,128,Y,-122.985581,46.712404,2024-01-10
0001999207,Providence Holy Family Hospital,5633 N Lidgerwood,Spokane,WA,99207,Spokane,LEVEL III,Level III,General Acute Care,241,Y,-117.406725,47.709754,2024-01-10
0008199114,Providence Mount Carmel Hospital,982 E Columbia Ave,Colville,WA,99114,Stevens,LEVEL IV,Level IV,Critical Access,41,Y,-117.892748,48.540672,2024-01-10
0005198206,Providence Regional Medical Center - Everett Pacific Campus,916 Pacific Ave,Everett,WA,98201,Snohomish,"LEVEL II, LEVEL III PEDIATRIC, LEVEL II REHAB",Level II,General Acute Care,50,N,-122.216515,47.97524,2024-01-10
0005398206,Providence Regional Medical Center Everett,1700 13th Street,Everett,WA,98201,Snohomish,LEVEL III,Level III,General Acute Care,571,Y,-122.205709,47.999894,2024-01-10
0002499109,Providence St. Joseph'S Hospital,500 Webster Ave E,Chewelah,WA,99109,Stevens,LEVEL IV,Level IV,Critical Access,23,Y,-117.710894,48.277879,2024-01-10
0003499362,Providence St. Mary Medical Center,401 Poplar St W,Walla Walla,WA,99362,Walla Walla,LEVEL III,Level III,General Acute Care,142,Y,-118.343197,46.062228,2024-01-10
0011398506,Providence St. Peter Hospital,413 Lilly Rd Ne,Olympia,WA,98506,Thurston,LEVEL III,Level III,General Acute Care,339,Y,-122.847386,47.052942,2024-01-10
0003399163,Pullman Regional Hospital,1125 Washington Ave Ne,Pullman,WA,99163,Whitman,LEVEL IV,Level IV,Critical Access,25,Y,-117.169806,46.712388,2024-01-10
0006798848,Quincy Valley Medical Center,908 10th Ave Sw,Quincy,WA,98848,Grant,LEVEL IV,Level IV,Critical Access,10,Y,-119.868172,47.230907,2024-01-10
0015399204,Sacred Heart Medical Center And Childrens Hospital,101 8th Ave W,Spokane,WA,99220,Spokane,"LEVEL II ADULT, LEVEL II PEDIATRIC",Level II,Children,701,Y,-117.413595,47.649213,2024-01-10
0008498837,Samaritan Healthcare,801 E Wheeler Rd,Moses Lake,WA,98837,Grant,LEVEL III,Level III,General Acute Care,50,Y,-119.265189,47.128163,2024-01-10
0004598105,Seattle Children'S,4800 Sandpoint Way Ne,Seattle,WA,98105,King,LEVEL I PEDIATRIC REHAB,Pediatric,Children,360,N,-122.282083,47.662568,2024-01-10
0002398273,Skagit Valley Hospital,1415 Kincaid St E,Mount Vernon,WA,98273,Skagit,LEVEL III,Level III,General Acute Care,120,Y,-122.324043,48.41787,2024-01-10
0001798672,Skyline Hospital,211 Ne Skyline Dr,White Salmon,WA,98672,Klickitat,LEVEL IV,Level IV,Critical Access,13,Y,-121.470531,45.722379,2024-01-10
0015498065,Snoqualmie Valley Hospital,9801 Frontier Ave Se,Snoqualmie,WA,98065,King,LEVEL V,Level V,Critical Access,25,N,-121.885763,47.51272,2024-01-10
0004399202,St. Luke'S Rehabilitation Institute,711 Cowley St S,Spokane,WA,99202,Spokane,LEVEL III,Level III,Rehabilitation,70,N,-117.409048,47.649035,2024-01-10
0006298383,St. Michael Medical Center,1800 Nw Myhre Rd,Silverdale,WA,98383,Kitsap,LEVEL III,Level III,General Acute Care,68,Y,-122.67509,47.65673,2024-01-10
0015698541,Summit Pacific Medical Center,600 Main Street,Elma,WA,98541,Grays Harbor,LEVEL IV,Level IV,Critical Access,10,Y,-123.391833,47.006904,2024-01-10
0005998020,Swedish Edmonds,21601 76th Ave W,Edmonds,WA,98020,Snohomish,LEVEL IV,Level IV,General Acute Care,176,Y,-122.334357,47.803216,2024-01-10
0006198812,Three Rivers Hospital,507 Hospital Way,Brewster,WA,98812,Okanogan,LEVEL IV,Level IV,Critical Access,10,Y,-119.782633,48.106226,2024-01-10
0004099403,Tri - State Memorial Hospital,1221 Highland Ave,Clarkston,WA,99403,Asotin,LEVEL IV,Level IV,Critical Access,25,Y,-117.054761,46.402554,2024-01-10
0002999336,Trios Health,900 Auburn St S,Kennewick,WA,99336,Benton,LEVEL III,Level III,General Acute Care,74,Y,-119.119217,46.199245,2024-01-10
0009998133,Uw Medical Center - Northwest Seattle Hospital,1550 North 115th St,Seattle,WA,98133,King,LEVEL IV,Level IV,General Acute Care,186,Y,-122.336895,47.714172,2024-01-10
0009898104,Uw Medicine - Harborview Medical Center,325 Ninth Ave,Seattle,WA,98104,King,LEVEL I,Level I,General Acute Care,396,Y,-122.323989,47.60386,2024-01-10
0005798055,Uw Medicine - Valley Medical Center,400 43rd St S,Renton,WA,98055,King,LEVEL III,Level III,General Acute Care,285,Y,-122.213965,47.442778,2024-01-10
0010398902,Virginia Mason Memorial Hospital,2811 Tieton Drive,Yakima,WA,98902,Yakima,LEVEL III,Level III,General Acute Care,226,Y,-120.547947,46.593745,2024-01-10
0008998239,Whidbey Health,101 North Main Street,Coupeville,WA,98239,Island,LEVEL IV,Level IV,Critical Access,25,Y,-122.684327,48.213893,2024-01-10
0001699111,Whitman Hospital And Medical Center,1200 West Fairview Road,Colfax,WA,99111,Whitman,LEVEL V,Level V,Critical Access,21,Y,-117.37605,46.86893,2024-01-10
0001598586,Willapa Harbor Hospital,800 Alder Street,South Bend,WA,98586,Pacific,LEVEL V,Level V,Critical Access,10,Y,-123.812291,46.662821,2024-01-10
0009854736,Adventhealth Durand,1220 3rd Ave W,Durand,WI,54736,Pepin,LEVEL IV,Level IV,Critical Access,25,Y,-91.962333,44.620508,2024-04-22
0010054001,Amery Hospital And Clinic,265 Griffin Street East,Amery,WI,54001,Polk,LEVEL IV,Level IV,Critical Access,25,Y,-92.360916,45.296828,2024-04-22
0010853405,Ascension All Saints Hospital,3801 Spring St,Racine,WI,53405,Racine,LEVEL III,Level III,General Acute Care,314,Y,-87.826503,42.73165,2024-04-22
0000953014,Ascension Calumet Hospital,614 Memorial Drive,Chilton,WI,53014,Calumet,LEVEL IV,Level IV,Critical Access,25,Y,-88.153191,44.025375,2024-04-22
0007653211,Ascension Columbia St Mary'S Hospital Milwaukee,2323 N Lake Dr,Milwaukee,WI,53211,Milwaukee,LEVEL IV,Level IV,General Acute Care,432,Y,-87.88009,43.061163,2024-04-22
0151453097,Ascension Columbia St Mary'S Hospital Ozaukee,13111 N Port Washington Rd,Mequon,WI,53097,Ozaukee,LEVEL III,Level III,General Acute Care,182,Y,-87.926217,43.255979,2024-04-22
0015254904,Ascension Ne Wisconsin - Mercy Campus,500 S Oakwood Rd,Oshkosh,WI,54904,Winnebago,LEVEL III,Level III,General Acute Care,157,Y,-88.601045,44.012421,2024-04-22
0009454915,Ascension Ne Wisconsin - St Elizabeth Campus,1506 S Oneida St,Appleton,WI,54915,Outagamie,LEVEL III,Level III,General Acute Care,332,Y,-88.40251,44.248251,2024-04-22
0008053211,Ascension Sacred Heart Rehabilitation Hospital,"2301 N Lake Drive, 8th Floor",Milwaukee,WI,53211,Milwaukee,LEVEL IV,Level IV,Rehabilitation,31,N,-87.880384,43.061455,2024-04-22
0013753045,Ascension Se Wisconsin Hospital - Elmbrook Campus,19333 W North Ave,Brookfield,WI,53045,Waukesha,LEVEL IV,Level IV,General Acute Care,175,N,-88.154519,43.059376,2024-04-22
0006753132,Ascension Se Wisconsin Hospital - Franklin Campus,10101 S 27th St,Franklin,WI,53132,Milwaukee,LEVEL IV,Level IV,General Acute Care,52,N,-87.954068,42.860013,2024-04-22
0008153210,Ascension Se Wisconsin Hospital - St Joseph Campus,5000 W Chambers St,Milwaukee,WI,53210,Milwaukee,LEVEL IV,Level IV,General Acute Care,538,N,-87.976073,43.07412,2024-04-22
0007853215,Ascension St Francis Hospital,3237 S 16th St,Milwaukee,WI,53215,Milwaukee,LEVEL IV,Level IV,General Acute Care,260,N,-87.934657,42.985658,2024-04-22
0002853901,Aspirus Divine Savior Hospital,2817 New Pinery Road,Portage,WI,53901,Columbia,LEVEL III,Level III,General Acute Care,73,Y,-89.466511,43.56695,2024-04-22
0013054521,Aspirus Eagle River Hospital,201 Hospital Road,Eagle River,WI,54521,Vilas,LEVEL IV,Level IV,Critical Access,25,N,-89.251661,45.928065,2024-04-22
0005654409,Aspirus Langlade Hospital,112 E Fifth Ave,Antigo,WI,54409,Langlade,LEVEL IV,Level IV,Critical Access,25,Y,-89.139545,45.141652,2024-04-22
0150554451,"Aspirus Medford Hospital And Clinics, Inc",135 S Gibson St,Medford,WI,54451,Taylor,LEVEL IV,Level IV,Critical Access,25,Y,-90.356071,45.135116,2024-04-22
0005854452,Aspirus Merrill Hospital,601 S Center Ave,Merrill,WI,54452,Lincoln,LEVEL IV,Level IV,Critical Access,25,Y,-89.681831,45.175633,2024-04-22
0009254501,Aspirus Rhinelander Hospital,2251 North Shore Dr,Rhinelander,WI,54501,Oneida,LEVEL III,Level III,General Acute Care,73,Y,-89.374827,45.63947,2024-04-22
0015454495,Aspirus Riverview Hospital And Clinics Inc,410 Dewey St,Wisconsin Rapids,WI,54495,Wood,LEVEL III,Level III,General Acute Care,99,N,-89.830305,44.381733,2024-04-22
0001154768,Aspirus Stanley Hospital,1120 Pine St,Stanley,WI,54768,Clark,LEVEL IV,Level IV,Critical Access,24,Y,-90.9189,44.953582,2024-04-22
0010354481,Aspirus Stevens Point Hospital,900 Illinois Ave,Stevens Point,WI,54481,Portage,LEVEL III,Level III,General Acute Care,94,N,-89.567096,44.526432,2024-04-22
0151954487,Aspirus Tomahawk Hospital,401 W Mohawk Dr Suite 100,Tomahawk,WI,54487,Lincoln,LEVEL IV,Level IV,Critical Access,18,Y,-89.733975,45.48648,2024-04-22
0005754401,Aspirus Wausau Hospital,333 Pine Ridge Blvd,Wausau,WI,54401,Marathon,LEVEL II,Level II,General Acute Care,325,Y,-89.66789,44.965842,2024-04-22
0000454311,Aurora Baycare Medical Ctr,2845 Greenbrier Rd,Green Bay,WI,54311,Brown,LEVEL II,Level II,General Acute Care,167,Y,-87.940881,44.474956,2024-04-22
0013253121,Aurora Lakeland Medical Center,W3985 County Road Nn,Elkhorn,WI,53121,Walworth,LEVEL III,Level III,General Acute Care,109,Y,-88.496192,42.661895,2024-04-22
0009653024,Aurora Medical Center,975 Port Washington Road,Grafton,WI,53024,Ozaukee,LEVEL III,Level III,General Acute Care,132,Y,-87.928172,43.323652,2024-04-22
0006454143,Aurora Medical Center Bay Area,3003 University Dr,Marinette,WI,54143,Marinette,LEVEL III,Level III,General Acute Care,55,Y,-87.617697,45.071969,2024-04-22
0010653105,Aurora Medical Center Burlington,252 Mchenry St,Burlington,WI,53105,Racine,LEVEL III,Level III,General Acute Care,123,Y,-88.281187,42.672824,2024-04-22
0014353066,Aurora Medical Center Summit,36500 Aurora Drive,Summit,WI,53066,Waukesha,LEVEL II,Level II,General Acute Care,117,Y,-88.467579,43.065912,2024-04-22
0006154241,Aurora Medical Ctr Manitowoc County,5000 Memorial Drive,Two Rivers,WI,54241,Manitowoc,LEVEL III,Level III,General Acute Care,69,Y,-87.619456,44.125368,2024-04-22
0015154904,Aurora Medical Ctr Oshkosh,855 N Westhaven Drive,Oshkosh,WI,54904,Winnebago,LEVEL III,Level III,General Acute Care,84,Y,-88.595218,44.027747,2024-04-22
0013653027,Aurora Medical Ctr Washington County,1032 E Sumner St,Hartford,WI,53027,Washington,LEVEL III,Level III,General Acute Care,71,Y,-88.362462,43.318406,2024-04-22
0012353083,Aurora Sheboygan Memorial Medical Ctr,2629 N 7th St,Sheboygan,WI,53083,Sheboygan,LEVEL IV,Level IV,General Acute Care,185,Y,-87.709995,43.773387,2024-04-22
0007453223,Aurora Sinai Medical Center,945 N 12th St,Milwaukee,WI,53233,Milwaukee,LEVEL IV,Level IV,General Acute Care,386,N,-87.927811,43.04249,2024-04-22
0006853110,Aurora St Lukes Med Ctr South Shore,5900 South Lake Drive,Cudahy,WI,53110,Milwaukee,LEVEL IV,Level IV,General Acute Care,275,N,-87.851173,42.936339,2024-04-22
0007153215,Aurora St Lukes Medical Center,2900 W Oklahoma Ave,Milwaukee,WI,53215,Milwaukee,LEVEL III,Level III,General Acute Care,938,Y,-87.950211,42.989626,2024-04-22
0008453227,Aurora West Allis Medical Center,8901 W Lincoln Ave,West Allis,WI,53227,Milwaukee,LEVEL IV,Level IV,General Acute Care,350,N,-88.023474,43.001425,2024-04-22
0011153511,Beloit Memorial Hospital,1969 W Hart Rd,Beloit,WI,53511,Rock,LEVEL III,Level III,General Acute Care,256,Y,-89.008432,42.548298,2024-04-22
0004854615,Black River Memorial Hospital,711 W Adams St,Black River Falls,WI,54615,Jackson,LEVEL IV,Level IV,Critical Access,25,Y,-90.855151,44.303241,2024-04-22
0000854840,Burnett Medical Center,257 W St George Ave,Grantsburg,WI,54840,Burnett,LEVEL IV,Level IV,Critical Access,25,Y,-92.686895,45.77496,2024-04-22
0007553226,Childrens Hospital Of Wisconsin,9000 W Wisconsin Ave,Milwaukee,WI,53226,Milwaukee,LEVEL I,Level I,Children,298,Y,-88.024153,43.042354,2024-04-22
0017853821,Crossing Rivers Health Medical Center,37868 Us Hwy 18,Prairie Du Chien,WI,53821,Crawford,LEVEL IV,Level IV,Critical Access,25,Y,-91.113127,43.021873,2024-04-22
0001854829,Cumberland Memorial Hospital,1110 7th Avenue,Cumberland,WI,54829,Barron,LEVEL IV,Level IV,Critical Access,25,Y,-92.02859,45.53085,2024-04-22
0002154235,Door County Medical Center,323 South 18th Avenue,Sturgeon Bay,WI,54235,Door,LEVEL IV,Level IV,Critical Access,25,Y,-87.353336,44.832703,2024-04-22
0011253534,Edgerton Hospital And Health Services,11101 N Sherman Road,Edgerton,WI,53534,Rock,LEVEL IV,Level IV,Critical Access,16,Y,-89.044267,42.834713,2024-04-22
0003654880,Essentia Health St Mary'S Hospital - Superior,3500 Tower Ave,Superior,WI,54880,Douglas,LEVEL IV,Level IV,Critical Access,25,N,-92.102632,46.697573,2024-04-22
0014053051,Froedtert Menomonee Falls Hospital,W180 N8085 Town Hall Rd,Menomonee Falls,WI,53051,Waukesha,LEVEL III,Level III,General Acute Care,237,Y,-88.137605,43.164353,2024-04-22
0004953143,Froedtert South - Froedtert Kenosha Hospital,6308 Eighth Ave,Kenosha,WI,53143,Kenosha,LEVEL IV,Level IV,General Acute Care,315,Y,-87.819781,42.578138,2024-04-22
0005253158,Froedtert South - Froedtert Pleasant Prairie Hospital,9555 76th St,Pleasant Prairie,WI,53158,Kenosha,LEVEL III,Level III,General Acute Care,128,Y,-87.924321,42.564516,2024-04-22
0013853095,Froedtert West Bend Hospital,3200 Pleasant Valley Road,West Bend,WI,53095,Washington,LEVEL III,Level III,General Acute Care,70,Y,-88.195097,43.355759,2024-04-22
0151753805,Gundersen Boscobel Area Hospital And Clinics,205 Parker St,Boscobel,WI,53805,Grant,LEVEL IV,Level IV,Critical Access,25,Y,-90.708635,43.133184,2024-04-22
0005354601,Gundersen Lutheran Medical Center,1910 South Ave,La Crosse,WI,54601,La Crosse,LEVEL II,Level II,General Acute Care,325,Y,-91.246967,43.794586,2024-04-22
0012954634,Gundersen St Josephs Hospital And Clinics,400 Water Ave,Hillsboro,WI,54634,Vernon,LEVEL IV,Level IV,Critical Access,25,Y,-90.345204,43.648726,2024-04-22
0012754773,Gundersen Tri - County Hospital And Clinics,18601 Lincoln St,Whitehall,WI,54773,Trempealeau,LEVEL IV,Level IV,Critical Access,25,N,-91.318749,44.364326,2024-04-22
0006054221,Holy Family Memorial,2300 Western Ave,Manitowoc,WI,54221,Manitowoc,LEVEL III,Level III,General Acute Care,167,Y,-87.676496,44.094655,2024-04-22
0009154568,Howard Young Medical Ctr,240 Maple St,Woodruff,WI,54568,Oneida,LEVEL III,Level III,General Acute Care,99,Y,-89.702539,45.893504,2024-04-22
0150654154,Hshs St Clare Memorial Hospital,855 S Main St,Oconto Falls,WI,54154,Oconto,LEVEL III,Level III,Critical Access,25,N,-88.127693,44.865335,2024-04-22
0011754016,Hudson Hospital And Clinic,405 Stageline Road,Hudson,WI,54016,St. Croix,LEVEL IV,Level IV,Critical Access,25,Y,-92.71761,44.96081,2024-04-22
0013354871,Indianhead Medical Center Shell Lake,113 4th Ave,Shell Lake,WI,54871,Washburn,LEVEL IV,Level IV,Critical Access,25,N,-91.926399,45.742352,2024-04-22
0151854020,Ladd Memorial Hospital,2600 65th Avenue,Osceola,WI,54020,Polk,LEVEL IV,Level IV,Critical Access,23,Y,-92.700607,45.301861,2024-04-22
0015354449,Marshfield Medical Center,611 St Joseph Ave,Marshfield,WI,54449,Wood,LEVEL II,Level II,General Acute Care,520,Y,-90.178742,44.677262,2024-04-22
0001753916,Marshfield Medical Center - Beaver Dam,707 S University Ave,Beaver Dam,WI,53916,Dodge,LEVEL IV,Level IV,General Acute Care,125,Y,-88.826118,43.448433,2024-04-22
0195554701,Marshfield Medical Center - Eau Claire,2310 Craig Rd,Eau Claire,WI,54701,Eau Claire,LEVEL III,Level III,General Acute Care,56,Y,-91.520773,44.794877,2024-04-22
0011554848,Marshfield Medical Center - Ladysmith,900 College Ave West,Ladysmith,WI,54848,Rusk,LEVEL IV,Level IV,Critical Access,25,Y,-91.11005,45.454669,2024-04-22
0002654456,Marshfield Medical Center - Neillsville,N3708 River Ave,Neillsville,WI,54456,Clark,LEVEL III,Level III,Critical Access,25,Y,-90.607875,44.557887,2024-04-22
0010554552,Marshfield Medical Center - Park Falls,98 Sherry Ave,Park Falls,WI,54552,Price,LEVEL IV,Level IV,Critical Access,25,Y,-90.441229,45.930688,2024-04-22
0000354868,Marshfield Medical Center - Rice Lake,1700 West Stout Street,Rice Lake,WI,54868,Barron,LEVEL IV,Level IV,General Acute Care,40,Y,-91.759128,45.506461,2024-04-22
0006354476,Marshfield Medical Center - Weston,3400 Ministry Parkway,Weston,WI,54476,Marathon,LEVEL III,Level III,General Acute Care,99,Y,-89.580146,44.890182,2024-04-22
0001054724,Mayo Clinic Health System - Chippewa Valley,1501 Thompson St,Bloomer,WI,54724,Chippewa,LEVEL IV,Level IV,Critical Access,25,Y,-91.501483,45.101677,2024-04-22
0005454601,Mayo Clinic Health System - Franciscan Healthcare,700 West Avenue South,La Crosse,WI,54601,La Crosse,LEVEL III,Level III,General Acute Care,331,Y,-91.240304,43.803948,2024-04-22
0000254812,Mayo Clinic Health System - Northland,1222 E Woodland Ave,Barron,WI,54812,Barron,LEVEL IV,Level IV,Critical Access,25,Y,-91.839526,45.39741,2024-04-22
0012854758,Mayo Clinic Health System - Oakridge,13025 8th St,Osseo,WI,54758,Trempealeau,LEVEL IV,Level IV,Critical Access,18,Y,-91.213177,44.577967,2024-04-22
0006554751,Mayo Clinic Health System - Red Cedar,2321 Stout Rd,Menomonie,WI,54751,Dunn,LEVEL IV,Level IV,Critical Access,25,Y,-91.901567,44.882985,2024-04-22
0003754703,Mayo Clinic Health System In Eau Claire,1221 Whipple St,Eau Claire,WI,54703,Eau Claire,LEVEL II,Level II,General Acute Care,304,Y,-91.512315,44.812805,2024-04-22
0150754656,Mayo Clinic Hlth Systm Franciscan Hlthcare Sparta,310 W Main St,Sparta,WI,54656,Monroe,LEVEL IV,Level IV,Critical Access,25,Y,-90.814384,43.944226,2024-04-22
0005553530,Memorial Hospital Of Lafayette County,800 Clay St,Darlington,WI,53530,Lafayette,LEVEL IV,Level IV,Critical Access,25,Y,-90.110027,42.683644,2024-04-22
0011353548,Mercy Health System Corp,1000 Mineral Point Ave,Janesville,WI,53548,Rock,LEVEL II,Level II,General Acute Care,240,Y,-89.03319,42.687846,2024-04-22
0013553147,Mercy Walworth Hospital And Medical Center,N2950 State Road 67,Lake Geneva,WI,53147,Walworth,LEVEL III,Level III,Critical Access,25,Y,-88.53952,42.598087,2024-04-22
0005053948,Mile Bluff Medical Center,1050 Division St,Mauston,WI,53948,Juneau,LEVEL III,Level III,General Acute Care,40,Y,-90.075156,43.782835,2024-04-22
0000153934,Moundview Memorial Hospital And Clinics,402 W Lake St,Friendship,WI,53934,Adams,LEVEL IV,Level IV,Critical Access,25,Y,-89.82135,43.974554,2024-04-22
0002753925,Prairie Ridge Health,1515 Park Ave,Columbus,WI,53925,Columbia,LEVEL IV,Level IV,Critical Access,25,Y,-89.035371,43.322607,2024-04-22
0013953066,Prohealth Oconomowoc Memorial Hospital,791 E Summit Ave,Oconomowoc,WI,53066,Waukesha,LEVEL III,Level III,General Acute Care,156,Y,-88.486814,43.100061,2024-04-22
0014653188,Prohealth Waukesha Memorial Hospital,725 American Ave,Waukesha,WI,53188,Waukesha,LEVEL III,Level III,General Acute Care,400,Y,-88.242551,43.011177,2024-04-22
0011953959,Reedsburg Area Medical Center,2000 N Dewey Ave,Reedsburg,WI,53959,Sauk,LEVEL III,Level III,Critical Access,25,Y,-89.992939,43.549715,2024-04-22
0011053581,Richland Hospital,333 E Second St,Richland Center,WI,53581,Richland,LEVEL IV,Level IV,Critical Access,25,Y,-90.382274,43.338702,2024-04-22
0152354971,Ripon Medical Center,845 Parkside St,Ripon,WI,54971,Fond Du Lac,LEVEL IV,Level IV,Critical Access,18,N,-88.817752,43.834376,2024-04-22
0009954022,River Falls Area Hospital,1629 E Division St,River Falls,WI,54022,St. Croix,LEVEL IV,Level IV,Critical Access,25,Y,-92.602721,44.864675,2024-04-22
0002554701,Sacred Heart Hospital,900 W Clairemont Ave,Eau Claire,WI,54701,Eau Claire,LEVEL III,Level III,General Acute Care,344,Y,-91.510667,44.794466,2024-04-22
0152453578,Sauk Prairie Hospital,260 26th Street,Prairie Du Sac,WI,53578,Sauk,LEVEL III,Level III,General Acute Care,36,Y,-89.752105,43.287273,2024-04-22
0004453818,Southwest Health Center,1400 East Side Rd,Platteville,WI,53818,Grant,LEVEL IV,Level IV,Critical Access,35,Y,-90.458156,42.719631,2024-04-22
0172054801,Spooner Health System,1280 Chandler Dr,Spooner,WI,54801,Washburn,LEVEL IV,Level IV,Critical Access,25,Y,-91.872068,45.841473,2024-04-22
0012053913,Ssm Health St Clare Hospital - Baraboo,707 14th St,Baraboo,WI,53913,Sauk,LEVEL III,Level III,General Acute Care,100,Y,-89.730524,43.480971,2024-04-22
0011453546,Ssm Health St Mary'S Hospital - Janesville,3400 East Racine Street,Janesville,WI,53546,Rock,LEVEL III,Level III,General Acute Care,50,Y,-88.976889,42.669288,2024-04-22
0001553715,Ssm Health St Mary'S Hospital - Madison,700 South Park St,Madison,WI,53715,Dane,LEVEL II,Level II,General Acute Care,440,Y,-89.401429,43.059338,2024-04-22
0003954935,St Agnes Hospital,430 E Division St,Fond Du Lac,WI,54935,Fond Du Lac,LEVEL III,Level III,General Acute Care,146,Y,-88.430964,43.777577,2024-04-22
0010454024,St Croix Regional Medical Center,235 E State Street,Saint Croix Falls,WI,54024,Polk,LEVEL IV,Level IV,Critical Access,25,Y,-92.642578,45.409032,2024-04-22
0002454729,St Josephs Hospital,2661 County Hwy I,Chippewa Falls,WI,54729,Chippewa,LEVEL III,Level III,General Acute Care,193,Y,-91.359825,44.950625,2024-04-22
0002354303,St Marys Hospital Medical Ctr,1726 Shawano Ave,Green Bay,WI,54303,Brown,LEVEL III,Level III,General Acute Care,158,Y,-88.06609,44.532763,2024-04-22
0012453081,St Nicholas Hospital,3100 Superior Ave,Sheboygan,WI,53081,Sheboygan,LEVEL IV,Level IV,General Acute Care,185,Y,-87.747538,43.762348,2024-04-22
0000754301,St Vincent Hospital,835 S Van Buren St,Green Bay,WI,54301,Brown,LEVEL II,Level II,General Acute Care,517,Y,-88.012345,44.50113,2024-04-22
0003453589,Stoughton Hospital,900 Ridge St,Stoughton,WI,53589,Dane,LEVEL IV,Level IV,Critical Access,35,Y,-89.210744,42.920225,2024-04-22
0004354923,Thedacare Medical Center - Berlin Inc,225 Memorial Drive,Berlin,WI,54923,Green Lake,LEVEL IV,Level IV,Critical Access,25,Y,-88.941226,43.978477,2024-04-22
0172154166,Thedacare Medical Center - Shawano Inc,100 County Rd B,Shawano,WI,54166,Shawano,LEVEL IV,Level IV,Critical Access,25,Y,-88.606696,44.760534,2024-04-22
0014754981,Thedacare Medical Center - Waupaca Inc,800 Riverside Drive,Waupaca,WI,54981,Waupaca,LEVEL IV,Level IV,Critical Access,25,Y,-89.076616,44.345277,2024-04-22
0014854984,Thedacare Medical Center - Wild Rose Inc,601 Grove Ave,Wild Rose,WI,54984,Waushara,LEVEL IV,Level IV,Critical Access,25,Y,-89.246059,44.183561,2024-04-22
0151054961,Thedacare Medical Center New London,1405 Mill St,New London,WI,54961,Outagamie,LEVEL IV,Level IV,Critical Access,25,Y,-88.733701,44.381156,2024-04-22
0009354911,Thedacare Regional Medical Center - Appleton Inc,1818 N Meade St,Appleton,WI,54911,Outagamie,LEVEL III,Level III,General Acute Care,160,Y,-88.393816,44.278461,2024-04-22
0015054956,Thedacare Regional Medical Center - Neenah Inc,130 2nd St,Neenah,WI,54956,Winnebago,LEVEL II,Level II,General Acute Care,182,Y,-88.453385,44.18749,2024-04-22
0187054660,Tomah Memorial Hospital,501 Gopher Dr,Tomah,WI,54660,Monroe,LEVEL IV,Level IV,Critical Access,25,Y,-90.512126,43.959115,2024-04-22
0001353715,Unitypoint Health - Meriter,202 S Park St,Madison,WI,53715,Dane,LEVEL IV,Level IV,General Acute Care,389,Y,-89.401584,43.065212,2024-04-22
0004653533,Upland Hills Health,800 Compassion Way,Dodgeville,WI,53533,Iowa,LEVEL IV,Level IV,Critical Access,25,Y,-90.129463,42.951324,2024-04-22
0013154665,Vernon Memorial Hospital,507 South Main St,Viroqua,WI,54665,Vernon,LEVEL IV,Level IV,Critical Access,25,N,-90.888391,43.551674,2024-04-22
0003553098,Watertown Regional Medical Center,125 Hospital Drive,Watertown,WI,53098,Dodge,LEVEL IV,Level IV,General Acute Care,95,Y,-88.696852,43.199091,2024-04-22
0001953963,Waupun Memorial Hospital,620 W Brown St,Waupun,WI,53963,Dodge,LEVEL IV,Level IV,Critical Access,25,Y,-88.745622,43.631655,2024-04-22
0172254002,Western Wisconsin Health,1100 Bergslien St,Baldwin,WI,54002,St. Croix,LEVEL IV,Level IV,Critical Access,25,N,-92.378301,44.941339,2024-04-22
0011854017,Westfields Hospital And Clinic,535 Hospital Rd,New Richmond,WI,54017,St. Croix,LEVEL IV,Level IV,Critical Access,25,Y,-92.5555,45.117761,2024-04-22
0001125801,Beckley Arh Hospital,306 Stanaford Road,Beckley,WV,25801,Raleigh,LEVEL IV,Level IV,General Acute Care,173,Y,-81.168184,37.798833,2024-04-22
0002325401,Berkeley Medical Center,2500 Hospital Drive,Martinsburg,WV,25401,Berkeley,LEVEL III,Level III,General Acute Care,195,Y,-77.980237,39.476243,2024-04-22
0001324701,Bluefield Regional Medical Center,500 Cherry St,Bluefield,WV,24701,Mercer,LEVEL IV,Level IV,General Acute Care,92,Y,-81.235507,37.255732,2024-04-22
0001425130,Boone Memorial Hospital,701 Madison Avenue,Madison,WV,25130,Boone,LEVEL IV,Level IV,Critical Access,25,N,-81.80619,38.0482,2024-04-22
0001626624,"Braxton County Memorial Hospital, Inc",100 Hoylman Drive,Gassaway,WV,26624,Braxton,LEVEL IV,Level IV,Critical Access,25,Y,-80.748608,38.661159,2024-04-22
0001925701,Cabell Huntington Hospital Inc,1340 Hal Greer Boulevard,Huntington,WV,25701,Cabell,LEVEL II,Level II,General Acute Care,313,Y,-82.427402,38.409767,2024-04-22
0000000120,Camc - Memorial Hospital,3200 Maccorkle Ave Se,Charleston,WV,25304,Kanawha,LEVEL IV,Level IV,General Acute Care,,Y,-81.603061,38.330359,2024-04-22
0002025526,Camc - Teays Valley Hospital,1400 Hospital Drive,Hurricane,WV,25526,Putnam,LEVEL IV,Level IV,General Acute Care,70,Y,-81.952385,38.451796,2024-04-22
0007525302,Camc - Women And Children'S Hospital,800 Pennsylvania Avenue,Charleston,WV,25302,Kanawha,LEVEL IV,Level IV,Children,,Y,-81.637906,38.359232,2024-04-22
0000126101,Camden Clark Medical Center,800 Garfield Ave,Parkersburg,WV,26101,Wood,LEVEL III,Level III,General Acute Care,302,Y,-81.560106,39.269424,2024-04-22
0000225301,Charleston Area Medical Center,501 Morris Street,Charleston,WV,25301,Kanawha,LEVEL I,Level I,General Acute Care,956,Y,-81.6272,38.347922,2024-04-22
0003025271,Jackson General Hospital,122 Pinnell St,Ripley,WV,25271,Jackson,LEVEL IV,Level IV,Critical Access,25,Y,-81.730147,38.822876,2024-04-22
0000825438,Jefferson Medical Center,300 South Preston Street,Ranson,WV,25438,Jefferson,LEVEL IV,Level IV,Critical Access,25,Y,-77.858759,39.295989,2024-04-22
0003125601,Logan Regional Medical Center,20 Hospital Drive,Logan,WV,25601,Logan,LEVEL IV,Level IV,General Acute Care,140,N,-81.994387,37.846096,2024-04-22
0003326505,Mon Health Medical Center,1200 Jd Anderson Dr,Morgantown,WV,26505,Monongalia,LEVEL IV,Level IV,General Acute Care,189,N,-79.946944,39.663616,2024-04-22
0003725550,Pleasant Valley Hospital,2520 Valley Drive,Glen Washington,WV,25550,Mason,LEVEL IV,Level IV,General Acute Care,201,Y,-82.123224,38.869065,2024-04-22
0005824924,Pocahontas Memorial Hospital,150 Duncan Road,Buckeye,WV,24924,Pocahontas,LEVEL IV,Level IV,Critical Access,25,Y,-80.108978,38.200829,2024-04-22
0007626537,Preston Memorial Hospital,150 Memorial Drive,Kingwood,WV,26537,Preston,LEVEL IV,Level IV,Critical Access,25,Y,-79.677512,39.464954,2024-04-22
0004024740,Princeton Community Hospital,"122 12th Street, Po Box 1369",Princeton,WV,24740,Mercer,LEVEL IV,Level IV,General Acute Care,267,Y,-81.113011,37.362719,2024-04-22
0004125801,Raleigh General Hospital,1710 Harper Road,Beckley,WV,25801,Raleigh,LEVEL III,Level III,General Acute Care,300,Y,-81.201932,37.787554,2024-04-22
0001026038,Reynolds Memorial Hospital,800 Wheeling Ave,Glen Dale,WV,26038,Marshall,LEVEL IV,Level IV,General Acute Care,94,N,-80.752438,39.946142,2024-04-22
0004225276,Roane General Hospital,200 Hospital Drive,Spencer,WV,25276,Roane,LEVEL IV,Level IV,Critical Access,60,Y,-81.369034,38.812555,2024-04-22
0001726201,St Joseph'S Hospital,1 Amalia Drive,Buckhannon,WV,26201,Upshur,LEVEL IV,Level IV,Critical Access,51,Y,-80.236389,38.991412,2024-04-22
0001825701,St Mary'S Medical Center,2900 1st Avenue,Huntington,WV,25702,Cabell,LEVEL II,Level II,General Acute Care,393,Y,-82.400413,38.43055,2024-04-22
0004526452,Stonewall Jackson Memorial Hospital,230 Hospital Plaza,Weston,WV,26452,Lewis,LEVEL IV,Level IV,General Acute Care,70,Y,-80.492092,39.04764,2024-04-22
0005925951,Summers County Arh Hospital,115 Summers Hospital Road,Hinton,WV,25951,Summers,LEVEL IV,Level IV,Critical Access,25,Y,-80.860295,37.650636,2024-04-22
0004626651,Summersville Regional Medical Center,400 Fairview Heights Road,Summersville,WV,26651,Nicholas,LEVEL IV,Level IV,Critical Access,77,Y,-80.829293,38.292512,2024-04-22
0002225309,Thomas Memorial Hospital,4605 Maccorkle Avenue Sw,South Charleston,WV,25309,Kanawha,LEVEL IV,Level IV,General Acute Care,241,N,-81.726867,38.354865,2024-04-22
0006026330,United Hospital Center,327 Medical Park Drive,Bridgeport,WV,26330,Harrison,LEVEL IV,Level IV,General Acute Care,292,Y,-80.23946,39.32831,2024-04-22
0004726062,Weirton Medical Center,601 Colliers Way,Weirton,WV,26062,Brooke,LEVEL IV,Level IV,General Acute Care,218,Y,-80.527892,40.393095,2024-04-22
0006326506,West Virginia University Hospitals,1 Medical Center Drive,Morgantown,WV,26506,Monongalia,LEVEL I,Level I,General Acute Care,674,Y,-79.95791,39.654593,2024-04-22
0006426155,Wetzel County Hospital,3 East Benjamin Drive,New Martinsville,WV,26155,Wetzel,LEVEL IV,Level IV,General Acute Care,58,Y,-80.850033,39.681129,2024-04-22
0004926003,Wheeling Hospital,1 Medical Park,Wheeling,WV,26003,Ohio,LEVEL IV,Level IV,General Acute Care,223,Y,-80.685007,40.059119,2024-04-22
0003682716,Campbell County Hospital District Dba Campbell County Health,501 South Burma Ave,Gillette,WY,82717,Campbell,ATH,Other designation,General Acute Care,90,Y,-105.517479,44.289883,2024-04-22
0002682240,Community Hospital,2000 Campbell Dr,Torrington,WY,82240,Goshen,TRF,Other designation,Critical Access,25,Y,-104.192802,42.082861,2024-04-22
0002582729,Crook County Medical Services District,713 Oak St,Sundance,WY,82729,Crook,TRF,Other designation,Critical Access,16,N,-104.373692,44.409026,2024-04-22
0003582930,Evanston Regional Hospital,190 Arrowhead Dr,Evanston,WY,82930,Uinta,CTH,Other designation,General Acute Care,42,Y,-110.990498,41.243348,2024-04-22
0000382443,Hot Springs County Hospital Dba Hot Springs County Memorial Hospital,150 East Arapahoe,Thermopolis,WY,82443,Hot Springs,CTH,Other designation,Critical Access,15,N,-108.199256,43.648015,2024-04-22
0001282072,Ivinson Memorial Hospital,255 North 30th St,Laramie,WY,82072,Albany,CTH,Other designation,General Acute Care,99,Y,-105.556313,41.312356,2024-04-22
0001682834,Johnson County Memorial Hospital Dba Johnson County Healthcare Center,497 West Lott,Buffalo,WY,82834,Johnson,TRF,Other designation,Critical Access,25,N,-106.706492,44.350805,2024-04-22
0002482301,Memorial Hospital Of Carbon County,2221 West Elm St,Rawlins,WY,82301,Carbon,CTH,Other designation,Critical Access,25,Y,-107.262149,41.786886,2024-04-22
0001882633,Memorial Hospital Of Converse County,111 South 5th St,Douglas,WY,82633,Converse,CTH,Other designation,Critical Access,25,N,-105.38071,42.759066,2024-04-22
0001082001,Memorial Hospital Of Laramie County Dba Cheyenne Regional Medical Center,214 East 23rd St,Cheyenne,WY,82001,Laramie,RTC,Other designation,General Acute Care,229,Y,-104.815627,41.140363,2024-04-22
0153482801,Memorial Hospital Of Sheridan County Dba Sheridan Memorial Hospital,1401 West 5th St,Sheridan,WY,82801,Sheridan,ATH,Other designation,General Acute Care,88,Y,-106.976002,44.808373,2024-04-22
0000882902,Memorial Hospital Of Sweetwater County Dba County Of Sweetwater,1200 College Dr,Rock Springs,WY,82901,Sweetwater,ATH,Other designation,General Acute Care,99,Y,-109.235501,41.584951,2024-04-22
0002082225,Niobrara County Hospital District,921 South Ballancee Ave,Lusk,WY,82225,Niobrara,TRF,Other designation,Critical Access,24,N,-104.445526,42.753443,2024-04-22
0000282431,North Big Horn Hospital District,1115 Lane 12,Lovell,WY,82431,Big Horn,TRF,Other designation,Critical Access,18,Y,-108.38973,44.826656,2024-04-22
0002782201,Platte County Memorial Hospital,201 14th St,Wheatland,WY,82201,Platte,TRF,Other designation,Critical Access,25,N,-104.960758,42.050109,2024-04-22
0002382435,Powell Valley Hospital,777 Ave H,Powell,WY,82435,Park,CTH,Other designation,Critical Access,25,Y,-108.771768,44.756922,2024-04-22
0001382501,Riverton Memorial Hospital Llc Dba Sagewest Health Care,2100 West Sunset Dr,Riverton,WY,82501,Fremont,CTH,Other designation,General Acute Care,146,Y,-108.418723,43.034661,2024-04-22
0001182520,Sagewest Health Care - Lander,1320 Bishop Randall Drive,Lander,WY,82520,Fremont,CTH,Other designation,General Acute Care,89,Y,-108.726743,42.820475,2024-04-22
0004282410,South Big Horn County Critical Access Hospital,388 South Us Hwy 20,Basin,WY,82410,Big Horn,TRF,Other designation,Critical Access,10,N,-108.050912,44.433888,2024-04-22
0001983101,South Lincoln Hospital District Dba South Lincoln Medical Center,711 Onyx St,Kemmerer,WY,83101,Lincoln,TRF,Other designation,Critical Access,16,Y,-110.541694,41.789708,2024-04-22
0004183110,Star Valley Health,901 Adams St,Afton,WY,83110,Lincoln,CTH,Other designation,Critical Access,22,Y,-110.930437,42.71733,2024-04-22
0003783001,Teton County Hospital District - St John'S Health - St John'S Medical Center,625 East Broadway,Jackson,WY,83001,Teton,ATH,Other designation,General Acute Care,78,Y,-110.749578,43.480282,2024-04-22
0002882401,Washakie Medical Center,400 South 15th St,Worland,WY,82401,Washakie,CTH,Other designation,Critical Access,18,Y,-107.949411,44.012723,2024-04-22
0000182414,West Park Hospital District Dba Cody Regional Health,707 Sheridan Ave,Cody,WY,82414,Park,CTH,Other designation,Critical Access,25,Y,-109.073283,44.526595,2024-04-22
0002282701,Weston County Hospital District Dba Weston County Health Services,1124 Washington Blvd,Newcastle,WY,82701,Weston,TRF,Other designation,Critical Access,12,N,-104.188044,43.847779,2024-04-22
0000982601,Wyoming Medical Center,1233 East 2nd St,Casper,WY,82601,Natrona,RTC,Other designation,General Acute Care,249,Y,-106.308823,42.848077,2024-04-22
